C1,C2,C3,C4,C5,C6,C7,C8,C9,C10,C11,C12,C13,C14,C15,C16,C17,C18,C19,C20,C21,C22,time
-3.7430084201333087,-3.650340790273403,-3.779496936881005,-3.6619556844988366,-3.6604438710362857,-3.844588658230762,-3.8885562488062164,-3.88404885820334,-4.153635348353105,-3.714347987976535,-3.297503242040964,-3.9363522186007205,-3.9802643756965717,-3.9091621621282826,-3.8312476824095674,-3.9786655665618387,-4.05493196374012,-3.820505112156112,-3.975104841750258,-3.985638315221202,-3.775929976732174,-4.447144538029094,10
-3.742664399028961,-3.6520210113217484,-3.7796268384725686,-3.6613934152334364,-3.6616908115098528,-3.8450753191536453,-3.889195576287664,-3.8838961982745164,-4.154488608687856,-3.7157364394279133,-3.2979430936259204,-3.937606367501672,-3.9793533375255303,-3.9097956457259646,-3.836332829057207,-3.977553640792039,-4.055813175379514,-3.8199588061002716,-3.979422445484474,-3.9876151346863615,-3.774786658132733,-4.444691438316477,11
-3.7417306274600173,-3.656581611310115,-3.7799794285068113,-3.6598672557987784,-3.66507536422382,-3.8463962559443297,-3.8909308937373086,-3.8834818356105667,-4.156804601025039,-3.7195050933673692,-3.299136976499373,-3.941010485947111,-3.9768805196327044,-3.9115151012053864,-3.850135369957942,-3.974535556559725,-4.058205035543583,-3.818475975377276,-3.9911416556202046,-3.9929807875203664,-3.7716833647913948,-4.438033024810802,12
-3.7403545430426264,-3.6633024955034967,-3.7804990348730643,-3.6576181787371764,-3.6700631261180874,-3.8483428996358633,-3.8934882036630993,-3.882871195895272,-4.160217642364044,-3.725058899172883,-3.3008963828391975,-3.9460270815509153,-3.9732363669485387,-3.914049035596112,-3.8704759565484985,-3.970087853480525,-4.061729882101157,-3.8162907511539137,-4.008412070557069,-4.000888065381004,-3.7671100903936314,-4.428220625960332,13
-3.7386835833929375,-3.671463569166889,-3.781129985460657,-3.654887156590947,-3.6761196941325553,-3.850706681261298,-3.896593508572989,-3.882129704812415,-4.164362049704264,-3.7318028062224355,-3.303032804823271,-3.9521186619269644,-3.9688113244034815,-3.91712595592771,-3.895175240265604,-3.9646870711700677,-4.066010052921069,-3.813637264596974,-4.029383288694691,-4.010489759926066,-3.7615568286249195,-4.416305570213335,14
-3.7368651861270994,-3.680344737565287,-3.7818166081589197,-3.651915161902402,-3.6827106652071233,-3.853279031853682,-3.899972810974927,-3.881322788045776,-4.168872140045093,-3.7391417638940077,-3.3053577346294682,-3.958747734689135,-3.9639958369279773,-3.9204743692297415,-3.922053872545983,-3.958809749243983,-4.070667885872149,-3.810749646873245,-4.052204908432692,-4.020938662813338,-3.755513573170733,-4.403339186018073,15
-3.7350467888612613,-3.689225905963684,-3.7825032308571824,-3.648943167213857,-3.6893016362816913,-3.8558513824460667,-3.903352113376865,-3.8805158712791377,-4.173382230385922,-3.7464807215655798,-3.3076826644356654,-3.965376807451306,-3.959180349452473,-3.923822782531773,-3.948932504826362,-3.952932427317897,-4.07532571882323,-3.8078620291495167,-4.075026528170692,-4.0313875657006095,-3.7494703177165465,-4.39037280182281,16
-3.733375829211573,-3.6973869796270766,-3.7831341814447756,-3.646212145067627,-3.6953582042961597,-3.8582151640715012,-3.906457418286755,-3.879774380196281,-4.177526637726143,-3.753224628615132,-3.309819086419739,-3.9714683878273545,-3.954755306907416,-3.92689970286337,-3.9736317885434675,-3.9475316450074405,-4.079605889643142,-3.805208542592577,-4.095997746308314,-4.040989260245671,-3.7439170559478354,-4.378457746075812,17
-3.731999744794182,-3.7041078638204588,-3.783653787811028,-3.6439630680060264,-3.7003459661904268,-3.8601618077630357,-3.9090147282125463,-3.879163740480986,-4.1809396790651485,-3.758778434420646,-3.3115784927595637,-3.9764849834311597,-3.951111154223251,-3.929433637254097,-3.9939723751340246,-3.943083941928241,-4.083130736200717,-3.803023318369215,-4.11326816124518,-4.04889653810631,-3.7393437815500725,-4.3686453472253435,18
-3.7310659732252383,-3.708668463808825,-3.7840063778452713,-3.642436908571368,-3.703730518904394,-3.861482744553719,-3.9107500456621898,-3.8787493778170363,-4.18325567140233,-3.7625470883601015,-3.3127723756330165,-3.9798891018765983,-3.9486383363304243,-3.9311530927335183,-4.0077749160347595,-3.9400658576959264,-4.085522596364784,-3.801540487646219,-4.12498737138091,-4.054262190940314,-3.7362404882087334,-4.361986933719668,19
-3.7307219521208905,-3.7103486848571703,-3.7841362794368343,-3.6418746393059673,-3.704977459377961,-3.8619694054766027,-3.9113893731436375,-3.878596717888213,-4.184108931737081,-3.76393553981148,-3.3132122272179725,-3.9811432507775493,-3.947727298159383,-3.9317865763312,-4.012860062682399,-3.9389539319261266,-4.086403808004178,-3.8009941815903785,-4.129304975115126,-4.0562390104054735,-3.7350971696092925,-4.359533834007051,20
-3.730391711572951,-3.7070922103088404,-3.7774494693992806,-3.6375578531694757,-3.7557870728902496,-3.8550591846021716,-3.92890968375942,-3.8760889982647737,-4.232093710649717,-3.761449153833645,-3.3127248155438473,-3.976580577414883,-3.9455908074326143,-3.929014809703693,-4.004241940530489,-3.9539301850940323,-4.125690136733304,-3.797105864776039,-4.120029315459487,-4.102651611065581,-3.732628276479042,-4.415475998673877,21
-3.7294953443714003,-3.698253207963372,-3.759299556440206,-3.62584086222757,-3.893698880995032,-3.8363028708001448,-3.976464812573687,-3.869282330715438,-4.3623381105554415,-3.7547003918938087,-3.311401840999792,-3.9641961782876445,-3.939791761174241,-3.9214914431433168,-3.9808498946895923,-3.9945800151212048,-4.232324457569503,-3.78655186199426,-4.094852524965608,-4.22862867000016,-3.7259269951255045,-4.5673190170552616,22
-3.728174382179642,-3.6852273097700516,-3.7325523162899916,-3.6085737176816037,-4.096937335044187,-3.808661987302421,-4.046546055036817,-3.8592514522216814,-4.554277226205983,-3.7447548479824704,-3.309452194303291,-3.9459454848369777,-3.931245798267166,-3.9104043766332888,-3.946377406081955,-4.054485027792828,-4.389469772486008,-3.770998594736902,-4.057749886343052,-4.41427907264059,-3.7160514226045027,-4.791087675722564,23
-3.7265703566610777,-3.669410147678162,-3.7000735246790164,-3.58760647073293,-4.343726886389589,-3.775098057340899,-4.13164470659919,-3.8470710997649755,-4.787346152353069,-3.7326781160901303,-3.3070847661718252,-3.923783928504025,-3.9208685575942877,-3.896941510156826,-3.904517955629823,-4.127226828894085,-4.58028908345605,-3.7521124844958242,-4.012696682301375,-4.639711704418257,-3.7040596559718573,-5.062806761247148,24
-3.7248247994791104,-3.652197353636988,-3.664728957337661,-3.564789172582903,-4.612291986383112,-3.738572604147478,-4.224252062711184,-3.833816010326796,-5.040979983748426,-3.7195357902072903,-3.3045084473228767,-3.8996669407299294,-3.909575678038509,-3.882290743697146,-3.858965024255445,-4.206387024210158,-4.787945392452858,-3.731559952762886,-3.9636681955501394,-4.885035450764539,-3.6910097922833893,-5.3585010602003695,25
-3.7230792422971435,-3.6349845595958135,-3.6293843899963054,-3.541971874432876,-4.880857086376636,-3.7020471509540567,-4.316859418823176,-3.820560920888617,-5.294613815143784,-3.7063934643244503,-3.3019321284739283,-3.875549952955834,-3.8982827984827306,-3.8676399772374657,-3.813412092881067,-4.285547219526231,-4.995601701449667,-3.7110074210299486,-3.9146397087989033,-5.130359197110823,-3.6779599285949223,-5.654195359153592,26
-3.72147521677858,-3.619167397503924,-3.5969055983853306,-3.521004627484203,-5.127646637722039,-3.668483220992535,-4.401958070385549,-3.808380568431912,-5.52768274129087,-3.6943167324321102,-3.2995647003424624,-3.853388396622882,-3.887905557809853,-3.8541771107610034,-3.771552642428935,-4.358289020627488,-5.186421012419709,-3.692121310788871,-3.8695865047572275,-5.355791828888489,-3.665968161962277,-5.925914444678175,27
-3.720154254586821,-3.606141499310603,-3.5701583582351155,-3.503737482938236,-5.330885091771191,-3.640842337494811,-4.472039312848679,-3.798349689938154,-5.71962185694141,-3.6843711885207715,-3.29761505364596,-3.8351377031722147,-3.879359594902777,-3.843090044250975,-3.7370801538212977,-4.418194033299111,-5.343566327336212,-3.6765680435315127,-3.8324838661346696,-5.541442231528919,-3.656092589441274,-6.1496831033454775,28
-3.7192578873852704,-3.5973024969651353,-3.552008445276041,-3.4920204919963305,-5.468796899875975,-3.622086023692784,-4.519594441662946,-3.7915430223888187,-5.849866256847136,-3.677622426580935,-3.296292079101906,-3.822753304044977,-3.873560548644404,-3.835566677690599,-3.7136881079804005,-4.458843863326284,-5.450200648172412,-3.666014040749734,-3.807307075640792,-5.6674192904634975,-3.6493913080877367,-6.301526121726863,29
-3.7189276468373307,-3.5940460224168054,-3.5453216352384875,-3.487703705859839,-5.519606513388263,-3.615175802818353,-4.537114752278729,-3.7890353027653796,-5.89785103575977,-3.6751360406031,-3.2958046674277806,-3.81819063068231,-3.8714240579176353,-3.832794911063092,-3.7050699858284912,-4.473820116494189,-5.489486976901538,-3.6621257239353944,-3.798031415985153,-5.713831891123605,-3.646922414957486,-6.357468286393688,30
-3.7211486477169937,-3.5863392339718625,-3.5854899346257185,-3.484447531101635,-5.463039183395696,-3.6647944994588166,-4.513989277507389,-3.8144399482530944,-5.832921586107999,-3.678397013534731,-3.301031129835306,-3.811031597206727,-3.929155784435997,-3.8265250974999003,-3.694357520787856,-4.448183454929685,-5.488575486319858,-3.708823042465096,-3.791920963281226,-5.651982041639216,-3.6658572928683646,-6.281369617374785,31
-3.7271770786760787,-3.5654208081927323,-3.6945181758196313,-3.4756093424722247,-5.309499287701583,-3.799473818911503,-4.451220131699467,-3.8833954145768925,-5.656684508481763,-3.6872482257777284,-3.3152172420843034,-3.7915999349158587,-4.085856184985834,-3.809507032114094,-3.6652808299632746,-4.378598230683172,-5.4861014404552995,-3.8355729070457145,-3.7753354487991393,-5.484103878753017,-3.7172519614836057,-6.0748160871806185,32
-3.7360610821947304,-3.5345936544129612,-3.855191373368555,-3.462584643439409,-5.083229967731313,-3.997948605473356,-4.358718232614106,-3.9850139965277522,-5.396966709874677,-3.7002921175042514,-3.3361230917144047,-3.7629638010135262,-4.31678309105928,-3.784427777861327,-3.6224309698007335,-4.2760515844251525,-5.48245547812858,-4.022362181164521,-3.750893637983433,-5.23670448081546,-3.7929914731271186,-5.770421411105007,33
-3.746848800753094,-3.497160681966097,-4.05029454182082,-3.446768937470991,-4.808474364910272,-4.238953703441322,-4.246394498010456,-4.108407988896654,-5.081595097280361,-3.7161311288864587,-3.361508766265243,-3.7281913527035524,-4.5971943341484645,-3.7539743976972533,-3.5703989967462197,-4.1515306568261305,-5.478028238160423,-4.249177728308787,-3.721214296278646,-4.9362909261770005,-3.8849608801228137,-5.4007993044417635,34
-3.7585883768313124,-3.456424800185685,-4.262612695724755,-3.429557728034771,-4.509475620663845,-4.501223957112341,-4.124159845647659,-4.242689686474576,-4.738396577692429,-3.7333677000965064,-3.3891343532764484,-3.6903507471897568,-4.902347745745516,-3.7208339545775253,-3.513775967245719,-4.0160225885566065,-5.473210359371545,-4.496006411965779,-3.688916189129319,-4.609370293188088,-3.9850452347945984,-4.998563482484705,35
-3.770327952909531,-3.415688918405274,-4.474930849628691,-3.4123465185985506,-4.210476876417417,-4.763494210783362,-4.001925193284863,-4.376971384052498,-4.395198058104494,-3.750604271306555,-3.416759940287654,-3.6525101416759607,-5.207501157342568,-3.6876935114577973,-3.4571529377452186,-3.880514520287082,-5.468392480582667,-4.742835095622774,-3.6566180819799925,-4.282449660199175,-4.0851295894663835,-4.596327660527646,36
-3.781115671467894,-3.378255945958409,-4.670034018080956,-3.3965308126301323,-3.935721273596375,-5.004499308751327,-3.889601458681212,-4.5003653764214,-4.079826445510178,-3.766443282688762,-3.4421456148384912,-3.6177376933659864,-5.487912400431752,-3.6572401312937237,-3.405120964690705,-3.75599359268806,-5.46396524061451,-4.969650642767038,-3.626938740275206,-3.9820361055607147,-4.177098996462078,-4.226705553864403,37
-3.789999674986546,-3.347428792178638,-4.8307072156298805,-3.3835061135973175,-3.7094519536261057,-5.202974095313181,-3.7970995595958525,-4.60198395837226,-3.820108646903093,-3.779487174415285,-3.4630514644685935,-3.5891015594636544,-5.718839306505198,-3.632160877040957,-3.362271104528164,-3.6534469464300416,-5.460319278287791,-5.156439916885845,-3.6024969294594995,-3.734636707623159,-4.252838508105592,-3.922310877788791,38
-3.796028105945631,-3.326510366399508,-4.939735456823793,-3.3746679249679064,-3.555912057931994,-5.337653414765866,-3.734330413787929,-4.670939424696058,-3.643871569276857,-3.7883383866582823,-3.4772375767175903,-3.5696698971727865,-5.875539707055035,-3.6151428116551503,-3.3331944137035823,-3.5838617221835287,-5.4578452324232325,-5.283189781466463,-3.5859114149774127,-3.5667585447369596,-4.304233176720833,-3.7157573475946255,39
-3.7982491068252937,-3.318803577954565,-4.979903756211023,-3.371411750209703,-3.4993447279394267,-5.387272111406329,-3.7112049390165898,-4.696344070183772,-3.5789421196250863,-3.791599359589913,-3.482464039125116,-3.562510863697203,-5.933271433573396,-3.6088729980919587,-3.322481948662947,-3.558225060619024,-5.456933741841552,-5.3298870999961645,-3.579800962273486,-3.5049086952525714,-4.323168054631711,-3.639658678575723,40
-3.8048833624800107,-3.3268489567032495,-4.985358852670596,-3.363231095519353,-3.4981152857100515,-5.39282261537532,-3.753141672600985,-4.665101773699698,-3.638162989143803,-3.7836337958534214,-3.470949247161191,-3.5642218247086825,-5.870303540263117,-3.675008322782605,-3.325906363570459,-3.5555241133240405,-5.40680923551609,-5.330126766240951,-3.6071717898108404,-3.50685546295957,-4.29944144675734,-3.709899193516568,41
-3.822890627828527,-3.3486864133068206,-5.000165543060865,-3.3410264613598324,-3.494778228230318,-5.407888269005439,-3.866969949472917,-4.580301254671497,-3.798905349266036,-3.762012979997229,-3.4396948118305386,-3.5688658617398397,-5.699390686992356,-3.854518489800076,-3.3352012040337065,-3.5481929706662263,-5.270757004061262,-5.330777288905372,-3.6814640359836606,-3.5121395467357095,-4.235040653955476,-3.9005520197845787,42
-3.8494276504473937,-3.380867928301558,-5.021985928899156,-3.308303842598433,-3.4898604593128164,-5.430090284881404,-4.034716883810501,-4.455332068735198,-4.035788827340906,-3.730150725051262,-3.3936356439748403,-3.5757097057857554,-5.447519113751232,-4.119059788562666,-3.3488988636637553,-3.53738918148629,-5.07025897875941,-5.331735953884517,-3.7909473461330796,-3.519926617563703,-4.140134222457992,-4.181514079547963,43
-3.881651177913161,-3.419945482223739,-5.048482111702796,-3.268569234102449,-3.4838888827701364,-5.457049875587932,-4.238409589791852,-4.303583771526839,-4.323433050717533,-3.6914608440454457,-3.3377066544357783,-3.5840200878415116,-5.141675060529874,-4.440288508488664,-3.365531736071672,-3.5242702946249396,-4.826797090892879,-5.332900047073481,-3.923891365600231,-3.5293823464262686,-4.024890698496764,-4.522682294974928,44
-3.916717957802377,-3.462471055609641,-5.07731619298911,-3.225328630739172,-3.477390402414866,-5.486388253709743,-4.460075181595085,-4.138445918682446,-4.636457646745036,-3.6493571500097035,-3.2768427540550347,-3.5930637389021856,-4.808844767318393,-4.789860938996368,-3.3836322148685216,-3.509993858922881,-4.561853271744006,-5.334166854367352,-4.068565739726249,-3.5396724043061187,-3.8994786283036613,-4.893953588233682,45
-3.951784737691594,-3.504996628995544,-5.106150274275423,-3.182088027375895,-3.4708919220595966,-5.515726631831553,-4.68174077339832,-3.9733080658380535,-4.9494822427725405,-3.6072534559739617,-3.215978853674291,-3.602107389962861,-4.476014474106914,-5.139433369504072,-3.4017326936653713,-3.495717423220823,-4.296909452595133,-5.335433661661224,-4.213240113852266,-3.5499624621859684,-3.7740665581105595,-5.265224881492436,46
-3.9840082651573607,-3.544074182917725,-5.132646457079063,-3.1423534188799107,-3.4649203455169157,-5.542686222538081,-4.885433479379672,-3.821559768629692,-5.237126466149168,-3.5685635749681444,-3.1600498641352286,-3.610417772018616,-4.170170420885551,-5.460662089430073,-3.4183655660732883,-3.4825985363594714,-4.053447564728599,-5.336597754850187,-4.346184133319419,-3.5594181910485334,-3.6588230341493295,-5.606393096919404,47
-4.010545287776227,-3.576255697912462,-5.154466842917355,-3.109630800118511,-3.460002576599414,-5.564888238414046,-5.053180413717255,-3.6965905826933945,-5.474009944224038,-3.536701320022177,-3.1139906962795303,-3.617261616064532,-3.9182988476444294,-5.725203388192662,-3.4320632257033368,-3.471794747179535,-3.8529495394267483,-5.337556419829333,-4.455667443468837,-3.5672052618765275,-3.5639166026518456,-5.887355156682787,48
-4.028552553124745,-3.5980931545160333,-5.169273533307623,-3.0874261659589908,-3.4566655191196807,-5.5799538920441645,-5.167008690589186,-3.611790063665193,-5.63475230434627,-3.5150805041659856,-3.082736260948878,-3.621905653095689,-3.7473859943736705,-5.904713555210131,-3.4413580661665844,-3.464463604521721,-3.716897307971922,-5.338206942493754,-4.5299596896416565,-3.572489345652667,-3.499515809849983,-6.078007982950795,49
-4.035186808779461,-3.606138533264718,-5.174728629767197,-3.079245511268641,-3.4554360768903054,-5.585504396013156,-5.2089454241735815,-3.5805477671811192,-5.693973173864986,-3.507114940429494,-3.0712214689849535,-3.6236166141071684,-3.6844181010633905,-5.970848879900777,-3.444782481074096,-3.4617626572267373,-3.66677280164646,-5.33844660873854,-4.557330517179011,-3.5744361133596656,-3.475789201975612,-6.1482484978916405,50
-4.022287485207043,-3.5992892115945403,-5.173119512439244,-3.096018832841741,-3.4567661003099888,-5.527823515002117,-5.215951035654566,-3.64858654723164,-5.6357278926366465,-3.501068313293388,-3.0807768352864335,-3.627179977955384,-3.6842059222170214,-5.905574386278588,-3.443762878654216,-3.465003059504169,-3.667863354220532,-5.283880693986905,-4.529390374961475,-3.5762422737548687,-3.4810830465107228,-6.098185016997883,51
-3.987275035510481,-3.58069819563263,-5.168751908263371,-3.141546419968726,-3.4603761638777,-5.371261123686441,-5.234966266817238,-3.8332632359401937,-5.47763355787401,-3.4846560396382436,-3.106712829533306,-3.6368519655433977,-3.6836300082054474,-5.728400760732647,-3.4409953863716845,-3.4737984371143398,-3.670823425493014,-5.135773211089615,-4.453552846085303,-3.5811447091132758,-3.4954520531060225,-5.962298426000544,52
-3.9356777412208115,-3.553300908951921,-5.162315438951559,-3.2086397062611254,-3.465696257556433,-5.140537599642288,-5.2629887127411745,-4.105418356142273,-5.2446524329606525,-3.4604695310938207,-3.144934294739224,-3.651105420936261,-3.6827812928199712,-5.467302786243893,-3.436916976692165,-3.4867600462240658,-3.6751856357893042,-4.917509552083081,-4.341792277215158,-3.5883693506940872,-3.516627431246465,-5.762044502425519,53
-3.873023883869069,-3.5200327751253444,-5.1544997262157874,-3.290110125330467,-3.47215637130918,-4.860373320445815,-5.2970159685059555,-4.435892430673372,-4.961746781280144,-3.4311001992898778,-3.1913460739178388,-3.6684131881990227,-3.681750709851892,-5.150255245793261,-3.431964622081319,-3.502499143000162,-3.680482605434799,-4.652475109003717,-4.206083015015694,-3.5971421297565005,-3.5423403904170017,-5.5188790237987,54
-3.80484174498629,-3.483829217725835,-5.145994391768037,-3.37876911078828,-3.4791864950989337,-4.5554886636731835,-5.3340456291911575,-4.795525982368975,-4.653878866216065,-3.399139455856176,-3.241853010082801,-3.687248111396734,-3.6806291930925115,-4.805232922361692,-3.4265752950048105,-3.5196269836094425,-3.686246954754896,-4.3640552738879395,-4.0583994061515725,-3.606688977559715,-3.5703221401025855,-5.254257767645988,55
-3.7366596061035118,-3.447625660326326,-5.137489057320285,-3.4674280962460937,-3.4862166188886876,-4.25060400690055,-5.3710752898763605,-5.155159534064583,-4.346010951151983,-3.367178712422474,-3.292359946247765,-3.706083034594446,-3.679507676333132,-4.4602105989301215,-3.4211859679283023,-3.5367548242187237,-3.6920113040749936,-4.075635438772161,-3.9107157972874496,-3.6162358253629296,-3.59830388978817,-4.9896365114932735,56
-3.6740057487517697,-3.41435752649975,-5.129673344584513,-3.5488985153154355,-3.4926767326414345,-3.970439727704079,-5.4051025456411415,-5.485633608595678,-4.063105299471477,-3.3378093806185314,-3.338771725426379,-3.7233908018572075,-3.6784770933650526,-4.143163058479491,-3.4162336133174565,-3.5524939209948196,-3.6973082737204876,-3.8106009956927984,-3.775006535087987,-3.6250086044253433,-3.624016848958707,-4.746471032866457,57
-3.622408454462099,-3.3869602398190404,-5.123236875272702,-3.6159918016078345,-3.497996826320167,-3.739716203659924,-5.4331249915650774,-5.757788728797759,-3.8301241745581174,-3.3136228720741085,-3.3769931906322967,-3.7376442572500705,-3.677628377979576,-3.8820650839907342,-3.412155203637937,-3.5654555301045456,-3.7016704840167773,-3.592337336686263,-3.66324596621784,-3.632233246006154,-3.6451922270991486,-4.54621710929143,58
-3.5873960047655378,-3.36836922385713,-5.118869271096829,-3.6615193887348196,-3.5016068898878783,-3.583153812344249,-5.45214022272775,-5.942465417506312,-3.6720298397954823,-3.297210598418964,-3.4029291848791696,-3.7473162448380846,-3.677052463968002,-3.704891458444795,-3.4093877113554054,-3.574250907714717,-3.7046305552892598,-3.444229853788973,-3.58740843734167,-3.6371356813645614,-3.6595612336944483,-4.410330518294091,59
-3.57449668119312,-3.3615199021869526,-5.117260153768876,-3.678292710307919,-3.5029369133075616,-3.525472931333211,-5.459145834208734,-6.010504197556831,-3.613784558567143,-3.291163971282858,-3.412484551180649,-3.7508796086863,-3.676840285121633,-3.6396169648226064,-3.4083681089355253,-3.577491309992148,-3.705721107863332,-3.3896639390373395,-3.5594682951241334,-3.638941841759764,-3.664855078229559,-4.360267037400335,60
-3.5814572456139024,-3.374010413038988,-5.071175720750282,-3.671687190421175,-3.5066511509575253,-3.5392876549229944,-5.413008214543119,-5.945510367154363,-3.6433312060749663,-3.300198840602626,-3.4223482505585143,-3.797762198637751,-3.7000954207667824,-3.6581853085326776,-3.413744711196094,-3.5978473960298505,-3.732246451035385,-3.422188525854698,-3.5891252972707837,-3.665323720261272,-3.6729481131909396,-4.366228420450477,61
-3.6003502061845962,-3.407913228208797,-4.946089402556956,-3.6537579221571557,-3.516732653150284,-3.576784761809547,-5.287777532593593,-5.769098541776238,-3.7235292493104843,-3.3247220573277083,-3.4491211488698603,-3.9250149427916887,-3.7632165032321865,-3.70858509860287,-3.4283383459033505,-3.653099629560756,-3.804243811073813,-3.5104695472160974,-3.6696228745259765,-3.736931676193935,-3.694914922371828,-4.382409317300859,62
-3.628192463867725,-3.457875271616937,-4.761751670482579,-3.6273358426101794,-3.531589603750139,-3.6320436561686784,-5.103227053931134,-5.509123220166366,-3.8417158393417754,-3.3608615346067783,-3.4885759463813186,-4.112545302597494,-3.856237045812784,-3.782858473443154,-3.449844754945624,-3.7345239737115654,-3.910345183762024,-3.64056789448553,-3.788250883112577,-3.8424591901999654,-3.7272870622173486,-4.4062548495014235,63
-3.6620009196258096,-3.5185434671839646,-4.5379129958208395,-3.595251888874566,-3.5496301866213917,-3.6991437421761955,-4.879130044126722,-5.193438901068669,-3.9852281272369146,-3.404745185588506,-3.536485343359518,-4.34026073950454,-3.9691905618035084,-3.8730475714634993,-3.4759596802112416,-3.8333963916089764,-4.039182564883422,-3.798544459026983,-3.932299179253449,-3.970599742921573,-3.7665960891726233,-4.43521013860211,64
-3.6987924744213725,-3.5845647388304345,-4.294323849865416,-3.560336998044634,-3.569262585628343,-3.772164424007904,-4.6352597687513315,-4.849900083227056,-4.141403264063976,-3.452500923421562,-3.5886220400710878,-4.588068714962208,-4.092110564499296,-3.9711945310738734,-3.5043788635885313,-3.9409928463796877,-4.179387950221413,-3.9704601322044457,-4.089057619171455,-4.1100468150009695,-3.809373559682775,-4.4667203061528555,65
-3.7355840292169353,-3.650586010476906,-4.05073470390999,-3.525422107214701,-3.5888949846352944,-3.8451851058396134,-4.391389493375939,-4.506361265385442,-4.297578400891041,-3.5002566612546184,-3.640758736782658,-4.8358766904198784,-4.215030567195086,-4.069341490684249,-3.532798046965822,-4.0485893011504,-4.319593335559406,-4.14237580538191,-4.245816059089464,-4.249493887080368,-3.8521510301929274,-4.498230473703602,66
-3.76939248497502,-3.7112542060439324,-3.8268960292482506,-3.493338153479088,-3.606935567506547,-3.91228519184713,-4.1672924835715275,-4.190676946287744,-4.441090688786178,-3.5441403122363457,-3.6886681337608573,-5.063592127326925,-4.327984083185809,-4.159530588704594,-3.558912972231439,-4.1474617190478105,-4.448430716680804,-4.300352369923362,-4.389864355230334,-4.377634439801974,-3.891460057148202,-4.5271857628042875,67
-3.7972347426581483,-3.7612162494520724,-3.6425582971738746,-3.466916073932112,-3.621792518106402,-3.967544086206261,-3.9827420049090683,-3.9307016246778734,-4.559277278817469,-3.5802797895154153,-3.728122931272315,-5.2511224871327284,-4.421004625766407,-4.233803963544878,-3.580419381273713,-4.228886063198619,-4.5545320893690135,-4.430450717192794,-4.508492363816934,-4.483161953808005,-3.9238321969937227,-4.551031295004853,68
-3.8161277032288425,-3.7951190646218818,-3.5174719789805495,-3.4489868056680923,-3.6318740202991604,-4.005041193092814,-3.857511322959544,-3.7542897992997486,-4.639475322052988,-3.604803006240498,-3.754895829583662,-5.3783752312866655,-4.484125708231812,-4.28420375361507,-3.5950130159809697,-4.284138296729525,-4.626529449407442,-4.518731738554194,-4.588989941072127,-4.554769909740667,-3.9457990061746115,-4.567212191855235,69
-3.8230882676496245,-3.8076095754739168,-3.471387545961956,-3.4423812857813485,-3.635588257949124,-4.018855916682597,-3.81137370329393,-3.6892959688972815,-4.66902196956081,-3.6138378755602654,-3.7647595289615263,-5.425257821238116,-4.50738084387696,-4.302772097325141,-3.600389618241538,-4.304494382767227,-4.6530547925794945,-4.5512563253715514,-4.618646943218777,-4.581151788242175,-3.9538920411359912,-4.573173574905376,70
-3.8190587359406787,-3.8027799224353602,-3.4702203592965866,-3.4417115590765586,-3.633985394670321,-4.014479986395138,-3.8091607019961207,-3.687366930859198,-4.660322625401418,-3.6140810735939244,-3.7627000503045744,-5.411249157526742,-4.500563871839403,-4.297243591889888,-3.6002919849491453,-4.299173804959087,-4.6463204965936695,-4.557098576185731,-4.6247159620264116,-4.590621873487363,-3.968685513571911,-4.5870176291450795,71
-3.8075259382909374,-3.7889571223594927,-3.4668797905646676,-3.4397947550594012,-3.629397889424092,-4.001955772124133,-3.802826939661011,-3.681845890957098,-4.635424502462468,-3.614777123138535,-3.756805680355368,-5.371155395870048,-4.4810532277319135,-4.281420628057957,-3.600012551732989,-4.28394594433579,-4.627046477048031,-4.573819500929762,-4.642085912406883,-4.617725910568419,-4.0110254519229915,-4.626640267141473,72
-3.7893235709160438,-3.7671404138060147,-3.4616073266624814,-3.4367694378756943,-3.6221573690957056,-3.9821886387566447,-3.7928302786260786,-3.673131960509204,-4.596127465052798,-3.615875707359547,-3.7475025181463786,-5.307874880484182,-4.450259319562261,-4.25644703454009,-3.5995715185845967,-4.259911610099019,-4.5966260365603375,-4.600210358055884,-4.669501135296543,-4.660504571503579,-4.077851137754214,-4.6891772018104785,73
-3.765285330031643,-3.7383290353346275,-3.454644454486312,-3.432774171671258,-3.6125954605704322,-3.9560839511797328,-3.779628581228802,-3.661624250833741,-4.544231377481251,-3.6173265094224103,-3.73521666271008,-5.224305955585292,-4.409592555338216,-4.22346664004703,-3.5989890854954987,-4.22817161145046,-4.556452477748345,-4.635062406016334,-4.705705971631743,-4.71699852831108,-4.166101852630562,-4.771764146068019,74
-3.7362449118533787,-3.703522225505033,-3.446232660932443,-3.4279475205919097,-3.6010437907335415,-3.9245470742804582,-3.7636797098066594,-3.6477218732489343,-4.481536104056665,-3.619079212492575,-3.7203742130789452,-5.123346965389523,-4.36046334306755,-4.183623273289518,-3.5982854524572248,-4.1898267575917965,-4.507919103229811,-4.677166903263352,-4.749444762348834,-4.78524845300916,-4.272716878117016,-4.871536812830019,75
-3.7030360125968933,-3.6637192228769315,-3.436613432897157,-3.422428048783468,-3.5878339864703026,-3.88848337294588,-3.7454415266971264,-3.631823939073006,-4.4098415090878795,-3.621083499735489,-3.7034012682854454,-5.007896254113019,-4.30428209075803,-4.138060762978295,-3.5974808194613033,-4.145977857724711,-4.45241921562249,-4.725315108249177,-4.799461848384168,-4.863295017616055,-4.394635495778561,-4.985630915012403,76
-3.6664923284778332,-3.6199192660100254,-3.4260282572767387,-3.4163543203917524,-3.5732976746659855,-3.8487982120630604,-3.7253718942376834,-3.614329559624182,-4.330947456883736,-3.623289054316605,-3.6847239273620556,-4.880852165971931,-4.242459206417431,-4.087922937824105,-3.5965953864992644,-4.09772572105089,-4.391346117544144,-4.778298279426046,-4.854501570674096,-4.949178894150002,-4.5287969871801765,-5.111182165531093,77
-3.6274475557118415,-3.5731215934640153,-3.41471862096747,-3.4098648995625807,-3.55776648220586,-3.806396956519059,-3.7039286747658062,-3.595637846220685,-4.246653811753072,-3.625645559401372,-3.6647682893412465,-4.7451130451824035,-4.17640509805352,-4.03435362653769,-3.5956493535626377,-4.046171156772017,-4.326093111612526,-4.8349076752462015,-4.913308270154971,-5.04094075462924,-4.672140633886847,-5.245326277302014,78
-3.586735390514561,-3.5243254437986025,-3.4029260108656345,-3.4030983504417716,-3.5415720359751948,-3.762184971200936,-3.681569730618974,-3.57614791018074,-4.1587604380047285,-3.6281026981552387,-3.6439604532554926,-4.603577235960582,-4.107530173674068,-3.9784966578297896,-3.5946629206429517,-3.9924149740897743,-4.258053500445394,-4.893934554161877,-4.974626287763142,-5.136621271072002,-4.82160571746355,-5.385198963241086,79
-3.5451895291016378,-3.4745300555734886,-3.3908919138675158,-3.396193237175144,-3.5250459628592603,-3.7170676209957536,-3.6587529241346637,-3.5562588628225704,-4.069067199947546,-3.630610153743655,-3.6227265181372656,-4.4591430825226155,-4.037244841286847,-3.9214958604111474,-3.5936562877317364,-3.937557982205848,-4.188620586660505,-4.954170174625315,-5.0371999644349605,-5.234261115496528,-4.974131519475272,-5.527935936264235,80
-3.5036436676887126,-3.4247346673483734,-3.378857816869396,-3.389288123908516,-3.508519889743325,-3.6719502707905693,-3.6359361176503526,-3.5363698154644005,-3.979373961890362,-3.6331176093320714,-3.601492583019038,-4.314708929084645,-3.9669595088996235,-3.8644950629925043,-3.5926496548205207,-3.882700990321921,-4.119187672875615,-5.014405795088752,-5.09977364110678,-5.331900959921054,-5.126657321486997,-5.6706729092873855,81
-3.4629315024914336,-3.375938517682962,-3.3670652067675615,-3.3825215747877078,-3.4923254435126614,-3.6277382854724483,-3.6135771735035216,-3.5168798794244562,-3.891480588142021,-3.6355747480859386,-3.5806847469332848,-4.173173119862828,-3.898084584520174,-3.808638094284606,-3.591663221900835,-3.828944807639681,-4.051148061708485,-5.073432674004428,-5.161091658714951,-5.427581476363816,-5.276122405063699,-5.810545595226456,82
-3.423886729725441,-3.3291408451369513,-3.3557555704582924,-3.376032153958536,-3.476794251052535,-3.5853370299284464,-3.5921339540316444,-3.4981881660209595,-3.807186943011356,-3.6379312531707044,-3.5607291089124757,-4.037433999073299,-3.832030476156262,-3.7550687829981886,-3.5907171889642084,-3.7773902433608066,-3.985895055776866,-5.130042069824582,-5.219898358195826,-5.519343336843053,-5.419466051770369,-5.944689706997377,83
-3.3873430456063813,-3.2853408882700452,-3.3451703948378735,-3.3699584255668205,-3.4622579392482185,-3.545651869045626,-3.572064321572201,-3.480693786572135,-3.728292890807212,-3.6401368077518206,-3.542051767989086,-3.910389910932211,-3.7702075918156623,-3.7049309578439993,-3.5898317560021695,-3.7291381066869858,-3.9248219576985193,-5.1830252410014515,-5.274938080485753,-5.605227213377001,-5.553627543171985,-6.0702409575160665,84
-3.3541341463498964,-3.2455378856419443,-3.3355511668025875,-3.3644389537583788,-3.449048134984979,-3.5095881677110485,-3.5538261384626684,-3.464795852396207,-3.6565982958384273,-3.6421410949947353,-3.525078823195586,-3.794939199655709,-3.7140263395061437,-3.659368447532777,-3.5890271230062476,-3.685289206819901,-3.8693220700912,-5.231173445987276,-5.324955166521087,-5.683273777983895,-5.6755461608335285,-6.1843350596984505,85
-3.3250937281716313,-3.210731075812349,-3.327139373248719,-3.35961230267903,-3.4374964651480884,-3.4780512908117727,-3.537877267040525,-3.4508934748113993,-3.5939030224138406,-3.6438937980648993,-3.510236373564451,-3.693980209459938,-3.6648971272354767,-3.6195250807752637,-3.5883234899679737,-3.646944352961236,-3.8207886955726655,-5.273277943234295,-5.368693957238179,-5.751523702681975,-5.782161186319985,-6.2841077264604515,86
-3.301055487287231,-3.181919697340962,-3.3201765010725492,-3.3556170364745936,-3.4279345566228154,-3.451946603234861,-3.5246755696432484,-3.439385765135937,-3.5420069348422945,-3.6453446001277627,-3.4979505181281527,-3.6104112845610485,-3.6242303630114323,-3.5865446862822044,-3.5877410568788757,-3.6152043543126773,-3.780615136760673,-5.308129991194744,-5.404898793573378,-5.808017659489476,-5.87041190119633,-6.366694670717991,87
-3.2828531199123376,-3.160102988787484,-3.3149040371703635,-3.352591719290887,-3.4206940362944294,-3.432179469867373,-3.514678908608317,-3.4306718346880434,-3.502709897432625,-3.646443184348775,-3.4886473559191638,-3.5471307691751828,-3.59343645484178,-3.561571092764338,-3.5873000237304837,-3.5911700200759067,-3.7501946962729793,-5.334520848320866,-5.432314016463038,-5.850796320424637,-5.937237587027554,-6.429231605386997,88
-3.271320322262596,-3.146280188711616,-3.311563468438444,-3.35067491527373,-3.4161065310481997,-3.419655255596369,-3.508345146273207,-3.4251507947859428,-3.4778117744936745,-3.6471392338933857,-3.4827529859699564,-3.50703700751849,-3.57392581073429,-3.5457481289324067,-3.5870205905143266,-3.5759421594526097,-3.730920676727341,-5.351241773064897,-5.4496839668435095,-5.877900357505692,-5.979577525378635,-6.46885424338339,89
-3.2672907905536506,-3.14145053567306,-3.310396281773075,-3.35000518856894,-3.414503667769397,-3.41527932530891,-3.506132144975398,-3.42322175674786,-3.4691124303342824,-3.6473824319270447,-3.480693507313005,-3.493028343807115,-3.5671088386967336,-3.540219623497154,-3.586922957221935,-3.57062158164447,-3.724186380741516,-5.357084023879077,-5.455752985651144,-5.88737044275088,-5.994370997814554,-6.482698297623093,90
