Center,clonal_cluster_ID,3h,6h,2d,3d,4d,5d,6d,7d,8d,9d,10d,11d,12d,13d,14d
GGTTATTATTAAATC,1,NA,46,23,340,2958,2346,2234,1398,1675,2534,2517,2666,3713,2991,2889
TTAGGACGTTAGTGG,2,NA,47,1,99,60,59,35,370,751,1093,1523,1570,1426,928,992
TCCAGGAAATACGAT,2,NA,48,1,106,31,74,64,199,659,688,960,713,629,643,581
ATGTACTACCAAGCG,2,NA,49,2,152,95,179,209,818,2263,2769,3072,2788,2713,2071,2007
GAAATGACGGAATCA,2,1,48,295,NA,91,173,279,1157,3032,4226,4935,4939,5035,3780,3626
AGGACTCGAACGAAG,2,NA,49,96,71,48,56,116,354,1004,1221,1548,1366,1509,1101,1033
AATCTACGCTAACAA,2,1,16,75,NA,24,140,472,1631,4358,6256,6816,6484,6643,5111,4757
ATGCGGCAGCCACTA,5,NA,53,5,1392,1119,1004,785,542,223,218,87,91,48,58,49
GTGAACTATGTTGTC,5,NA,55,2,130,281,449,685,606,334,334,218,135,148,128,77
CTCACATCAACAGGC,2,NA,59,269,207,83,109,155,229,342,358,421,514,348,207,234
GGTGGAAGCGAATCA,2,NA,59,78,19,90,82,84,291,765,948,1136,1014,1106,787,834
ACAGATGACCGCATG,4,NA,59,78,87,249,288,760,843,648,499,407,251,188,101,86
TTCATTACCCGCTGA,5,NA,59,6,1416,1127,947,656,375,297,237,146,148,68,36,31
ACTGTCTGGATCGTT,2,NA,62,1,127,2,47,200,851,1715,2907,3408,3209,2982,2192,2095
GTAATGTTGGCCGTA,2,NA,63,78,210,91,82,137,383,765,1231,1460,1274,1050,760,856
TCATGGCGATTGAGG,2,NA,63,146,81,59,60,135,394,848,1645,1682,1742,1846,1186,1044
TCTAGACCCTGAGAC,4,NA,46,36,114,242,321,448,467,431,446,296,287,100,125,62
GGCTGCGAGTGCTGC,2,NA,65,197,32,65,154,217,595,1679,1930,2506,2089,1708,1336,1511
GTAGGACCTCTTGTG,2,NA,65,104,3,92,408,959,4866,13367,16614,21430,19862,16019,12573,13564
ATACTAAAACTCTAC,1,NA,67,103,236,228,497,684,464,345,403,284,224,227,157,186
TCATAGGGTTATTCT,7,NA,68,53,502,574,546,450,225,196,197,147,63,60,9,32
ATTACAGGTAACATC,2,NA,70,171,264,89,150,291,335,1061,1398,1693,1640,1369,1023,1115
GAAATCTTTCGCGGG,7,NA,70,171,666,788,640,414,300,178,127,138,82,27,57,12
GGGATCATGGAGTGC,2,NA,70,135,27,83,108,107,184,586,492,653,653,574,442,425
ATTTGGGCGTCATAT,2,NA,71,139,74,97,156,69,233,650,921,842,801,797,596,644
TAGACAACAATTATG,2,NA,74,184,86,146,183,144,266,774,664,874,712,805,533,764
GAGAAACCAGGTACA,2,NA,77,137,59,97,81,99,182,534,555,698,817,680,398,530
TTCAGGGACACGAAC,5,NA,33,72,1343,1322,1193,1272,790,362,490,608,414,236,192,107
AAACCATATTTCAGT,4,NA,81,353,141,289,638,424,303,216,231,190,70,51,146,45
GACGAGGAGGATTAT,4,NA,81,386,561,526,787,1191,835,808,807,549,365,242,233,178
GAAGACGACCAGGAC,2,NA,83,43,282,141,88,152,564,1299,1525,2057,1680,1561,1276,1414
ATTGTGGAGGGTGCT,2,NA,84,120,151,146,189,175,390,813,1116,990,880,750,618,539
GTAACAGCGTAGCTT,1,3,85,356,542,25452,32031,25780,15719,14329,12801,11000,8120,6644,3792,4163
TAGTAAGGCCCAGCG,2,NA,89,74,1,86,148,199,463,1414,1854,2136,1963,1688,1416,1384
CACCGTACTGCGGCT,2,NA,90,70,225,153,257,238,532,885,1275,1439,1625,869,835,715
AGGAATCCTTATTGC,1,NA,91,151,101,244,541,1076,2339,2653,2359,1745,1156,909,467,420
CACGTGTGATTCAGG,7,NA,94,191,464,647,464,764,365,287,171,103,76,82,5,8
GCACGGACTCGTACC,2,NA,94,153,287,115,73,227,460,1111,1952,1593,1725,1454,1031,1466
AGTAACCATAGCGTC,3,NA,95,336,155,102,182,81,142,216,494,381,329,422,261,183
TCTAGGAATTAGATA,2,NA,96,243,40,55,61,117,489,1199,1343,1814,1391,994,910,1119
GTGTCCGGACTACGG,7,NA,87,4,874,600,510,466,185,165,71,131,27,47,4,15
ACGATATGTTCGAAA,4,NA,101,400,661,914,1555,1608,1579,1265,902,906,526,413,276,256
CCTTCTTAATGCTCT,2,NA,102,51,47,54,63,132,341,683,941,1035,940,920,768,760
TATTTATTCTCCGTG,7,NA,105,340,425,312,534,451,274,263,182,140,116,103,88,46
CAGCATAGAGTTCAG,2,NA,105,188,151,126,134,131,431,1187,1427,1789,1770,1400,1053,1176
TAGTACGGCCACTTG,2,1,106,345,460,1123,5402,24682,83708,133074,220477,161160,138834,94456,63690,53038
CGTCATACCTGAGAG,2,NA,109,68,70,43,106,102,317,799,898,1226,1034,911,782,840
GTAGTCAGATCGAGG,2,NA,98,34,304,128,118,206,465,1206,1612,2034,1928,1522,1214,1270
GTACATCCACTCGAT,2,NA,111,83,54,110,74,17,198,517,344,763,664,456,443,384
ATACTTGAACGCCTA,4,NA,112,265,187,312,449,682,599,300,462,291,249,143,55,72
AATTGGTGCATAAGA,5,NA,114,28,351,83251,18614,6455,3282,2041,1087,563,245,313,232,52
TTAGATTAAGGCAGG,7,NA,114,204,667,430,386,574,278,183,109,66,76,30,14,5
AGGCCAGTCCTTGGA,7,NA,116,90,848,716,735,510,427,241,149,47,74,42,23,10
GTGGTGCTGAAAGAT,2,NA,117,69,63,122,195,185,673,1337,1744,2027,1733,1913,1009,1273
CCGGTGTGGACGGCA,2,NA,118,41,1,59,63,60,306,849,1184,1490,1146,891,894,604
CGGACAATGGTGATC,2,NA,118,133,199,107,169,77,206,453,978,880,886,675,514,628
GAGTGCACCAGCGGG,2,NA,120,166,53,90,112,112,149,313,546,620,638,671,433,387
GTCGCTCGAAATGCA,2,NA,124,138,138,63,90,192,559,1927,2560,3066,2396,2476,2008,2130
CCTGTCCAGGCTGAA,2,NA,124,321,168,126,109,160,237,535,700,867,682,515,505,530
AGCAGTTGTGTAGAA,1,NA,126,259,300,1253,1847,1878,1950,1470,1550,1421,1316,1290,1226,1354
TGATAGTCAGGCGAC,4,NA,126,203,247,178,244,490,503,351,392,323,281,237,168,149
GGATATCTTATGACA,4,NA,126,335,218,402,507,648,527,287,536,288,199,206,62,83
TAGTTATATTAGCCT,2,NA,128,1,132,173,159,173,243,423,472,718,551,602,387,524
CCGGCAAGTCCGACA,2,NA,131,66,123,166,130,63,134,335,499,563,430,482,495,353
AGTCTCGCGCTTAAG,4,NA,131,304,327,316,320,546,523,587,428,266,232,264,157,221
GCAAAGGAGAGCTCT,2,NA,133,56,145,150,125,116,355,824,1038,1237,2260,1367,1036,988
TGGTAGCCCGAGATC,2,NA,135,194,31,144,101,44,152,388,404,561,576,560,317,357
AGGAATACCTTTACG,2,NA,137,114,227,202,177,197,498,927,1194,1759,1426,1362,1101,1388
GGGGAGATTTCGGCT,2,NA,140,149,65,73,103,152,294,735,661,774,585,499,400,356
CAAGCATGGGGACCT,4,NA,141,293,165,263,242,438,292,439,284,226,163,75,100,51
GCAATAAGGTTCGCG,2,NA,141,42,21,71,83,114,164,233,447,605,383,628,454,478
TTCAGATCTATACAA,2,NA,142,69,9,59,122,107,574,1456,1962,4154,2151,1754,1312,1329
ACTGGATATAGGGGG,7,NA,143,323,409,235,396,615,481,379,322,223,149,136,85,58
TAGACACTATGACGT,3,NA,144,263,474,231,146,181,241,545,909,689,715,414,528,314
GGGCAATACTGCACT,1,NA,144,199,74,283,576,937,1487,1337,968,1006,787,500,440,298
TGGGACGCGGGAGTT,2,1,144,87,119,283,407,694,2883,8434,13343,16928,15152,15289,12521,14065
CCAGTGATCCTGGAT,7,NA,146,47,777,683,816,545,415,192,177,138,120,91,16,33
ATCGCGGCAACTGTA,2,NA,146,646,271,236,256,293,372,916,1485,1409,1367,1024,857,753
GGTGTTACTCGTTAG,2,NA,146,215,227,158,91,237,218,352,330,413,326,271,185,245
ACTTTCCTGCAGTGT,2,NA,148,142,133,233,195,199,167,459,495,661,641,693,373,346
GACTACCACTGAGTT,2,NA,150,251,39,145,119,115,285,486,855,736,974,757,531,434
CTATTACGGCACCGC,5,NA,152,47,575,936,1064,831,712,553,371,506,741,388,154,176
TGTGAGATCGGCGGC,2,NA,155,124,25,85,149,134,553,1517,2021,1802,1677,1742,1508,1479
AGTTTATTGTAAGGA,1,NA,163,447,142,663,863,1161,1299,1083,1035,759,471,527,520,336
CTTCCGGTCAAGATT,7,NA,165,445,495,492,530,340,164,115,170,59,46,55,28,9
TCAACTAGGTCGAGG,2,NA,166,81,207,149,156,122,140,241,378,443,338,332,202,243
CAGTGTACGATGGCA,2,NA,167,146,154,139,143,269,518,1561,1823,1978,1858,1612,1114,1404
GCGAAGCTTGGGGTA,7,NA,167,135,347,585,556,506,262,117,239,94,86,44,32,38
TCGATGGACACCTGA,7,NA,170,439,407,366,430,571,450,418,307,289,249,148,73,70
GAAATCACAGTAGTT,2,NA,178,1,77,95,159,237,979,2718,3469,4306,4082,3799,2473,2955
ACAGGGAACTGGAAT,2,NA,180,495,362,896,1221,2034,2811,5776,9516,11774,11332,12332,9735,11325
GATCAATTGGCTAAG,4,NA,181,361,308,516,650,925,716,630,607,373,289,113,127,67
AGAAACGCCTTCGGT,1,NA,183,78,37,7005,14956,6825,12174,12349,8555,5260,3651,3008,1893,1564
GACTATCCTTTACGT,4,NA,184,251,349,826,1093,1470,1275,1153,684,663,479,295,244,140
GCGTTGCGACGGGTA,4,NA,185,93,171,279,388,488,584,357,371,280,285,174,108,136
TGTGGAGATATCCGT,2,NA,188,193,67,158,204,212,352,528,873,998,759,621,482,596
TAGACTAATTTGCTT,6,NA,188,348,182,194,216,817,555,428,273,167,132,159,73,25
GAACATTCAGCTGCG,5,NA,188,2,392,493,1087,1199,1838,1188,764,826,735,490,248,324
GATGGCGACAAAGAA,2,NA,189,116,141,157,258,281,693,1289,2059,2161,2114,2152,1430,1195
GGGAAACGCCTACGG,2,NA,190,508,277,131,189,244,333,900,937,1644,20855,19010,12846,12924
TGCGTGTGGGATCAA,2,NA,191,164,210,198,205,157,246,324,674,639,678,485,332,390
ACGTAGTTATCGAAC,2,NA,193,321,187,182,279,156,365,1035,1102,1373,1348,1192,761,793
ACTCCCGCCGTACAC,7,NA,197,509,488,500,473,302,210,161,160,90,47,31,13,30
CCGGCCCAGAGAGAT,2,112,90,2,53,59,89,158,706,2410,2984,3567,3308,2792,2197,2515
TTAAGGAGGGCGACC,4,NA,202,141,327,374,1360,1102,1255,879,694,809,531,400,257,171
AACGATCGACACGGG,2,NA,203,641,567,636,1010,1544,1460,1271,1778,2152,2615,2758,2339,2649
TCTACTTTGATGTAC,1,NA,212,283,116,679,1046,1460,1757,1313,1000,1173,1038,719,546,342
TTATTTCGGTGTTCT,2,NA,216,261,291,176,192,243,315,681,825,1131,880,939,521,756
GAGCAACGCTGCACC,7,NA,220,880,556,486,415,393,158,84,93,64,16,21,33,6
AGGGTCCACTAAGAG,4,NA,222,112,401,322,434,701,625,493,398,236,185,95,135,119
TGGCGAAACGTAGTC,4,NA,222,228,196,704,1207,1400,1823,1466,1071,1072,792,472,399,279
AGTGGCCGGATGCAT,7,NA,225,266,631,493,481,466,202,148,65,65,47,25,18,7
GAGGCCACAGGACGC,2,NA,228,180,161,255,224,371,823,1607,1837,2192,1874,1473,1022,1307
ACGCGCATGGCGAGA,7,NA,228,317,187,432,449,692,401,349,97,156,186,128,101,141
CTCTAACTCGGTTGT,4,NA,229,242,404,323,502,789,886,686,576,595,584,329,102,169
TATCACCCCGTATGT,2,NA,230,308,226,298,286,270,409,705,740,1150,832,776,467,553
GAGGCCGAGAAGATC,2,NA,233,242,164,239,243,243,263,495,718,827,656,597,485,481
ATTTCATACCTACTT,4,NA,234,96,126,207,242,335,491,329,210,338,339,128,118,82
CGTACTGGCAAATGG,3,NA,239,327,261,247,231,221,239,550,441,588,517,359,270,368
CTGCCCAGCGGGTAA,7,NA,243,700,487,365,315,269,159,193,70,233,140,78,113,115
ATCACATGCAAGATA,1,NA,247,553,247,443,922,1829,2573,2096,1405,1925,1898,1572,1260,853
AAGAACCGTAGAATT,7,NA,253,717,483,471,481,633,216,195,87,91,48,62,23,21
ACTTCTGGTAACTAC,1,NA,254,200,465,518,1658,2496,3424,3088,2494,2303,2969,1515,1242,665
TTTGCGTTGCTTATT,7,NA,255,204,412,338,292,259,227,222,181,297,224,161,60,127
TGCTGGGAGCTCGAT,7,NA,257,521,236,520,574,385,259,143,126,108,28,8,9,28
TTCGGAGGTGTCCCT,4,NA,258,368,496,890,989,1887,1437,1133,1134,789,567,279,304,202
TGCAAACCTTACACG,2,NA,261,367,358,316,317,408,974,2522,3124,3802,3363,3086,2217,2228
TCGGGTTCACCAGAC,2,NA,265,312,200,473,659,720,909,881,1665,2993,2045,1844,2174,2737
CACAGTCACGCTGTC,7,NA,267,412,507,499,307,416,215,189,229,180,113,14,33,1
GAACACGGTCAGGCT,7,NA,270,633,499,422,393,207,200,83,93,94,66,52,38,14
TAAGCCGCGTGCGCT,2,NA,273,548,403,389,278,373,453,894,852,1280,1279,887,695,813
TGGCTGCACCGCTGG,7,NA,274,718,524,337,438,344,186,100,88,37,29,30,55,11
GCAGAAACGTGGTGA,7,NA,278,602,558,298,449,306,124,95,123,103,39,37,29,48
TGGCACTATTGATGA,2,NA,280,295,309,291,376,249,521,1164,1723,2113,1667,1394,1169,1339
CTTATGACGTCTGTA,2,NA,280,305,176,288,272,289,421,852,1119,1220,1044,1125,753,664
AATGCTCTTTTCAAA,7,NA,285,301,226,320,552,370,307,251,160,266,223,176,99,22
CATGTTCGTGACGTT,7,NA,288,824,271,381,428,342,161,124,164,78,61,41,6,10
CGAACCGGGAGGACA,2,NA,288,339,88,218,265,182,482,871,1159,1528,1424,1405,973,1013
AGGGTCCTAAGTCCC,7,NA,288,963,255,315,360,382,153,119,107,56,46,58,8,29
CCACAGCTCAGGCGA,7,NA,289,847,365,420,456,312,160,205,20,47,35,25,8,11
GGTGGTAATGCGCCA,2,NA,289,157,167,152,124,126,170,218,470,569,1584,635,324,461
GAGCTAATTACATGT,7,NA,259,478,1088,954,1108,971,451,427,302,259,159,97,67,65
TGCCTAGGCGGGTTG,7,NA,291,262,1161,1495,1151,995,529,245,287,257,180,120,75,69
AATCCTTAATCATGA,7,NA,292,751,528,359,413,308,189,52,72,102,56,34,25,16
AACTGGAATAGAGCA,2,NA,293,190,194,261,208,182,261,555,576,769,472,453,383,370
ACTTTGGGGACCAAA,7,NA,294,332,552,426,486,453,152,151,78,75,50,14,30,37
CTTCAAAGGGGGGAT,3,NA,296,414,368,334,291,241,285,453,503,599,543,457,534,332
ATGATTATCCAAGAG,7,NA,300,324,517,368,418,316,188,169,137,119,90,76,36,38
GTATTTAAGAGACCA,2,NA,300,121,156,173,262,218,508,1376,1443,1858,1549,1516,1296,1339
ACCCCCAGGGTGTAG,2,NA,301,258,26,189,415,997,4411,13727,16811,21727,18987,16530,12725,13652
TGACGAATGACTATA,2,NA,301,200,212,233,228,427,1355,3204,4351,4937,4568,3810,2911,3154
CCTGACTTTGGACTT,6,NA,302,433,128,503,383,496,646,456,161,396,270,100,68,61
GCCGTATTTATCGTA,7,NA,302,537,411,601,590,658,516,419,319,257,194,211,59,84
AAGAAGGAAGGGGAA,3,NA,309,643,204,329,357,412,298,636,738,869,776,869,481,661
TTTGGTACCCTGGAT,7,NA,266,252,298,288,384,380,241,160,241,245,139,49,99,83
CGTGGGCCTAGATCT,7,NA,311,32,528,588,542,465,329,138,68,96,52,21,20,15
CAGTTCAGGTCTAGC,7,NA,312,576,373,434,434,212,185,247,169,93,70,45,36,1
TTGGATGATTCCCCA,7,NA,314,463,354,583,570,730,501,445,295,175,146,122,70,52
TTCTAGAGTTAGGTT,1,43,271,308,138,291,779,960,1816,1309,1236,1600,1714,1072,689,432
TTGTGTGGTCTACCC,7,NA,315,519,641,491,432,179,164,128,100,47,70,21,32,35
AGTCCAAATGCATAA,2,NA,316,408,367,324,297,475,885,2146,2895,3645,3036,2863,2051,1908
AGAGGGGTTTTCAGA,2,NA,318,366,402,254,206,370,532,769,1283,1429,1087,1146,853,978
GATGTTGCGGGCCTA,7,NA,320,230,1168,954,900,809,398,198,181,177,76,87,42,18
GTCATCTCGGGAAGG,3,NA,323,584,180,252,279,169,241,539,599,729,658,490,402,523
TCGTAACTAAGGCTT,7,NA,323,483,760,679,945,1454,1128,886,684,568,331,232,172,139
TAAGGAGGCTGGAAG,7,NA,323,711,489,326,434,389,166,132,36,45,30,26,13,16
ATTGAACGGTTTTTA,7,NA,326,513,723,469,549,346,217,82,198,62,69,36,9,1
TTAACGTGGTTCTTA,2,NA,327,290,465,248,386,398,524,1465,1527,1882,1672,1420,1094,1262
ATCCAAGTGAGCCGA,7,NA,329,359,571,408,434,311,292,118,99,69,43,18,25,15
CTGTTTCGAGGGTTG,2,NA,329,421,242,187,326,382,576,1089,1627,1947,1729,1763,1303,1185
TAAATGAGACTAGCC,7,NA,330,622,618,340,262,332,215,233,109,79,19,50,53,17
GCTTCGGTAAGGTAC,6,NA,332,291,127,206,154,371,354,492,239,248,269,180,74,80
GTAAGACACGTTGAC,2,NA,333,569,340,439,731,645,667,1056,1614,1832,1673,1590,1343,1073
GGAAGTCTGCTAAGC,7,NA,338,633,628,778,764,514,370,332,153,127,54,82,43,11
ATTTGTTCACACATT,7,NA,338,531,313,521,546,421,180,101,182,45,63,43,18,35
AGATTGCTACCATAT,7,NA,343,580,425,321,541,360,207,100,141,107,83,5,25,11
TGAGGCAATGGAAAG,7,NA,346,760,712,410,370,304,168,172,129,109,27,7,21,4
GCAGGCAAGGTTATG,2,NA,346,526,472,432,459,421,703,1248,1420,1704,1703,1376,1097,1220
GCCCTGTGTATGGAT,7,NA,347,634,209,391,341,332,272,179,153,130,85,38,23,20
GTCAGTTTGTCAAGG,7,NA,348,339,609,478,492,433,151,145,47,54,57,6,39,22
CTTCTTCATCCTAAA,2,NA,352,428,595,366,445,367,659,1352,1415,1770,1767,1576,1262,1200
GTTTCATAACGTCAC,2,NA,353,324,194,255,221,529,1279,3187,4269,5166,4908,4176,3152,3271
TATATGCGATTTGCC,7,NA,353,1031,516,417,452,350,187,133,127,90,73,90,26,9
GCCCATTTTGCAAGT,2,NA,354,262,140,199,163,465,838,2651,3569,3944,3649,3536,2619,2491
TTGGTTGACTACATT,2,NA,355,352,199,294,308,669,1704,5294,6167,7398,7120,5689,4473,4724
CGTATCTTCCTATTA,7,NA,356,369,516,451,357,447,236,108,21,98,53,19,3,30
AAGCCACTGGTACGA,2,NA,356,326,413,321,385,723,1148,3259,4068,5302,4249,3924,2980,3252
GGAGAGCTATTCTGG,7,NA,356,406,442,479,380,331,187,148,152,64,30,39,26,20
TACGGTTTGATGCGA,7,NA,356,746,638,374,274,337,224,122,101,99,47,35,35,1
ATAGACTCCGTTTAG,7,NA,357,657,462,407,447,275,197,136,88,39,41,42,30,15
CAGAGGAAAGGTGTA,4,NA,358,950,988,1032,1619,2198,2086,1491,1386,1007,661,506,371,344
TCTCGAGCTATTGAC,7,NA,358,626,717,486,526,410,214,208,203,67,70,51,34,4
CACTGGTCATCGGCA,7,NA,359,533,330,448,474,443,256,111,136,86,69,83,27,10
TATAGTTGATTTGTC,7,NA,359,605,635,393,432,233,174,169,41,36,32,10,19,15
GCCAATCACGAGCAT,7,NA,363,391,501,451,455,310,212,172,200,131,89,68,36,22
GTCTACATAGAGTCT,7,NA,365,603,308,497,323,330,211,227,88,68,54,20,12,10
GCTTTCGCCGGTGGT,2,NA,366,270,698,385,482,427,604,1487,1878,2358,2339,1731,1278,1399
CTATATATGTGTACA,7,NA,366,898,468,384,398,419,220,199,134,86,80,103,5,32
GGCCTACTAATATAA,4,NA,368,851,487,1136,1364,1681,1589,1023,1181,755,420,338,327,188
GTTCATGTATAGGGT,7,NA,368,312,599,315,303,326,141,174,123,172,191,144,63,51
ATTTTGGTATCGAGA,7,NA,368,509,897,417,517,387,125,150,173,131,67,46,36,13
GAACATATAGACGCT,7,NA,371,445,563,508,415,314,232,109,23,50,47,14,36,2
GTCATCCGCGGGGAA,7,NA,371,452,642,430,338,333,161,121,91,69,20,60,4,10
CATCGTGAAGTTTGT,3,NA,372,660,245,300,304,383,353,500,583,794,785,623,547,440
TATCGCGTGGAAACT,7,NA,375,434,769,572,572,504,307,199,157,86,39,64,27,10
TGGGGAGCGCGCAGG,7,NA,375,313,887,503,404,509,249,97,80,147,114,24,17,38
GAACACCCCCCACAG,7,NA,377,488,419,421,427,305,237,74,88,98,70,39,14,10
TATATCCTATTCAGA,7,NA,377,481,441,510,552,436,364,351,220,213,100,86,26,20
AAGACCCTACCAGCC,7,NA,378,770,574,380,535,397,159,126,155,48,45,43,3,19
CCTATTGATATCGTA,2,NA,378,248,64,238,248,220,419,983,1150,1293,943,978,684,617
AGACAGTCCTCTGTG,7,NA,378,383,502,555,395,408,272,68,41,84,40,44,4,13
TTCACATTTGACGTC,7,NA,379,625,349,487,494,277,279,118,79,95,24,12,13,18
GCGACCCACTCTACC,7,NA,379,864,267,511,392,248,180,175,119,133,86,57,19,9
GGAATACAGGGTCAA,7,NA,380,589,630,467,447,243,210,176,42,87,65,47,9,31
CACTCTCTGTGATAT,7,NA,381,487,888,377,349,253,138,80,118,51,21,32,24,27
GATGCTGACCAGCAA,7,NA,381,821,397,458,373,246,222,100,181,81,100,46,31,29
GCGGTCCTTTGTGTA,7,NA,381,839,474,413,333,208,181,66,135,85,51,60,7,9
TTTGGGTTCATAAGC,7,NA,383,443,448,356,505,389,214,177,112,76,66,37,27,20
GTGCTTCGAGCCAAT,2,NA,383,496,456,468,497,321,399,938,1288,1673,1123,1033,874,1005
AAAGACCGAACCCAA,1,NA,384,907,560,576,2136,5763,4726,4578,4075,3691,2548,2464,1949,1824
CGGCGATACTGGGTA,7,NA,384,174,603,530,550,465,217,223,103,124,43,31,31,27
TCGGCTCGTGCCGTC,7,NA,386,498,596,342,332,351,158,121,104,66,23,41,31,24
GTAGTTAAGGCTCAC,7,NA,386,500,364,606,581,369,218,183,204,81,91,21,16,14
TAGTAGATAGGTAGC,7,NA,387,740,412,488,463,229,192,110,97,115,66,45,1,6
TGACCAGTTTGTGCG,7,NA,387,475,381,393,330,275,187,254,189,268,203,117,105,131
CTCAGGACTATAGTC,7,NA,389,382,687,621,630,420,301,194,101,120,39,47,22,36
GTACTCGGGCATCGA,7,NA,389,482,262,314,320,414,185,149,125,149,160,177,70,91
AATTCGTCCAGAGCA,3,NA,391,564,115,325,211,255,255,396,531,496,591,493,442,519
GCACGACGGGGGGTA,7,NA,391,662,597,585,499,592,272,132,186,81,119,43,21,9
GTACCACCTGCTACT,7,NA,393,333,429,398,343,346,205,166,174,203,203,155,135,167
GATTGAGGAAGCGAG,7,NA,395,519,714,372,419,394,160,147,49,54,49,36,8,7
TGATCCTTCGCTATG,7,NA,395,916,498,445,443,293,209,71,128,56,56,18,19,8
CAAGCCGCGCCTCAT,7,NA,395,744,271,404,373,327,179,139,108,78,74,30,51,10
GCCATCTAGAATTTA,7,NA,396,348,559,329,419,477,418,289,251,156,220,162,142,109
CAGATCGGTAATCGC,3,NA,397,791,251,376,386,218,322,452,549,687,589,590,453,498
GTGAGCGGTATACTT,7,NA,400,289,752,513,482,264,167,105,87,118,85,39,21,24
TCATACGCAGGTGAT,7,NA,400,409,585,402,379,412,178,88,56,64,63,24,1,8
TTACGTCACACTGGT,7,NA,400,632,447,489,429,445,152,110,148,95,54,45,21,9
GCGGGTTTACTAATC,7,NA,402,485,329,360,393,424,241,269,397,346,341,302,168,237
CTTTCAGGAGGCGAA,7,NA,402,788,321,401,513,304,193,127,131,55,58,47,20,25
ATTCAAGCTGTAGCA,7,NA,406,298,698,493,429,306,197,167,73,66,17,61,32,5
TTATGACAAGTGGTA,7,NA,406,519,466,355,430,234,215,167,45,68,107,30,20,14
CAGCCTACCTTTTTA,7,NA,407,537,556,360,463,437,197,179,95,56,117,52,42,44
GGACACCCAGAAATG,7,NA,408,697,340,487,378,514,148,127,43,112,64,9,18,22
TTGCACACGCTGGTG,7,NA,408,194,544,466,508,336,158,156,121,94,34,52,2,5
TGACATGGTTCCGTA,7,NA,410,640,286,431,352,398,195,104,195,102,48,19,17,11
GGTTCCAGCGAGTGA,4,NA,410,1033,1038,1583,2387,2993,2847,2164,2213,1542,1035,669,457,447
GAGTTACTTGTCTGA,7,NA,412,577,522,624,530,508,231,241,214,104,27,32,33,35
ATTGATATCCTCTGG,4,NA,413,821,1049,1220,1504,2696,2221,1680,1562,1067,698,705,469,261
CCTAGAATCTTGGGC,7,NA,413,753,352,428,445,544,209,314,82,103,55,26,15,76
GCGTGCTAATGGACC,7,1,413,569,279,518,382,344,419,293,247,186,176,189,82,33
GCGATAAGTGTAGTA,7,NA,415,670,410,428,502,278,251,135,48,51,39,37,58,66
CCGCATACGTTGCGT,7,NA,417,644,577,398,468,245,208,177,159,76,42,77,11,1
GACAATGAATATTAA,7,58,360,234,680,442,453,442,162,174,170,77,23,36,20,13
TCGAACATTCCAGTA,7,NA,419,588,652,630,582,269,273,114,78,112,88,14,9,36
TAGCTTTTGGCGTGC,7,NA,419,759,524,304,357,257,129,76,109,69,22,41,6,15
TAGGACCCGAGATTA,7,NA,420,573,564,485,491,581,225,142,134,76,36,26,15,38
GGTAGTATTATGATA,7,NA,420,577,436,398,332,248,212,85,155,122,81,39,27,9
ATAGACTACGTTAGC,7,NA,420,487,504,393,362,354,269,133,86,72,57,25,14,15
TCTCAGGAGATCACA,7,NA,421,740,363,596,539,249,310,131,51,67,99,62,17,24
GGTGTATGTCGACGG,7,NA,422,688,523,506,483,418,203,105,144,51,27,37,9,5
CCTGCAGGTTCCTTG,7,NA,422,530,602,629,641,511,228,206,182,155,70,11,23,19
TGTACTGCCCTAGGT,7,NA,424,498,797,442,517,341,249,108,103,64,33,46,15,12
CATTCGAAGTGTACT,7,NA,424,405,525,446,387,381,183,165,81,64,43,32,28,21
GTATGAAGAAGATGA,7,NA,425,632,505,395,445,299,239,182,168,70,80,5,15,13
GGGTGCAGTTCGCCA,7,NA,425,342,440,387,394,436,203,131,207,82,57,27,34,4
CTCTGGCTTGTGCCT,7,NA,425,566,620,439,484,506,273,221,326,373,265,238,94,128
TTCGGCCTGACCTCT,7,NA,427,551,575,432,388,332,169,100,132,61,77,37,1,42
TTTGAGGGTGTCTCG,7,NA,427,693,497,513,492,344,305,187,182,77,53,38,37,11
ATCATCTGTATGTTG,4,NA,427,397,312,551,962,1218,1705,1647,998,855,573,434,310,160
CAGGGCGATCGCGTA,7,NA,428,925,495,425,351,157,145,38,67,55,78,6,28,13
TGTATGAACATTTGG,7,NA,428,677,558,380,349,398,146,125,119,78,11,10,3,23
GCCATTATCATTGGA,7,NA,428,542,432,419,345,421,198,152,124,47,35,34,43,20
TGGGCAGAAGTATGA,7,NA,429,753,279,479,657,515,241,267,128,178,75,51,38,39
TAATTAGGCTCCTCA,2,NA,429,269,242,289,341,283,461,877,926,1068,1226,1136,799,666
CCAGCCCGATGTGGA,7,NA,430,743,469,338,293,361,130,118,136,36,64,45,26,12
TCGGCTCAGCATAAG,7,NA,431,263,713,632,610,382,324,98,90,127,91,35,19,22
TGAATATTGTCTTGC,2,NA,432,210,454,282,391,276,312,695,823,937,738,834,630,450
GAAGTAAGTCATGTG,7,NA,432,374,634,369,464,437,100,47,41,127,17,10,1,4
TCCTCTGCAAGATGT,7,NA,433,395,572,380,364,273,209,127,161,111,23,3,4,9
CATAAAGGGCGGAAA,7,NA,433,490,300,415,416,467,178,186,62,90,29,7,25,2
CCAGGTGTTATAGGC,7,NA,434,406,460,541,540,346,257,137,119,65,66,67,15,6
GCAAGCATTTTAAGC,7,NA,434,715,586,629,499,519,306,134,102,85,85,79,17,37
GAGGTACGTGTGGCC,7,NA,435,453,342,473,319,439,179,138,119,95,87,91,52,25
TATACGACTTCTGTA,7,NA,436,643,446,550,500,265,240,204,14,122,36,25,6,3
TGAAGCGCCGAACGG,7,NA,437,564,715,630,441,382,264,225,111,149,29,29,8,1
CATCGCATTGAAAGT,7,NA,437,768,536,400,385,230,255,117,124,91,35,47,7,19
GCATATTCCGGGCGG,7,NA,438,920,287,432,290,340,191,116,24,84,36,46,6,14
CGGAGGGTTAAATCT,7,NA,439,328,168,359,338,474,338,291,210,235,207,144,78,56
TTCCTACAATCATGA,7,NA,440,551,674,361,405,213,167,126,103,72,32,43,33,1
GTTGTGCTCAGGGGA,7,NA,440,713,248,362,338,331,182,206,133,98,37,17,11,19
TCCGAAGGTAAGGAT,7,NA,440,985,346,356,428,388,233,103,210,82,36,14,31,19
AGCAACACCTATGGA,7,NA,441,564,443,497,419,303,290,103,82,125,71,25,25,10
GGTAGGAGCTCCAAT,2,NA,442,581,276,410,332,451,691,1438,1697,1923,1835,1903,1349,1343
CCTGCGATAATGTTC,7,NA,442,825,653,495,369,205,189,91,157,86,110,41,32,14
GTTTCTACAAGTTTT,3,NA,442,469,245,422,343,366,378,629,579,736,688,642,431,439
TAAGAACGTTCAAGG,7,NA,443,711,622,638,654,615,437,244,170,170,134,137,57,25
GAAGTGGGCCTACAC,7,NA,444,721,254,459,434,349,217,155,43,99,77,14,39,2
ACGAATAACAGCGTG,7,NA,444,450,402,484,466,302,249,126,208,87,74,60,32,31
CTGGTGAAGAGCTAC,7,NA,445,492,450,479,596,245,232,122,151,89,90,35,1,13
ATAGGTGTATAGACT,7,NA,445,476,357,523,382,346,172,177,55,70,43,39,19,8
ACGTAAAATCCGGAT,7,NA,445,743,459,455,474,264,316,138,127,54,80,39,7,16
GGGAACTCTTGTTGT,7,NA,446,1046,3721,3862,3916,2873,1727,1099,1067,724,397,329,183,191
GCGACCCGCATCGTT,7,NA,447,611,267,617,483,385,256,151,146,102,53,29,43,12
TGCTAGTATGCCTCT,7,NA,447,335,643,713,639,829,269,170,203,83,85,72,63,14
CTCCAGTGTTTCGTT,7,NA,447,634,791,478,529,358,206,154,134,103,73,21,45,24
CTCCAAGGCAGCAAA,7,NA,449,899,410,420,316,524,246,178,182,97,51,27,4,25
CAAGGCGCACGTCAG,7,NA,449,413,465,564,370,325,227,170,119,123,18,72,34,1
GGGTAGGCCCTAAGC,7,NA,450,558,369,405,523,354,255,101,149,84,49,15,41,25
CTGGTGCCTAGCGGT,7,NA,450,626,293,542,541,334,206,127,125,160,47,57,27,10
TGGTGTGACGATGAT,7,NA,450,566,619,520,545,428,313,172,216,104,122,75,61,14
CGATTAAAAGGGAAT,2,NA,451,591,436,315,539,455,427,905,720,1037,875,840,808,847
GGAAAGGTAATTAGG,7,NA,451,291,552,394,466,358,230,181,128,65,40,45,16,10
TTATCAGTGGGTAGC,7,NA,451,533,389,457,412,336,174,189,43,73,101,18,22,15
CAAGCTTCAGACTTA,7,NA,454,528,331,440,335,597,169,76,165,130,59,25,73,10
GATGCATTAAATCGT,7,NA,454,518,504,348,351,350,200,172,102,83,29,25,31,32
GGTCCTTTAGCACAC,7,NA,455,718,889,626,561,541,215,194,80,156,75,60,5,17
ACTGTAACCTTAAAG,7,NA,455,234,474,497,625,401,267,64,121,118,51,57,30,24
AAATCCAGATCTAAG,7,NA,455,491,531,510,549,242,242,144,45,90,59,100,47,25
GTTAGGCCAATGTTA,7,NA,456,568,312,440,386,415,164,98,88,72,46,34,16,12
CTCAGTACATTTGGA,7,NA,458,723,526,701,531,591,338,223,98,146,51,44,55,27
ACACTTCTACCTCAC,7,NA,458,782,357,485,473,431,253,59,102,88,56,43,18,17
GCGGAGGTAGAATTC,7,NA,459,392,440,417,450,435,227,97,126,77,29,6,27,7
ATCACTCGGCATTGG,7,NA,459,366,517,349,407,435,139,136,142,40,41,50,12,17
GTGTGGAGTCTACGG,3,NA,460,725,470,399,315,290,303,760,957,1060,1047,818,693,689
AAATGTCAAGTCCTA,7,NA,460,733,492,433,443,347,211,125,79,47,57,7,10,19
CTCGCTGTACCCTTG,7,NA,460,657,727,451,383,173,241,177,152,56,20,39,23,21
TACTCGGTTTTCTAT,7,NA,460,647,634,439,500,382,158,188,117,108,45,42,11,16
ATGCCCTGCATGAAG,7,NA,460,728,625,454,436,311,238,138,135,109,36,28,12,30
AAAAAGGGCACTATT,7,NA,460,535,454,385,439,338,260,149,96,61,44,81,13,29
GAGCCCGCAGAATAA,7,NA,461,757,477,368,219,425,157,175,79,69,41,13,13,4
ATGTCTGATCTGGCT,7,NA,461,709,439,412,298,274,220,90,97,28,84,16,22,10
GGCGGGAGATGAATA,7,NA,463,476,424,439,440,429,230,88,145,107,44,15,20,9
GGAGTATCGTAAGGG,7,NA,463,628,642,409,355,342,190,96,129,82,35,39,39,10
GGGAGGTCGGCAAGA,7,NA,463,559,561,425,439,384,201,242,127,87,52,27,7,3
TGTCAAGACTGGCAT,7,NA,463,552,446,441,358,430,183,173,93,110,52,59,1,5
CGAGGCTCCAAGTAA,7,NA,463,323,320,525,479,424,196,207,101,91,45,16,5,22
AATCGATTGACAATC,7,NA,464,657,874,455,487,470,171,113,162,65,60,80,31,11
CCATTGGGTAACCCG,7,NA,464,236,618,386,389,389,156,122,129,78,19,72,25,34
ATGCCATAGATTCGC,7,NA,464,454,421,402,482,291,291,182,127,128,88,49,27,33
TGAGACTGGTTTAAC,7,NA,464,692,477,452,411,222,199,172,124,81,85,27,12,22
AGGTGAATAGTTTTT,7,NA,465,530,405,425,479,470,218,156,68,81,45,42,22,32
GTACCGCTTCAGTTC,7,NA,466,852,692,532,517,499,242,253,179,118,101,8,68,11
GTGCAGCGGGGATTA,7,NA,467,321,574,359,387,283,222,185,135,66,30,4,26,26
GACCGTACACCGAGA,7,NA,468,488,670,497,458,576,264,163,139,69,43,63,39,34
GGTGAAATGGCAGGC,6,NA,469,378,229,314,330,442,697,770,369,203,101,62,67,38
CCTTTAAGCAGCCCA,7,NA,469,492,368,494,416,409,219,104,65,86,15,57,6,11
TAACATGCCTGGGAT,7,NA,469,423,356,484,441,450,222,191,52,107,38,29,13,5
CAACGACGTAATACA,2,NA,469,388,423,450,404,554,1378,3094,4097,5303,4902,4596,3479,3283
GTAAGGGATGTCCTA,7,NA,470,476,310,451,518,459,151,82,132,84,45,32,14,18
GAACTGCCTAGGAGT,7,NA,470,628,802,494,515,464,256,130,98,51,42,74,10,9
CCAGCCAAAGGTATG,7,NA,470,464,665,375,337,407,136,139,96,47,31,22,13,16
AACGAGAACTAGTGG,7,NA,472,376,411,420,552,341,237,110,93,78,31,25,19,6
ATGCTTGGATAGTTA,7,NA,473,723,363,461,443,321,215,155,124,123,78,13,10,29
AGGATTATTGCGGCT,7,NA,473,413,532,395,407,354,166,136,183,76,70,21,1,22
AGGTGAGGGGTTCAA,7,NA,473,683,506,395,442,354,189,116,125,65,49,16,15,18
GACGATACATGAATG,7,NA,474,934,127,458,414,379,253,205,106,146,105,120,39,14
AAGTTAAATGCAGTG,7,NA,474,429,400,449,428,293,235,138,62,61,42,68,31,8
GTTCTCCGTCGAAGG,7,NA,474,482,372,363,430,335,181,197,131,103,49,28,26,9
CGGGTCCAACAGTGT,7,NA,474,581,299,545,434,317,173,194,67,78,70,26,23,15
TCAGGATTGGATGTA,7,NA,474,740,513,417,411,336,133,148,69,65,83,3,6,7
CGGCCGACTATTGGC,7,NA,474,561,207,489,590,358,212,116,142,83,106,28,23,4
TTTCGAACATCGGTG,7,NA,478,469,429,507,357,403,209,136,53,108,76,36,29,43
GACTAACGAGTGTGG,7,NA,478,309,687,736,810,632,366,375,89,124,73,54,49,11
TGGATAAGTCACCTG,7,NA,479,318,855,556,609,848,703,560,619,563,291,272,144,165
GAGATGAGGATGCTT,7,NA,479,678,228,448,562,312,271,184,140,108,46,48,26,1
GGGAACATGCGGCAG,7,NA,480,664,647,429,551,353,195,224,182,85,49,12,19,21
CCGTACTAACGTACG,7,NA,480,443,589,444,437,330,183,106,168,87,67,18,9,8
GATGGTACCTTAGTA,7,NA,481,444,652,486,438,412,190,98,127,74,96,15,15,14
CTGGGAATCTAACGG,7,NA,481,519,596,386,404,338,185,85,86,112,51,23,35,7
GTGCAACGCACGCTG,7,NA,481,366,344,449,364,640,163,155,73,30,56,28,29,12
GATTGTAGACTGCAT,7,5,477,489,496,566,589,408,173,164,93,103,83,42,20,15
TTAACGGTACGAACA,7,1,482,307,291,510,566,287,201,227,159,102,139,48,115,46
ATGAGTCGGTGTTGG,7,NA,483,1069,715,649,541,370,293,176,197,129,44,86,4,7
AATTTTCTTTAGTGA,7,NA,485,441,764,587,591,476,237,178,79,56,68,41,7,6
ATTGTGTGATACCTG,2,NA,486,1158,676,726,805,743,1257,3015,3843,4664,4095,3579,2884,3095
GTGTTTGTACGTAAC,7,NA,486,473,537,534,402,362,243,96,46,79,52,26,21,15
TTGGAGGTCTTTTTG,7,NA,486,458,661,380,382,397,205,146,93,130,46,24,17,10
TGGTAATCTAAGCCT,7,NA,487,961,266,471,335,218,268,50,199,133,88,80,55,14
TGAGTGATAGTATGT,7,NA,489,346,626,402,376,392,176,156,92,75,89,9,11,6
AATTGTACATGCGAT,7,59,431,805,333,559,417,246,223,161,141,76,7,64,36,18
GTGTAACGTTCCACT,7,NA,490,1270,587,608,596,380,372,215,187,107,52,30,30,8
GGAGGCGGGGTGTGC,7,NA,490,520,547,399,500,313,275,190,242,96,31,56,20,16
GTAGGATAGGCGTGG,7,NA,491,897,746,450,427,317,234,177,42,113,61,65,21,24
ACCTTCCTTGGGAAA,7,NA,491,496,395,452,366,317,208,132,161,90,29,62,16,18
GACCGGCAAGACACA,7,NA,493,460,325,436,508,378,241,210,183,91,62,31,30,42
GCACGTTTGAACGTA,7,NA,493,767,723,762,648,612,298,217,173,133,46,24,30,14
CATCCCACTGGTATA,7,NA,493,550,585,505,553,368,222,128,87,78,38,59,38,24
TACCGAGGCTGACAT,7,NA,496,453,724,427,457,538,186,105,73,67,39,45,27,5
GAAAGGAAGCAACTT,7,NA,496,458,619,364,454,387,174,105,107,47,50,26,21,19
GTACAGAATAGCCAC,7,NA,496,397,519,419,406,264,206,157,117,80,53,69,74,8
GGCAGTTCTCAGTTC,7,NA,496,446,643,429,286,287,219,118,46,81,69,32,33,5
AGCTAGGCACCGACC,7,NA,497,599,501,498,360,497,250,146,199,99,94,32,30,16
TCTTCATGGCTGCTA,7,NA,497,661,440,553,419,317,227,132,114,91,28,9,9,6
TCGTTAAGACGTATA,7,NA,498,745,445,320,388,270,168,135,75,44,31,36,8,17
TGTTCCGCCTCTGGG,7,NA,498,443,471,519,565,402,184,86,90,61,32,32,48,10
GTAGGTGCTTCGTGC,7,NA,499,623,436,479,532,499,198,113,161,62,24,38,5,16
TGTACTGCTGTTTAT,7,NA,499,614,649,408,378,308,180,164,108,52,38,11,19,8
TGGTGGTGAGTACCC,7,NA,500,680,535,377,264,198,163,110,62,46,49,38,31,17
GACGCGAGGTTGTAA,7,NA,500,1049,541,537,507,314,236,170,176,81,54,25,24,7
TCTGCGAAAGATGAC,7,NA,500,658,500,302,402,295,175,138,127,69,61,43,36,17
AGAGCAGCGATAGGA,7,NA,501,433,798,727,671,414,376,110,123,120,75,62,30,2
AGGGAACGGTTATGC,7,NA,501,728,483,455,381,380,198,135,150,108,55,18,27,14
TCTGGCGGACAATTT,7,NA,502,778,373,479,404,329,168,147,82,118,38,91,31,16
GACTGGCACATCTTG,7,NA,502,438,393,511,528,489,233,65,160,91,62,48,19,13
AGAATAGTTGCGGCT,7,NA,502,523,723,604,506,515,166,286,259,57,90,38,24,18
GTAGGGGCTCGTAAA,7,NA,502,388,509,368,382,394,176,98,102,60,53,16,6,10
TGAGAGTAGATACAG,7,NA,503,558,582,423,557,444,215,169,221,105,15,28,16,12
GATCGAGCAGAGTAA,7,NA,504,480,315,547,538,391,282,193,86,152,55,41,37,16
AGTAGAATGACGGTA,7,NA,504,486,981,679,568,438,350,148,293,143,139,33,37,15
TTCAGAAGGAAAGCG,7,NA,505,607,528,471,563,481,230,137,115,111,52,23,16,10
ATCGGGAGAGTCGGA,7,NA,505,445,620,440,472,346,156,118,181,89,26,27,27,24
TGCAGGTGGGTTAAG,7,NA,505,651,291,465,458,245,223,248,280,254,194,218,117,124
TATGGAAGTATAAAT,7,NA,506,538,389,375,354,395,221,229,63,47,33,6,42,5
GGAGGATTTGCGGGC,7,NA,506,740,489,606,536,461,290,183,155,117,38,72,32,51
CCAACGATTTTTCGC,7,NA,506,647,992,559,569,666,383,246,151,164,179,92,47,45
CCGAGACAAGGCTTA,7,NA,507,538,324,484,374,466,185,148,86,96,45,13,5,12
GATTAGGTGGAGAGA,7,NA,508,768,89,385,439,265,199,187,210,65,108,38,13,15
GCTTATGTATGTTCC,7,NA,508,537,378,427,444,296,219,114,132,114,46,48,15,26
GTACATATGAATGTA,7,NA,508,816,729,408,490,302,237,254,142,61,53,42,7,8
GCTGAAGAGCGATGC,7,NA,509,605,691,466,498,410,192,169,88,92,65,52,33,10
TGAGAATCGTCAATC,7,NA,509,815,152,403,391,341,176,119,80,59,39,38,48,26
TTAACCATTACCATA,7,NA,509,994,944,635,554,572,324,238,134,71,98,64,26,22
GACCTATAATTGTCA,7,NA,509,817,683,504,444,395,322,145,86,104,27,29,44,46
TTTGTCGTTGTAAAT,7,NA,510,610,557,338,355,307,201,167,112,82,37,54,42,18
CATGTTTGGGGAGTG,7,NA,511,655,502,432,381,428,294,205,135,96,51,31,23,9
TGCCGTGCCTTAGCT,7,NA,512,794,382,602,637,357,299,174,156,140,98,126,64,38
ATCAAGTCGATTCGC,7,NA,512,435,505,481,437,343,133,97,82,70,77,45,17,45
TAGCAGGTACGCAGT,7,NA,513,971,703,658,646,594,275,201,60,93,70,31,40,22
GTTCCGGGAAGAGTA,4,NA,514,538,342,662,1209,1541,2699,1795,1202,1391,1000,701,687,410
AGGACAAGCGTGGTA,7,NA,515,769,771,470,495,372,236,244,115,117,36,58,43,13
CTGAAGCTGTGGTTC,7,NA,515,650,746,574,478,396,207,138,65,154,67,39,6,21
TATTCATAGACTCAA,7,NA,515,610,308,479,287,310,163,141,124,96,76,20,28,11
AAGTAAAGAAAACAA,7,NA,516,423,600,532,674,593,314,230,261,144,58,95,37,13
AGGCTAGTCACAACG,7,NA,516,1093,298,573,556,308,240,296,163,312,262,210,130,135
GCGAGCTGTTTGAAT,7,NA,516,537,390,516,343,373,280,341,292,309,317,348,145,241
ACGCGTTATAACGGA,7,NA,517,643,201,509,536,258,193,106,150,123,98,75,39,36
TGACGAGATGGACCT,7,NA,519,448,338,481,491,221,229,121,66,96,17,69,26,12
GGTCACGGATCGGGA,7,NA,519,659,553,527,517,394,195,160,141,99,29,32,29,29
AGTGTACCGAGGTAT,7,NA,519,745,566,590,556,357,147,181,95,122,28,26,11,14
GGGAATGACCGCCCC,7,NA,521,1003,114,448,356,412,175,211,124,116,48,26,14,5
GGACTATATACAGGT,7,NA,522,548,362,469,298,359,219,109,84,63,50,25,13,9
GAGGATTACTGCATA,7,NA,522,608,593,584,610,357,263,120,99,118,97,54,18,6
AAATGAATTGGTGGT,7,NA,522,678,989,1282,1621,1034,703,588,496,292,124,116,77,71
TGGGATAATAACGTC,7,NA,523,589,455,396,493,404,129,87,93,56,48,22,20,35
ACAGGAGGAGTGGCA,7,NA,523,598,515,368,379,331,218,156,94,42,69,45,10,12
ATGGATAAATTTCAC,7,NA,523,666,482,434,540,482,222,259,129,99,66,32,15,8
CACTAATTCTGGAAA,7,NA,524,635,503,416,461,470,260,219,64,95,55,22,29,17
CTATGATTAAATGAA,7,NA,524,440,602,732,925,856,615,486,389,305,205,168,123,70
TGGAAGCCACCCTCA,7,NA,525,1016,657,322,420,410,212,171,122,67,33,8,11,11
CCGCCCGCTCCGTGT,7,NA,525,1178,1112,686,630,753,339,174,259,152,54,32,25,81
AGCGTGATTGATTGC,7,NA,525,701,150,405,410,372,177,141,101,91,72,45,9,16
AGTGATGAAGGGGTC,7,NA,526,403,618,460,565,409,304,274,86,113,64,36,29,15
TTTAGTGTGCTTAGC,7,NA,526,662,687,394,413,419,208,91,126,72,62,58,12,7
GAAGCCGCGTTTCAT,7,NA,527,630,491,581,493,482,273,137,96,95,98,59,79,6
AGAGAGAGTTCAATG,7,NA,528,562,533,383,268,380,295,162,79,85,49,33,6,8
CATAGAAACCGGTCC,7,NA,528,909,326,418,431,439,290,197,101,133,37,22,47,4
TCTAGATGCATAATG,7,NA,529,619,741,489,425,388,204,166,127,86,61,38,22,13
GGGCACGGGTCGGAG,3,NA,529,752,228,400,268,376,292,753,752,963,892,862,446,612
GGCAGAAAGCTAATT,4,NA,530,1159,1087,1794,2296,3631,3207,2131,2176,1564,1152,1084,615,530
GATATGGGTCAGTGG,7,NA,530,564,531,536,458,401,169,157,123,73,73,19,23,14
GATCGGAGCCTTGGG,7,NA,530,597,428,473,332,383,171,98,106,74,27,6,11,1
GACCTCTAGCTCAAA,7,NA,531,496,926,615,716,539,310,309,238,68,59,30,33,1
GCATAGCCAGATAAA,7,NA,531,264,785,441,459,218,193,182,130,104,40,39,22,14
CACGAGGCCGATGAG,7,NA,531,654,741,549,510,374,262,163,83,114,44,37,11,8
CACTCACTCCATACT,2,123,408,340,322,359,364,434,582,1057,1520,1416,1266,1083,781,890
ATGGTGGTTAGAGGT,7,NA,532,581,366,500,551,577,267,179,227,104,47,26,1,17
TAAATTAGTTCTGAT,7,NA,532,1006,622,582,611,463,185,151,148,96,37,36,64,26
GTGCTTGTAAGCAGA,7,NA,533,483,268,536,456,589,230,222,140,92,65,68,52,38
CTCGGGCAAGCGAAC,7,NA,533,1038,919,658,525,263,252,177,105,79,63,40,5,16
CTCTACCATGATAGG,7,NA,533,473,479,577,506,339,220,175,100,75,59,7,9,37
CGTAGTGAGCCCTAA,7,40,494,495,359,425,568,640,410,324,137,149,98,110,89,37
CCTTGCGTTGGCGTT,7,NA,534,642,664,559,467,527,178,180,179,88,69,9,19,25
CCGGTGGGGATTTAG,7,NA,534,1438,681,566,564,551,310,206,111,124,45,100,7,16
ATAGCTAACACTTCA,7,NA,536,719,674,432,519,385,192,113,89,79,87,34,26,10
AAACTTTCCATAGGA,7,NA,537,514,382,507,558,474,238,208,201,153,71,56,30,31
GAACCATAAACCTCC,7,NA,537,313,391,422,356,475,285,173,322,248,261,194,244,241
TTGGAGGCTATCTTT,7,NA,537,770,256,424,519,252,259,138,33,41,61,21,30,17
AGCGTTGACTAATGA,7,NA,540,720,238,354,453,418,166,266,399,300,146,251,139,129
TATTTACATATATAT,7,NA,540,309,508,444,484,515,163,217,132,86,48,29,12,7
ACGAGGTTTTGCCCT,7,NA,540,794,382,458,477,386,216,91,100,70,28,19,41,16
CGGTCCGGTTCTACG,7,NA,540,1023,767,752,569,530,266,237,203,151,62,40,24,22
CTGTGTTCTTTACCA,7,NA,541,673,937,548,503,365,269,173,222,100,31,63,13,31
TCGTAGGGACTGGAG,7,NA,541,323,718,404,461,414,223,77,117,130,90,22,30,5
CGCTGTACGGGGAGT,7,NA,541,450,607,662,464,614,282,250,146,130,84,65,10,17
TTCACGGAGGGAGGT,7,NA,542,1105,337,322,222,217,113,106,94,128,44,16,16,13
CAGAAGCGATGCCGG,7,NA,542,1119,563,349,331,353,137,161,207,60,41,23,23,19
AGGTAGAAAGAGTCA,7,NA,542,874,440,549,385,764,380,325,389,205,114,119,40,42
ACATATGACGCTTTT,7,NA,544,462,291,356,453,325,149,128,209,82,27,49,8,37
ACATGGTATGATGTC,7,NA,544,1165,468,577,496,463,256,96,216,94,86,29,17,7
GCTGGTGGATCGGAT,7,NA,545,435,931,350,449,426,173,77,131,123,38,36,24,21
TTGGAAGACTCCTTG,7,NA,546,851,257,427,408,369,152,119,132,111,75,24,59,3
AAAAGGCTATTGGTG,7,NA,548,569,414,445,523,366,276,170,117,95,48,18,42,8
AGGGTGTAATGCTTC,5,NA,6,149,244,264,261,483,549,314,412,236,167,132,116,44
CCATCGAGATCCAGG,7,NA,549,372,602,720,689,375,289,203,320,164,102,54,47,1
GACGAATGTTCTCTA,7,NA,549,693,509,429,427,443,168,184,164,69,31,36,25,13
GATTGAGGACGCTGG,7,NA,550,357,568,462,299,541,162,110,141,71,66,66,13,28
GAACAAAGGTGCGAG,7,NA,550,678,468,281,452,280,202,106,90,74,55,44,16,34
CAAAGCTCGTTGGGT,7,NA,550,468,463,386,395,357,239,96,47,68,40,19,45,1
GCTACCTGAACTACG,7,NA,551,707,313,449,391,605,252,76,146,35,51,27,16,18
ACGACAGATGGTACC,7,NA,551,700,1018,595,784,490,326,249,174,159,79,46,19,19
CGGGGATCGGACCCC,7,NA,552,709,554,633,597,483,260,143,124,76,112,33,9,1
CTTAAATGATTGCAC,7,NA,553,790,700,591,664,627,561,356,340,204,115,37,19,30
TCAAGGACATTCTCA,7,NA,554,463,743,703,610,494,277,281,233,144,75,67,12,24
TACCCATGGTTGTTC,7,NA,554,1062,337,593,396,447,199,200,108,106,62,25,13,33
AGAATCGCCGGACGG,7,NA,555,985,473,416,466,452,292,201,88,87,37,31,7,16
GGGTAGATGACAAGG,7,NA,555,658,682,439,401,439,190,126,175,138,9,65,14,18
AGGCATCATAGAGTG,7,NA,555,642,787,568,557,328,182,101,32,62,49,52,32,14
ATCTCAGGCGAGGAC,7,NA,555,894,221,648,525,620,286,130,138,138,36,48,27,2
AATTCTTCAACATTC,7,NA,556,279,438,386,577,329,146,104,74,113,49,12,33,22
AACTGCGAACCCGTG,7,NA,556,623,551,639,620,522,295,167,182,83,74,57,76,9
GTTGGAGTGGTTAAG,7,NA,557,882,634,393,373,383,265,87,172,90,46,32,2,18
CAAGGTAATCTGAAG,7,NA,559,655,685,634,653,444,370,253,159,106,65,32,22,34
TCAGTCGACGGGAAT,7,NA,560,698,185,488,494,455,199,170,70,76,67,51,33,10
GTGGCAGTCGCAACT,7,NA,561,578,559,454,408,299,273,72,96,68,60,42,12,18
TGTAGAGTTAGTCTA,7,NA,561,612,695,610,488,462,300,251,203,92,34,37,23,25
CTACCTGCTGGACGT,7,NA,562,537,853,668,653,493,232,253,133,109,79,54,19,23
AGTATTGCGTTCCAT,7,NA,563,727,536,485,411,458,170,172,79,40,32,65,15,1
GCGTAGGAGACGGCT,7,NA,563,950,400,561,803,462,231,114,95,70,61,42,30,18
CAATGGGTTGGGCAT,7,NA,563,795,161,408,363,379,160,87,164,33,23,32,19,24
GCACTAGGAATTGGC,2,NA,563,415,591,501,450,371,647,1169,1785,2100,1816,1694,1325,1304
AACTTGGAGGATCAT,7,NA,563,592,451,433,425,383,160,81,129,26,81,25,22,19
TGATAGGATAGTTCA,7,NA,563,504,401,450,579,378,272,106,115,141,77,44,17,8
CTCCCCAGTTAGTTT,3,1,563,1140,183,379,434,334,419,928,1009,1264,1586,811,675,768
GCTGAGCGAGAACGC,7,NA,565,622,522,483,463,258,178,121,136,93,46,50,24,23
AGCTCTCTTGCAGCA,7,NA,565,657,691,615,746,458,283,183,126,109,78,117,45,19
AGTCACGGAGCGTGC,7,NA,565,477,170,608,537,419,203,91,160,72,47,39,25,35
ACATATTTTGTATGT,7,NA,566,261,367,470,409,480,183,84,106,70,46,76,16,7
ATCTTGAAAGACACA,7,NA,566,472,591,336,272,430,225,44,78,54,27,7,19,9
GAGTAGGATGACGTA,7,NA,566,802,908,508,479,544,232,108,154,133,60,42,29,40
TTATTTGGTGCCATT,7,NA,566,789,681,632,597,463,314,120,240,86,73,98,51,4
GGTCATAATTTGAAC,7,NA,567,286,324,405,585,418,275,137,169,98,63,25,6,21
TAAATGTGCAGGCAC,7,NA,568,377,463,474,400,326,230,94,180,148,51,33,5,30
CCGCTAAGAATTTAG,7,NA,568,554,520,545,467,460,236,179,108,151,85,59,8,50
ATATGACCTAGAATC,7,NA,569,620,694,465,492,223,201,153,122,80,62,4,6,8
GAGGTGCGTCAAAGG,7,45,524,798,857,698,695,591,345,270,183,185,73,28,20,28
AAATTTCCTTTGGAG,7,NA,569,903,575,428,604,385,150,162,71,82,57,92,36,10
CTAAGATGAGTTGTT,7,NA,569,430,354,514,602,427,335,188,125,114,57,38,14,9
ATGGACAACACTACA,7,NA,570,786,750,509,539,500,226,171,34,157,48,64,34,42
ATCTCAAGTGTTCGT,7,NA,570,675,363,404,398,293,236,163,119,88,22,12,16,23
AAAGTACCTGCAAGA,7,NA,571,639,236,339,280,474,195,103,168,88,39,33,16,17
TTAAGGTCGAGTCAC,7,NA,571,457,346,530,495,384,230,96,103,122,61,56,7,9
GACACTGACCATTCA,7,NA,572,418,676,429,440,286,190,112,189,45,83,8,8,15
AAGGTTAGGTGTATC,7,NA,572,910,848,734,662,624,275,173,196,120,26,27,34,18
GTACGGTGCGCATTG,7,NA,573,545,754,563,496,576,274,143,125,106,40,45,51,7
AACGTTGTGTTAGTT,7,NA,573,1001,686,645,624,655,296,164,149,141,112,41,62,8
TTTCTGTGAACTTTT,7,NA,573,574,462,354,377,269,135,118,130,67,34,12,18,26
TATGGTGAAACATTT,2,NA,574,569,540,536,731,1109,2848,8451,10578,12025,10302,9923,7281,8280
GACCCCCGTGCAGTA,7,NA,574,891,916,639,660,492,274,201,235,123,181,36,72,55
TGCACAGCGGTGTAT,7,5,569,380,824,465,456,380,269,82,120,167,54,49,30,12
GAATAGTTCGTATAG,2,NA,575,726,510,582,703,1815,6522,18941,25272,32729,28122,26382,20940,22665
AGAATGCAAGTGGGG,7,NA,575,627,287,380,391,313,212,76,190,53,31,26,26,1
AGCGGTGAGAATTAC,7,NA,575,549,551,455,441,314,240,109,44,93,30,58,39,16
CAATTGCCACCAATA,7,NA,576,1315,622,656,830,916,932,603,728,601,408,275,246,247
GGCTATGTACCTTAG,7,NA,576,395,601,445,306,296,185,166,101,64,26,54,23,6
ATTTTAAATCGTAAC,2,NA,576,1328,1967,2027,3626,5911,5844,5124,6531,6020,5908,7598,6837,6317
ATTTCTGTTGTAGAC,7,NA,577,790,347,500,496,357,194,152,116,52,27,41,16,28
AGGCCACGCTAGTAT,7,NA,578,551,438,427,367,378,218,97,107,100,57,18,29,1
ATGGCGATAGGTATT,7,NA,578,334,615,422,420,442,332,40,144,61,26,34,61,49
TGAGCATTGGGACTG,7,NA,579,263,364,454,512,272,225,189,87,117,37,28,24,4
TTCGGCAACCTCTAC,7,NA,580,551,433,415,365,397,186,117,130,67,56,51,26,8
CGTAGATTCGGGATG,7,NA,580,364,1032,540,580,517,273,168,144,94,44,14,48,34
GGACTCACGATGGGT,7,1,579,640,601,651,551,468,310,279,199,127,49,66,23,30
CAGCGAGCAGAAACC,7,NA,581,481,463,388,451,395,259,79,84,48,44,1,13,37
CGTAATAATTTAGAG,7,NA,581,249,546,376,500,493,183,96,191,100,60,32,23,11
AGAGGATTCCTCTAG,7,NA,581,629,471,499,642,365,243,108,158,74,35,66,32,5
CGTAAGTGAGCGAGG,7,NA,582,599,287,449,454,276,117,131,37,112,55,21,38,14
TGTTTGCGGGTTTTA,7,NA,582,439,673,515,525,424,263,106,89,81,63,31,26,5
TTGATTTACCTTAAT,7,NA,583,526,549,705,629,614,284,234,170,146,90,13,38,29
TAAAATAAAGACGGT,7,NA,584,509,488,442,468,409,160,202,94,73,21,49,29,5
GAAACGACGGGGTGG,7,NA,584,316,670,633,595,439,276,230,186,124,41,80,29,15
GTAGGCCAGCTGACC,7,NA,587,939,489,384,437,227,198,139,51,120,67,11,36,44
GCACAGGAAAATCAC,7,NA,588,521,683,409,479,362,218,248,152,94,64,61,25,4
TTTATTAGGCGTGCT,7,35,553,342,435,341,344,305,206,230,201,146,69,103,85,74
CTCAGTAGGCTCTTT,7,NA,490,414,588,432,404,382,214,80,86,58,87,15,24,16
CATGTTAATTGGCTG,7,NA,589,746,454,461,501,415,188,150,118,109,42,40,23,3
GCCCTACGCCTAATG,7,NA,590,826,693,486,613,421,244,201,52,119,73,8,46,17
CTTGCGTAGCTAGTT,7,NA,590,532,452,538,417,520,313,558,494,588,456,273,206,217
TGGGTTACACCCAGG,7,NA,590,377,450,421,463,459,169,99,132,62,42,18,29,25
TCAGTTGGCCCTGAA,7,NA,590,832,672,486,448,468,221,127,172,70,72,51,1,15
TCCGAGTTTGGTGTG,7,NA,590,837,431,585,572,557,270,203,147,72,47,44,27,11
CTGGGCCTCAACTCT,7,NA,592,492,265,379,513,436,206,117,74,92,61,35,26,30
CACGCATGAAAGTTT,7,NA,592,629,1025,571,748,852,367,222,137,139,117,66,34,49
TCTTGGGCCGGGCGG,7,NA,592,596,558,495,528,504,173,179,111,66,45,58,31,5
TTCGACAAGAATGCA,7,NA,592,668,398,366,603,413,255,187,142,105,69,40,29,24
GAGAAAGCATGCAAC,2,NA,593,727,727,586,555,895,1699,4576,5812,6878,5881,6304,4391,4502
TTCAGTATAGTCCGG,7,NA,593,549,562,610,610,412,268,154,211,106,72,39,15,8
TTGTAGTCTATCCCT,7,NA,593,1364,543,613,620,477,271,216,158,126,26,32,14,16
AGACTAGAATGGCTA,7,NA,593,870,464,557,450,500,259,128,138,112,35,5,22,11
TATAATCTTTGATAA,7,NA,594,619,144,496,332,319,160,122,120,80,81,38,29,7
CGAGTCCCCCGCATA,7,NA,594,579,502,628,621,492,208,189,142,152,120,68,57,45
GCCATTGACTCTATA,7,NA,594,854,523,566,550,577,206,182,114,143,59,6,21,28
AGTCACTAGGTTGCC,7,NA,594,822,650,707,684,504,303,224,188,127,127,51,19,28
CCGTAATATGATCGT,7,NA,594,430,314,586,472,622,220,117,102,125,58,28,18,9
GCCCCTGGCATGTAC,7,NA,595,496,346,544,334,291,174,158,107,55,56,13,23,34
AGGATTCCACGCGAG,7,NA,596,654,868,659,538,559,316,173,112,95,96,16,40,29
AGTGGGAGATGTTAT,7,NA,596,1079,841,726,813,631,380,237,188,71,47,62,25,45
TGTCGGTTTAGTAGA,7,NA,596,938,745,567,535,490,311,201,109,93,63,44,34,16
CCTCGGAATGCCATT,6,NA,597,707,270,384,524,591,574,601,308,329,360,125,115,105
AGACGCAGTGACCTG,7,NA,598,304,495,364,542,407,231,204,116,51,53,30,30,30
AATATTTGTACGTTA,2,NA,598,250,198,383,493,581,1043,1860,2034,2281,1540,1837,872,1168
TGACATCACCCTATC,7,65,534,555,462,610,655,457,268,210,133,103,49,47,16,27
GTGTGATCTGATTGC,7,NA,599,775,1019,529,785,606,351,238,221,80,96,42,24,8
AGGGTAGCTGATTTT,7,NA,599,434,740,473,492,294,231,151,134,78,52,73,10,3
CAATGACAGAGGATA,7,NA,600,823,312,454,459,338,227,130,185,133,116,56,24,102
AGCTCGGAAATTTAT,7,NA,600,823,676,543,498,769,331,227,198,164,42,58,27,34
CGGTCGGGTGGGGGT,7,NA,602,1098,866,660,695,424,305,200,186,124,72,43,20,26
CTATCATTCCCTGAC,7,NA,603,914,505,553,340,336,234,163,109,123,19,14,20,2
GTGGCATGAACAACT,7,NA,604,583,197,385,486,480,278,478,204,154,83,75,49,25
ATTTTGCCGTACAGA,7,NA,605,759,467,692,718,484,314,240,182,121,82,18,30,44
CTGAATGCTATCTTG,7,NA,605,519,433,441,587,461,230,237,119,47,57,6,24,38
TGCAGGCTAACTGAC,7,NA,605,934,532,410,429,322,368,99,32,64,48,24,26,14
AATGGCGGCTATCGC,7,NA,605,672,717,572,570,502,186,282,59,125,41,17,46,38
TTTATCCGCGCAGAA,7,NA,606,534,299,544,535,375,220,156,162,64,93,12,24,16
ACAAGTAGTTCCATT,7,1,605,1274,874,1025,1098,822,435,173,223,175,127,53,43,38
TGCTGTTGGTCTGGC,7,NA,606,629,775,544,631,477,268,188,160,125,83,55,24,21
CTATTGACATGATAT,7,NA,607,844,921,896,944,904,565,342,181,183,117,18,36,31
ATTTGAGTATAGCCA,7,NA,608,737,506,571,645,653,260,274,222,105,52,31,33,38
GCAGGCTTCCACAAT,6,NA,609,520,514,476,638,777,903,710,599,534,534,269,189,187
GTGCCCGACGTGAGT,7,NA,609,648,467,639,544,388,257,199,248,121,50,26,9,5
CGGGAGAATTATTGT,7,NA,610,898,885,736,725,624,352,235,164,159,75,22,13,6
GACATAACATGAAGT,7,NA,611,226,543,507,624,439,340,166,97,82,105,99,34,37
CAGCTTAGGGTGTGG,7,NA,611,821,662,681,601,519,230,229,229,152,71,67,36,4
AATATCGTAGGTTTG,7,NA,611,351,737,590,356,403,169,161,189,88,57,11,21,9
ATTGATCAGCATGGC,7,NA,611,942,1262,758,587,552,349,270,220,119,129,28,42,12
GGTTGGCGTCAGCCT,7,4,608,208,702,683,531,499,274,189,214,119,42,106,40,15
GAAGGTCGTTCACGT,7,NA,613,482,586,482,500,298,207,85,73,82,32,37,8,5
GTGTGACGTAACATT,7,NA,613,596,624,532,497,500,211,159,156,125,90,25,40,28
CTCGAGTACAAACGT,7,NA,615,724,660,576,475,367,272,186,320,88,45,71,17,14
AGCAGGACTAGATGC,7,NA,615,710,476,500,457,536,198,149,77,62,30,15,30,8
TCTGTTAGGCTCTGG,7,NA,615,456,565,746,504,419,237,138,143,69,69,69,57,15
TAGCATCTGTTGGAG,7,NA,615,1325,727,907,898,572,408,298,256,124,119,35,22,27
ATCGGATATCAGCAT,7,8,607,707,374,481,490,298,231,206,81,97,71,NA,33,8
GCCGAAGAGAAGTGT,7,NA,616,645,401,432,449,381,239,137,139,98,57,37,13,19
TACGGAAGCTTCCAT,7,NA,617,544,565,564,553,432,287,152,130,130,94,44,36,11
TGGCACCTTCGCGCG,7,NA,617,592,671,581,536,424,335,203,147,132,41,49,13,18
AGAGGTAATTCGAAG,7,NA,617,904,943,555,535,518,306,186,106,94,103,92,15,25
GCGGTGTAGTTATCA,7,NA,618,627,550,547,607,370,395,231,244,162,100,98,42,62
AGCGCGGTATTGAGG,7,NA,618,267,484,392,327,444,246,197,134,117,109,14,14,27
GTAGACTATTCGGTC,7,NA,619,843,705,618,585,468,311,176,153,84,59,45,25,28
GCTCACTGAGGTGCT,7,NA,619,918,776,627,699,747,296,134,107,118,41,38,60,16
ACCGTGGGCGGTACA,7,NA,620,803,552,385,523,655,215,103,102,80,82,51,35,10
CTATTCGTCCCTGGG,7,NA,620,763,416,450,260,299,196,101,126,68,26,19,19,26
ATTAACGGACTAGTC,7,NA,621,257,490,413,426,318,234,251,101,67,26,33,3,18
TTCCGTAGAGACCAG,7,NA,621,801,705,532,471,397,263,188,209,105,57,26,4,6
CGATGATAAAATCCA,7,NA,621,1179,463,595,764,396,274,216,163,147,101,35,31,48
GGTTAATTCATTGCC,7,NA,621,297,692,495,592,351,277,241,89,131,62,13,21,30
TGTATGGTGAATAAA,7,NA,622,393,239,517,627,634,339,199,234,105,85,131,62,61
TGGGAATGACACTCC,7,NA,623,809,328,538,578,408,253,307,253,116,48,44,42,25
TTGGCGACAAAGTTT,7,NA,623,725,591,554,383,409,244,60,141,107,37,63,24,18
TAGTATCGCGTCTAT,7,NA,624,762,738,441,389,306,220,186,88,44,24,18,18,22
CTAAGGATGCAGAGG,7,NA,624,935,726,620,624,562,284,189,137,124,52,24,13,22
GTTGCTGAGTACCTA,7,NA,625,780,343,622,722,478,356,132,117,97,95,15,34,7
CCTCTAACGGAGGGC,7,NA,625,633,265,548,485,458,227,151,219,123,32,50,38,4
CGAAGCTATCTGTTT,7,NA,627,806,738,610,817,632,280,199,134,122,75,60,21,38
TGTTTCGCATCGCTG,7,NA,629,360,424,594,508,299,175,169,178,147,96,42,74,86
TGGTAACACCTGACA,7,NA,629,311,501,501,373,362,166,97,75,103,54,20,40,8
TTCAGCGAATAAACG,7,NA,630,834,644,460,346,548,249,205,97,90,93,17,7,13
AGGTTTGTATCAACG,7,NA,630,589,320,429,335,426,229,157,99,80,8,29,14,31
CCTGTCGTAGTTATG,7,NA,630,1175,860,700,577,541,322,147,215,204,85,71,33,12
ATCTAGTACGGCCTG,7,NA,631,858,761,681,662,622,274,247,157,108,96,47,29,14
CTATTACGGCTGCTT,7,NA,631,390,582,501,481,341,230,135,208,197,145,112,53,69
GGCACGGTGCTGTAA,7,NA,631,471,623,637,858,508,385,147,185,103,119,15,23,43
ATGTTTATTAACTAG,7,NA,632,298,542,573,408,471,209,145,163,66,31,47,7,9
CTCGATGGTACCATG,7,NA,633,507,714,531,601,537,222,199,129,84,98,71,9,11
GTCACACTTTTAAAG,7,NA,634,541,319,507,596,362,327,240,168,139,87,67,22,25
AACTGCGGTGTTAGC,7,NA,634,510,525,538,394,459,218,189,149,85,36,43,38,19
AGCGTCAGGGGAGGG,7,NA,635,982,501,627,607,390,228,180,132,97,88,15,56,30
CTCGCGGCGCACCAT,7,NA,635,692,631,832,834,404,353,162,246,127,75,29,28,31
TGTTGTTGCCAGGAC,7,NA,635,602,407,502,612,356,179,125,80,104,70,49,22,27
AATAGGTTAGAGAAA,7,NA,636,410,506,463,498,495,250,175,54,88,43,17,22,32
GTACGACATGAACAG,7,NA,637,520,376,318,428,273,140,123,91,49,43,57,20,29
AAGAATTCTTCGACT,7,NA,640,682,641,526,541,435,226,141,91,71,52,48,13,33
AAGAACTAATCGTAC,7,NA,642,782,574,668,565,496,313,189,216,108,43,46,28,10
ACTGAAGGTAGGCCT,7,NA,642,975,368,732,561,619,332,210,191,101,64,65,40,30
TGGATGGGTTGCTAT,7,NA,643,627,434,610,562,531,330,178,218,117,106,28,38,20
TGTACAACACAGGCG,7,NA,643,1215,582,728,505,395,218,212,135,119,99,78,57,57
TCTGTCGGTGTTGCT,7,NA,643,777,796,634,492,491,217,202,99,114,72,41,22,17
GTTATGGCAGTAAAG,7,NA,646,719,872,412,545,357,205,100,134,67,37,32,15,5
TACGACGATTTAGGC,7,NA,646,580,305,481,424,330,235,224,92,61,41,70,25,28
GTGGAGAGAGGTTAT,7,NA,646,630,346,422,412,339,158,127,107,81,54,75,40,34
GCGTGCACGGGTGGA,7,NA,646,498,560,479,666,512,296,179,152,101,41,19,44,20
ATTGCGCAACTTGAC,7,NA,647,493,312,658,453,546,241,120,130,100,78,57,7,17
CCGTCATGCCAGATG,7,NA,648,1648,399,509,473,284,242,159,276,145,65,17,31,43
AGGTGTAGCATACGC,7,NA,649,333,685,493,465,283,278,183,122,79,76,23,19,10
ATGGGGCGCTGGCGC,7,NA,649,826,739,505,481,319,229,192,191,131,129,76,37,29
GATTACAAGAAGGAA,7,NA,649,496,500,492,509,454,230,129,226,104,42,58,16,9
AGTAGGCCCTGCGTT,7,NA,650,727,585,551,414,360,235,169,234,117,45,26,24,37
TCAAATCAACTGGAA,7,61,589,967,447,741,651,633,283,240,67,114,130,51,15,13
TGCCATTAAGTATTT,7,NA,651,684,469,502,571,353,203,179,135,81,63,87,24,19
CTAACAACTTGAGAC,7,NA,651,1014,744,576,456,460,256,155,98,118,113,70,31,15
GCTTTCGTATAAGTA,7,NA,652,893,656,682,680,575,303,191,129,100,75,58,25,6
TACCTTCCTTGGTTA,7,NA,652,767,523,507,416,421,261,180,283,75,50,23,32,34
GATCGTCTCATCAAT,2,NA,653,783,576,782,664,725,516,1180,1370,1507,1688,1274,966,920
GCAGGGTTGCGGTAC,7,NA,654,1563,983,644,725,525,334,277,214,137,67,44,5,13
GGTAAAGGGATTGTA,7,43,612,579,201,479,519,352,276,212,107,97,47,39,18,26
GGGCCCAGACTCACT,7,NA,656,471,753,389,514,425,178,241,105,108,36,14,26,27
ATTTACATCGCCAGT,7,NA,656,565,633,465,403,416,241,138,99,81,75,76,28,9
AATGTCACATGAGAG,7,NA,657,780,715,728,589,450,354,163,174,182,67,49,67,22
CTACGACATGGACCT,7,NA,657,789,781,642,350,348,197,180,83,119,99,63,9,25
ACCCCTAAATTGGCA,7,NA,657,610,390,507,551,458,243,155,86,78,107,99,29,62
TACACGAAGGTGCTC,7,NA,657,1081,614,743,530,684,337,209,169,189,120,153,55,85
GCATCCTACTGTTCA,7,NA,658,958,1044,623,773,424,255,263,107,71,80,84,53,16
TCTTCCATGGGATAA,7,NA,659,528,294,448,473,325,197,136,87,78,56,13,21,17
TTCTGAGTGAACAAT,7,NA,660,595,554,699,725,486,252,179,287,135,113,53,56,50
AGGGAGTGTTGAAGC,7,NA,661,614,488,560,651,449,297,229,100,89,53,53,7,17
GAGGAAGCGCCACCC,7,NA,662,607,296,555,593,355,277,146,138,135,24,47,30,41
ATACAAGGTTTGGGT,7,NA,662,614,472,465,512,451,201,133,17,74,61,51,20,12
CATTGGTCGAGTGTC,7,NA,662,756,408,483,455,308,175,91,64,66,112,3,10,14
GTGTCTAATGTGCGT,7,NA,664,773,333,512,585,303,169,115,107,84,26,36,29,12
AGGAGCTGGGCTCGA,7,NA,664,628,478,518,412,364,217,207,244,92,54,74,5,7
GATGCGAGGCGGGAG,4,NA,666,255,687,562,930,853,1193,1201,1129,1206,952,632,477,357
CTCTGGAAGAGAAGA,7,NA,667,863,227,482,552,463,275,204,128,92,59,12,10,5
GAAGGTATATAGATA,7,NA,668,799,364,455,459,504,271,209,180,89,72,23,26,46
ATTCGGAATTGGATA,7,NA,669,657,547,870,798,587,296,226,167,177,98,100,117,84
TGCTACTGCGGCAGG,7,NA,671,694,359,597,520,357,238,174,300,164,253,180,37,97
TATAGAACTGCGGAT,7,NA,671,912,448,447,455,490,212,70,63,69,20,40,50,35
CCGTAGGGGGGTACC,7,NA,671,890,553,755,635,429,340,266,75,95,55,13,28,25
GACTTTACATCGGTA,7,NA,672,523,448,485,547,341,244,182,39,88,72,50,18,11
GTGTAGATGCTAGTT,7,NA,674,518,510,677,488,396,192,167,268,110,53,70,21,6
GGGGCAAGGCTCCTT,7,NA,674,788,700,566,703,526,308,251,142,96,116,39,31,12
GGATCCCGATTGGCA,7,NA,674,957,1124,807,904,429,277,157,118,128,75,30,52,14
TCCATGAGTCATGAA,7,NA,674,705,775,566,525,539,394,216,361,153,126,34,78,11
GGATGAGAGCCTAGG,7,NA,676,771,638,485,623,365,260,239,106,86,39,28,22,59
TCCCCCCGGTGTTTG,7,NA,676,388,498,587,523,428,319,199,228,123,84,55,33,35
GTTCACACCACGAGC,2,NA,677,401,300,647,1170,1633,4853,11837,16954,19024,17475,15346,11363,11573
GTCCATGATTGCCTC,7,NA,678,1342,870,838,784,646,420,324,289,161,86,59,53,50
GATCTGTTCTGTGGC,7,NA,678,510,366,463,414,353,238,139,135,82,63,36,4,53
GTCTCGGTACTCACA,7,NA,679,1144,620,644,639,376,320,173,190,92,89,44,46,32
CATGCGTGCAAATGG,7,NA,680,839,378,631,600,339,210,214,114,144,23,73,51,50
CTATGCATTCAGGCG,7,NA,680,454,442,507,558,297,213,108,47,104,94,37,27,26
CAAAGTAGACATGTT,7,NA,680,697,478,469,356,406,209,167,176,177,100,96,135,52
GCAGCTAAGACGTGT,7,NA,597,350,554,587,600,565,382,204,216,100,104,15,9,21
ACACTTCAAACGGAA,7,NA,682,634,413,624,587,529,253,177,186,91,62,62,18,22
CGGTGATTCGTGACT,7,NA,682,534,747,636,497,459,267,179,206,125,90,65,67,47
CTCGGTTGCGTTGAA,7,NA,682,697,689,657,508,371,233,140,202,88,57,60,22,8
TGGGTCCAATTCTAT,7,NA,683,844,979,711,621,547,379,203,165,224,114,48,48,29
ATGTAGGAAGCGAAG,7,NA,684,899,720,565,525,387,322,206,162,97,46,23,28,13
TGAGGTTTTAGTTAA,7,NA,684,711,287,391,364,380,247,183,76,118,30,74,38,13
CACGGGTCAATGTGG,7,NA,685,711,122,619,494,674,265,175,211,92,78,78,29,37
GGGCATGGAACGAGA,7,NA,685,912,421,697,763,437,222,256,117,108,78,4,35,17
GATTCCAGTGAGTTA,7,NA,686,698,356,461,423,312,191,197,164,63,52,33,24,44
AGTTCGGACGTACGC,7,NA,687,337,178,691,630,409,283,181,144,139,106,65,22,22
CCTTATATGATCCTT,7,NA,687,482,428,501,487,292,204,212,86,120,89,42,41,14
AAGTCGTTAGAGAGT,7,NA,687,902,591,620,572,411,287,236,191,114,111,59,6,20
TTTGATGAGTGGCAT,7,NA,687,935,743,723,759,559,274,206,162,163,106,66,9,24
TGCAGGGGCGGTAGA,7,NA,687,886,789,572,518,563,231,154,126,146,41,31,49,29
GAAAACATGTCAGGA,7,NA,688,646,525,523,504,523,256,215,148,112,54,41,40,71
TTCGGAAGACGCTGT,7,NA,688,848,303,801,865,530,317,208,171,205,111,70,54,81
TCAGCAGCTTGAGGG,7,NA,690,575,807,368,486,495,208,166,34,89,54,15,16,18
GTATGACTACGGAAC,7,NA,690,970,462,733,684,545,455,342,247,356,284,267,181,189
GTGTTAGACCTGAAT,7,NA,690,473,757,568,915,501,242,240,213,89,75,69,34,36
ACCCAAAGGGAGCAA,7,NA,690,661,428,324,340,308,129,130,52,94,42,37,5,8
TTGATAAGGCCTCGG,7,NA,690,940,925,727,724,500,351,186,236,123,63,85,14,20
CAAGGTTATGTAAGG,7,NA,691,1025,492,693,671,609,342,167,130,136,59,13,26,15
CTAAGCGTTGGGGCG,7,NA,691,639,70,478,472,384,245,57,53,81,56,64,11,8
CCTGGGAGTGTCCTA,7,NA,692,561,544,427,395,361,146,167,48,88,46,45,35,19
CTCAACAACTAGGCT,7,NA,692,847,416,641,525,542,297,205,70,129,49,59,23,30
GGGCGACACTGGCTA,7,NA,692,1110,534,527,609,637,296,115,134,102,70,49,16,27
TTACTGTCGGGGTTC,7,NA,693,858,558,629,563,433,264,211,137,128,70,22,37,19
GAAGGGCATGAGATG,7,NA,693,988,355,493,569,588,269,206,126,111,42,23,37,32
TAAGTCGGTGGTTGC,7,NA,693,769,1197,897,885,687,555,522,617,629,397,279,291,198
CACCAATCGTCAATA,7,NA,694,622,961,694,622,429,265,230,245,120,34,45,41,28
GGTTTTACGTCGGGT,7,NA,694,851,701,471,424,333,186,187,123,96,32,32,18,32
GAATCGTATGTGGTT,7,NA,695,741,457,616,631,658,266,196,248,175,70,44,11,19
AGGCCGCTTTTGGTC,7,NA,695,1003,407,587,667,391,340,238,173,88,54,16,34,5
AATTATTACGCACAA,7,NA,697,522,513,482,669,450,194,121,58,56,83,75,21,8
ATTGTGCCCGCAGTT,7,NA,697,1054,560,751,738,480,332,260,195,176,115,55,35,47
TAATAGATTGCGAAA,7,NA,698,939,471,539,579,479,316,252,91,88,97,61,37,23
GCCCGCGTTCATGAG,7,NA,699,949,797,584,868,399,254,335,188,119,53,91,23,26
AAGGGAAAATAGAAT,7,NA,700,779,403,438,523,368,252,104,174,93,61,49,33,24
TTAAATTGTACGAAC,7,NA,700,445,479,524,559,487,284,237,231,131,123,59,32,31
CAGGTCTGGTAATGA,7,NA,703,186,92,591,573,586,276,122,186,129,57,46,10,3
TGAGTTGGGTCATTG,7,NA,704,719,442,619,542,522,184,127,129,93,78,46,54,26
GCATGTGTTTGCATC,7,NA,704,512,893,742,730,534,261,192,198,125,64,69,46,24
AGTCTTAGTTTGCTC,7,NA,704,661,593,642,596,497,243,134,168,94,22,33,5,20
GAGATGATCTGGCGA,7,NA,705,496,420,330,697,286,218,148,114,99,60,4,38,17
CATCGTTGGGGGTAA,7,NA,705,739,955,681,646,450,340,249,138,106,60,59,17,39
CTTGTGGGTAGTTGT,7,NA,706,946,675,734,699,596,312,189,183,158,58,61,27,29
ACATCGTGGTTGAAA,7,NA,707,903,604,567,507,456,286,179,94,63,48,85,26,42
GTCTATGCATCATAA,7,NA,709,866,319,552,525,559,242,209,211,92,160,48,18,11
CCGTGAGCTATGAGA,7,NA,710,615,689,661,538,583,365,276,155,97,77,53,47,6
GAACAATATTCCGAT,7,NA,711,233,360,569,616,289,257,213,167,149,32,24,46,11
TGAATGAATCTAGAT,7,NA,712,632,605,633,672,191,259,260,126,135,68,66,29,11
GTCCCCGTGACAGTA,7,NA,713,468,401,592,438,348,301,316,121,98,59,65,25,22
AAGGAGCTGGAGACA,7,NA,714,630,228,541,523,657,261,196,137,130,70,57,36,8
GTAGAGGAACATGAC,7,NA,714,910,711,579,559,587,269,142,62,95,49,45,13,11
GCTGAATGCCCTCAA,7,NA,714,638,543,477,396,185,261,100,107,74,32,35,5,9
CACTAGGTTCCGCAC,7,1,714,945,732,596,546,349,270,153,125,108,84,43,16,10
CAGGCACCGGGTGGA,7,NA,715,717,439,426,481,397,271,269,173,64,31,55,6,25
GTGGATGTATTTTAC,7,NA,716,538,600,574,525,757,454,290,227,240,184,116,70,55
ACAAAGTAGGCATAG,7,NA,717,564,440,530,685,420,261,186,148,168,47,19,22,24
CACGAACGGCAAAAT,7,NA,718,893,652,555,585,537,321,215,207,93,47,49,30,29
GAGTGTTACGAAACG,7,NA,719,1657,368,724,603,666,377,115,258,91,47,88,33,7
TTTTATAGGATAATG,7,NA,719,651,737,590,575,558,268,265,217,121,72,41,19,17
ATGTCCTTATTTGGG,7,NA,721,847,894,594,464,421,241,259,164,111,61,36,31,33
GTACCCGAATTCGAG,7,NA,722,887,559,617,687,514,239,169,72,83,91,33,7,27
ATTGATGCCACGCAT,7,NA,723,598,454,748,597,551,250,305,167,128,105,54,35,21
AAACAAGCGTCGGTC,7,NA,723,430,897,758,760,652,396,412,308,152,103,86,33,33
TATACGACGGGTTTG,7,NA,723,1046,480,812,591,640,362,221,118,111,104,97,9,33
TTTCACGAACACTTG,7,NA,725,386,604,836,908,725,385,280,229,199,102,53,30,2
ACATAGGGTGGCAGG,7,NA,725,643,703,501,391,359,301,112,77,131,18,44,22,11
TAGTTAGTTGGTAGC,7,NA,725,767,925,442,451,421,202,145,121,74,31,36,12,10
ATTCGCAGGTGAATA,7,NA,726,490,686,478,522,421,284,163,101,90,49,54,14,19
GTACTGGACATATTT,7,NA,727,894,706,612,740,596,292,274,286,161,75,33,36,18
AGGACGGTGTAATGT,7,NA,727,700,842,658,677,534,309,104,221,87,99,43,22,31
CTCATAACAAGACGG,7,NA,729,1145,609,550,522,505,277,108,125,81,76,29,35,39
GGGTAAGATGAATCT,7,NA,729,710,382,427,359,373,198,197,143,126,69,39,10,27
AGTTCGGCGCGTAAC,7,NA,729,300,461,618,613,366,234,144,128,94,29,66,27,17
GTGTTGCAATAAGTT,7,NA,730,491,476,422,410,443,242,204,137,90,34,36,18,13
CACTATACAATCCGG,7,NA,731,987,926,739,679,785,345,230,366,135,65,84,40,12
GACTCACCCTCGACT,7,NA,731,596,590,664,750,522,314,245,231,121,94,23,30,24
CATTCACTCATTGGA,7,NA,731,1062,1162,925,725,878,360,367,148,134,60,14,37,5
TATATCGTGTAAAGG,7,NA,732,819,684,708,592,627,334,235,285,91,46,97,29,5
GAAACGGACACGGCA,7,NA,732,978,719,448,507,518,197,85,55,93,36,13,7,8
CGATCAGAGATACGT,7,1,732,953,534,692,800,594,340,231,395,126,89,47,11,12
CTATCTGCTACACGG,7,NA,734,541,769,472,482,399,247,170,228,206,93,43,108,67
AATATTCCACACTAG,7,NA,734,913,741,651,649,427,307,196,233,111,74,64,50,13
TAGGCGCCCATTACA,7,NA,735,827,731,655,634,458,298,136,198,124,65,26,3,1
TTTCGAATTAGAGTT,7,NA,737,674,473,467,517,447,275,198,139,67,41,45,34,21
GGCATTTTGCTGAGC,7,NA,737,889,395,640,584,376,206,116,74,125,67,37,11,25
AATGTCTATATGACA,7,NA,737,670,807,471,471,215,242,139,89,89,32,71,27,14
GCAGTCAGAAAATGC,7,NA,738,1005,771,517,562,528,222,184,147,96,49,34,29,35
TGCACAGCAATGGTA,7,1,737,888,666,572,417,325,167,86,77,64,71,75,27,31
TATTGGCACACGATT,7,NA,738,1252,452,670,820,713,366,173,194,99,148,60,28,26
GTACAAAGGGAAGTT,7,NA,739,912,529,713,710,652,335,230,309,115,98,84,28,33
TTGTAAACGGTCCCG,7,NA,740,822,1715,1225,1120,1079,621,351,226,254,177,91,62,48
TGGAGGTGGTTCAAC,7,NA,742,922,520,680,522,443,377,382,477,544,327,305,281,214
GACAGCATGCCGCCT,7,NA,742,932,1184,708,601,429,331,304,198,184,110,85,59,69
CTGAAAACAATGAGG,7,NA,743,1199,928,780,1018,585,379,280,187,180,107,72,27,48
AGTTACTTTAACGTG,7,NA,744,1080,334,818,763,628,313,287,178,118,63,57,17,49
TGTATACATTGATAG,7,NA,747,840,1069,656,667,442,251,307,177,121,57,74,38,27
CTCAATTTAACGTAA,7,NA,748,1023,437,690,668,425,329,248,164,111,92,48,22,39
GTGTGACAGCCTTAT,3,NA,749,862,703,562,545,515,481,817,1130,1229,1068,911,781,745
GTTAGGTCTGTGGGA,7,NA,751,636,342,517,550,381,198,158,109,126,65,20,37,27
TGTGGCTTGTAGGTA,7,NA,752,815,1041,744,670,420,295,247,95,101,81,40,27,20
TTGCGTACGTGGGAG,7,NA,753,900,530,578,607,480,204,194,77,179,50,37,58,4
AGTCATTATCTGTGC,7,NA,753,585,542,541,522,479,180,206,128,131,35,8,15,43
GGTTACTGTTTGTGA,7,NA,753,1117,518,693,595,350,266,136,163,84,116,38,28,20
CAACGGAAGGGCACT,7,NA,755,665,651,747,793,694,437,204,234,129,164,125,12,34
AGTCTAGGCACGCTC,7,NA,755,1177,784,496,532,434,318,120,187,112,75,76,39,11
TAAGTCTCGGCTTTA,7,NA,756,815,503,546,537,405,299,98,148,78,77,77,14,15
GGTTAACGCGAGCAT,7,NA,758,984,493,657,653,541,288,161,237,116,60,48,15,9
TTGAGGACAGGAAGA,7,NA,760,373,596,543,710,624,329,196,135,123,70,69,34,26
CAGTGGAGCAACTAC,7,NA,760,586,330,417,427,723,175,196,173,70,46,18,25,43
TGGCACCCCACGGTA,7,NA,760,1351,774,795,850,775,356,163,268,163,61,68,30,30
GATGGTTAACATAGG,7,NA,760,919,812,782,625,599,357,321,258,116,48,67,47,19
CGGTTAATGTCCACA,7,NA,762,1464,857,1008,764,465,343,231,145,193,111,96,23,38
TGTGTGATTAACGGT,7,NA,762,1050,733,861,803,757,333,218,222,150,73,70,51,14
ACTTTAACATAGGGA,7,NA,762,864,578,675,838,642,372,218,152,194,158,100,37,11
GCACAGATGTTTTTG,7,NA,762,531,415,580,611,513,372,262,273,105,61,48,16,48
TTGCCTCGCTAAGCT,7,NA,763,1162,607,613,516,381,228,151,169,80,75,73,27,13
TCATATGGTGGAAGA,7,NA,763,862,528,685,605,435,225,272,110,122,88,24,22,28
CCACGGGCATGCGAT,7,NA,763,350,1079,408,365,284,136,60,40,81,14,13,23,14
TGTACCAGCCCAGAA,7,NA,764,393,483,476,498,434,209,223,166,58,62,26,11,28
CGTTCACGGCCAGCC,7,NA,764,450,787,657,770,731,399,203,124,175,119,53,39,37
ATGACCTGGCGTCAG,7,NA,764,945,811,773,586,622,343,159,225,133,58,68,28,6
AAGTATGATAGGGTC,7,NA,765,998,387,678,700,337,309,148,233,131,69,34,15,18
GACCACGCTACTGGT,7,NA,765,942,613,1014,872,812,544,232,132,197,72,68,26,16
ATGGCTTCCGTCTAT,7,NA,766,1074,550,1063,1376,1225,840,685,582,383,166,145,88,70
TGTCACTCCGTAGGG,7,NA,767,1381,733,946,944,518,425,397,97,181,50,79,19,48
CCATCGCATTTCCTC,7,NA,767,990,356,815,823,596,354,178,105,157,93,50,29,5
TAGTGCCAAATATTG,7,NA,768,878,1155,754,887,678,385,281,92,129,120,4,35,47
AACCCCAGCGATGGG,7,NA,768,1012,704,664,738,505,276,312,158,207,112,37,13,26
CAGGGGATTTCGCAC,7,NA,769,820,905,719,631,748,376,217,343,131,96,68,6,9
GAACAAGCTGAGGAA,6,NA,770,695,609,961,1330,1096,1305,1004,937,1059,1028,539,378,233
TTCTTGCGAGCGTTC,7,NA,771,695,1179,1037,857,790,395,424,222,162,82,100,25,23
TAGCGTACATCGGCG,7,NA,772,919,956,823,952,478,351,290,261,99,103,71,78,32
ACTGGTGGTAGGGGA,7,NA,772,685,1281,840,853,795,416,298,171,251,58,44,15,34
TAGAGTATGCGGACG,7,NA,773,861,730,627,677,510,299,188,175,103,97,25,12,44
GCCCAGATCATTGCG,7,NA,773,473,321,531,464,364,158,258,40,92,7,26,32,58
ATACGACGTGGTAGC,1,91,NA,1,1,148,297,911,1791,1708,2110,2088,2194,3003,2550,2589
TATTCTCGGGCCGTA,7,NA,774,692,133,569,542,625,271,171,155,133,97,99,28,16
GAATAGGGTATTCCT,7,NA,775,799,846,610,583,424,183,239,140,108,69,42,38,3
TCAACTCTATGGAAG,7,NA,776,738,1077,696,751,397,276,198,222,105,66,70,49,19
GTCTTGACAAGAGGC,7,NA,778,1066,538,831,680,818,354,238,229,214,93,83,48,52
AGTTGGTAAGACTGA,7,NA,780,748,576,633,500,520,322,161,127,144,68,34,37,28
ATAGAATCGGGGGGT,7,NA,780,711,258,797,867,704,520,358,365,314,146,84,83,86
AAGAGATTCATCTGG,7,NA,782,809,1239,738,830,614,354,386,207,92,101,25,43,40
AGGTCTCCAAGCTCC,7,NA,783,882,768,830,696,606,338,270,153,145,77,37,16,46
GCGAGGGGTATGCAT,7,NA,783,324,321,558,501,286,283,194,161,186,95,6,31,2
TTAGTTCGCAGATCA,7,NA,785,605,484,553,619,513,251,154,170,138,93,43,21,37
CGGGGATAATCCGTC,7,NA,785,437,635,678,651,448,317,145,179,125,70,25,32,41
TCGGCTGCTTCAGTA,7,1,786,1072,1136,988,923,760,372,261,178,195,72,65,24,28
CCGTTTGCAAGCAGG,7,NA,787,944,652,721,726,735,374,241,233,121,136,81,41,34
GGTGTAGACTGTGGT,7,NA,787,775,1155,909,712,748,361,166,292,153,77,111,22,31
TGAGAAGAGGGACAC,7,NA,788,547,581,674,697,541,392,277,310,174,72,17,13,18
TACTGTCCATGCCGT,7,NA,789,764,790,573,472,465,232,187,138,111,68,8,14,10
AAACAGGACGTTAAC,7,NA,790,1464,631,809,867,781,406,331,243,121,84,43,88,73
TTAAGGAGCTAAGTC,7,NA,791,822,574,687,581,582,289,233,69,84,88,33,17,16
GGTCCGGTAAGGGCA,7,NA,792,1202,491,768,643,628,335,119,241,143,67,46,44,45
GAAGTGGTTCCTGAA,7,NA,792,1007,1168,806,901,717,509,288,512,227,152,101,34,19
ATGGCAGAGACTGCG,7,NA,793,557,903,695,532,483,303,179,109,126,91,90,48,33
AGGCATTGCTTTGGC,7,NA,795,840,767,660,765,402,256,189,128,130,70,44,27,24
GTCGGTGCGTACTAG,7,NA,796,532,347,641,577,776,313,218,182,131,51,47,79,13
AGATCTATATACACG,7,NA,797,848,656,667,621,522,367,229,190,93,47,30,46,33
GTGTGTACAGTCCGC,7,NA,799,446,851,685,583,597,379,223,186,103,102,50,55,28
ACTGCTACGTACGGG,7,NA,800,921,1004,805,699,512,407,497,389,339,310,103,60,72
TAAAACATGTAACAC,7,NA,802,514,425,548,681,432,286,205,187,86,54,94,13,18
GCAAAAAGCCGAGCT,7,NA,804,634,539,668,715,849,391,226,190,95,54,94,59,8
GCTTCGCGGTTCCAC,7,NA,806,686,644,557,513,504,244,99,98,128,76,58,51,1
ACTATCGCACCAGTT,7,NA,808,472,703,714,625,682,295,262,174,153,61,101,41,17
ATTGAACCTGGAGAC,7,1,807,670,1024,682,705,432,314,129,268,140,94,82,57,39
CGACGTAGGTTTGGC,7,NA,808,809,664,645,577,466,328,217,110,111,75,20,12,49
TTACGCGATCTTAGT,7,NA,808,1194,462,679,635,554,309,129,112,95,51,23,17,8
ATGGTGAACGGCTGT,7,NA,809,434,1015,923,759,558,385,273,329,138,65,94,54,24
AACCGAAAAACCTTG,7,NA,812,1231,983,996,800,612,457,424,332,298,159,118,178,168
TCAGACAGTCCGTGC,4,NA,812,2158,2974,3987,4997,7293,5955,4766,4228,3203,2191,1344,1144,706
ACCAATGACCATGTG,7,NA,813,1657,1079,961,1112,1094,892,774,662,692,1095,648,342,201
GTATACGGACCTCAA,7,NA,816,881,883,1060,843,911,421,244,219,192,106,88,39,25
TGAACGGCGTGGGAA,3,NA,817,832,745,672,773,372,531,932,930,1189,1051,1039,679,806
TTACTCTGTACCAGG,7,NA,818,1237,627,857,871,724,466,256,158,118,79,16,72,22
TACAACGGAGCCTTG,7,NA,819,486,547,720,753,531,398,217,206,107,128,50,24,34
CTGATTTGGGGCGTA,7,NA,820,598,304,549,614,291,319,214,128,83,81,14,20,41
GGACAGCTACCATGT,7,NA,821,996,865,891,875,673,440,185,214,184,143,55,27,28
TTGTTCAGCAAAGAT,7,NA,822,276,617,541,443,637,232,271,107,94,66,9,43,30
GGATTGACGAAGAAT,7,NA,822,400,650,587,501,508,301,169,132,97,112,49,64,13
AAGTTTGCACAACAC,7,NA,825,682,794,717,547,524,285,152,178,100,43,35,24,17
GAGGGAGTAATGCTG,7,NA,825,1133,1333,898,679,679,350,306,139,175,99,77,27,18
ATTGATTATCTTATC,7,NA,825,922,418,608,682,567,275,255,74,95,26,53,38,12
GCCAGTTAAAGCTTA,7,NA,826,1006,507,606,629,334,300,204,110,99,81,34,30,20
ACGCAAGCTCAGCAG,7,NA,828,1009,384,714,938,547,322,159,149,144,105,59,18,49
ATGGGTTCCTGTAGG,7,NA,828,774,813,759,574,567,405,262,257,76,61,68,38,16
CCCGGTTTGTCATGT,7,NA,829,816,530,790,738,576,244,180,195,135,114,30,44,28
AAATGTTCATTGCCC,7,NA,829,1103,711,905,955,776,404,279,221,162,62,35,21,33
GCGCAAAGAACGTGC,7,NA,834,1153,510,711,691,527,343,253,174,179,39,80,35,19
CGGTTGTCGCAGATA,7,NA,835,1207,895,866,741,862,409,257,227,237,105,70,39,32
AGTTGAACGGAGGTG,7,NA,835,979,974,843,898,740,352,314,187,179,143,102,35,46
ATTATCTCAAGGGGC,7,NA,837,791,1124,915,838,554,477,222,221,190,89,78,30,43
TATGAAAGTTACGAG,7,50,788,1124,1113,772,790,680,344,188,215,97,70,31,32,4
CGTTCTAGTGGGGTA,7,NA,838,1135,950,642,638,344,279,321,112,121,110,74,25,21
TCCGATGTGGGTGCG,7,NA,839,858,506,541,631,431,227,180,111,91,62,34,18,4
TCAAAGCGTCTTTGT,7,NA,839,1098,814,673,642,595,255,214,125,138,76,59,39,14
GCAACACGGGGCCGG,7,1,839,921,817,618,685,580,360,270,190,137,107,NA,20,3
TCTACTGAGAAAGTT,7,NA,841,725,523,619,593,533,318,227,219,104,121,56,39,46
GCTAGATAGACTTGT,7,NA,841,1183,796,654,769,751,343,173,85,135,63,91,29,8
GGCTATCCTGCGGGT,7,NA,842,761,386,677,653,501,308,231,44,126,129,32,21,24
GTAGGACGAGGCCGT,7,NA,843,956,387,668,955,670,340,450,554,455,272,176,189,145
ACGCAAGGTTGGCCA,7,NA,843,885,1150,739,651,535,250,244,193,131,84,38,13,48
ATTATCGCATTTATG,7,NA,843,584,626,632,612,377,286,120,192,62,59,36,30,26
ACGTGGTACCTAAGG,7,NA,846,1337,1148,977,890,502,512,201,185,154,162,45,53,33
GGGACAGCCGAGCCT,7,NA,846,1170,631,879,763,709,334,368,239,149,114,79,30,34
AAATAACGGTGTGGT,7,NA,849,809,320,698,632,483,293,150,114,123,62,49,18,13
TTGCGCAGCAAAATA,7,NA,851,1668,972,828,812,730,232,259,262,142,58,91,53,29
GAAAAGTAGGTATTC,7,NA,855,1214,707,690,952,706,419,312,304,196,121,57,53,22
ACATGATACCCCCAT,7,NA,855,950,787,543,472,328,296,167,166,123,91,57,66,7
CAGGGCTACCAGTGG,7,NA,855,696,569,565,555,343,233,119,178,125,78,22,20,22
ATACGTTGTTTGGGC,7,NA,855,1401,1030,1095,951,735,338,357,250,182,134,85,63,13
CGCGTGGACAGTCCA,7,NA,855,720,653,648,532,611,251,264,120,82,83,36,29,22
GTGCAACGTGCTGTG,7,NA,857,775,930,835,712,715,378,216,142,186,103,35,45,17
TTGGAGCACGAATTA,7,NA,858,789,876,705,667,695,277,249,228,137,72,35,41,26
GAATTTACGTCAACG,7,NA,859,647,925,847,765,627,425,227,182,113,115,85,60,23
ACAAGAGTGCCATTG,7,NA,859,985,739,701,857,798,397,227,336,285,166,116,129,116
TTTGCTTATTTAAAG,7,NA,859,698,480,596,731,606,326,238,169,136,57,70,40,33
GCTAAAGCAAGCAAG,7,NA,863,1028,1012,850,873,527,366,277,348,163,132,52,32,52
AGAGGAGATGAGATT,7,NA,864,581,586,570,593,420,260,278,184,124,42,37,10,24
AAGCGACACTGTTGA,7,NA,865,1070,681,733,575,417,267,227,180,136,53,19,16,8
AGGAAGTTGACCTCG,7,NA,867,559,575,573,615,592,226,257,188,118,52,60,30,26
TAAAACCGACGTGCA,7,NA,867,857,994,795,762,653,355,330,141,90,109,76,41,14
TAGGTGGTTATAAAG,7,NA,868,803,833,668,766,830,385,187,228,147,82,34,61,16
TGATGTTGTCAGAAA,7,NA,868,938,1446,1046,1059,983,541,340,190,289,110,168,43,24
ATTTACTCGGGAGTC,7,NA,869,1698,841,938,835,834,366,296,332,212,82,36,19,23
CCTTGCTTGCGATAA,7,NA,872,856,507,591,610,526,331,233,154,77,75,38,7,25
AGCACCACTCGTGTG,7,NA,872,1064,536,868,794,599,286,250,210,210,103,86,20,10
AGGCGGTGGGAAGGC,7,NA,874,874,832,723,662,775,404,260,231,128,76,47,28,23
GTGATCCTCGCGATA,7,NA,875,843,1082,833,793,644,280,244,208,84,93,68,27,12
GCAAAGGATTGTCTA,7,NA,875,1142,1137,782,697,563,392,187,145,164,136,83,39,34
TTACATATAGCAATG,7,NA,877,715,503,740,474,371,302,241,174,126,76,34,52,16
AAGCGGTTTCTGATT,7,NA,879,1060,635,834,831,545,402,251,107,157,99,27,30,21
TTGATTAAACGCCAA,7,NA,883,603,590,646,662,641,401,226,262,155,81,29,52,13
GTTATAGGAGGGCTA,7,NA,883,476,428,701,603,544,324,159,144,166,124,55,48,11
CCGGAGGGGACTCCT,7,NA,884,1335,906,654,594,405,375,222,123,167,62,67,28,61
ACCTCACCGCGAACT,7,NA,887,1176,859,783,932,713,401,215,154,138,155,79,42,19
CCACACATTAGACCT,7,1,888,914,1135,1073,982,701,486,240,188,187,90,125,64,26
AAAACCGGTTTGGGG,7,NA,892,838,673,694,823,797,439,289,184,163,57,68,40,20
GCTGTATTTATCAAG,7,NA,894,1251,2325,1924,1844,1452,838,611,558,394,234,146,78,46
CACGGGGTTATAGCC,7,NA,895,653,502,849,792,658,315,299,266,188,118,39,62,12
AGGAGGTGCGTACTG,7,NA,899,922,377,807,682,507,279,280,143,180,124,74,17,32
ATTATCTTACTATGC,7,NA,900,850,821,736,838,495,346,290,78,154,99,44,7,29
CTGAGGATTATATCT,1,NA,900,932,4808,10683,15567,18905,16349,12822,13282,12203,11884,9089,7516,6429
GGTTGCAGAAGATTT,7,NA,901,620,590,638,523,523,350,123,133,87,64,60,8,24
TCACTGCAGGTATGA,7,NA,901,364,275,681,536,468,243,216,132,165,52,33,24,23
TCCTGTAGGGTTCTG,7,NA,902,894,770,936,811,609,299,243,148,187,111,88,46,36
TTGTGAGTTTGTGAT,7,NA,902,892,810,652,735,499,339,166,241,111,70,89,13,23
TCTATGCCCCAGCAT,7,NA,904,918,839,935,811,848,478,219,145,185,130,78,38,52
ACATTCACATAAGCA,7,NA,907,1158,986,721,717,725,368,156,114,125,77,86,61,42
GCTTGCACATCGTTT,7,NA,911,1055,361,782,617,651,404,244,155,185,79,90,40,49
AGGTAGTACCCGCAT,7,NA,911,908,729,670,563,438,325,160,159,167,66,47,24,10
TTGATATGCTCTTAG,7,NA,913,724,650,680,712,546,263,192,230,130,77,22,35,10
AGATCGGATGAACGA,7,NA,914,860,445,683,680,540,354,447,225,111,89,68,22,24
ATGTTTATCCGCTCA,7,NA,914,948,456,631,798,701,384,204,51,112,116,53,11,26
ACATGTAGCGAAACT,7,NA,915,854,321,582,509,630,307,260,317,112,103,39,54,50
TCCAGGCCGCACTTA,7,125,790,1515,679,773,808,571,326,322,54,142,145,48,15,34
TGGGATTCGCTACTT,7,NA,916,1268,788,830,815,656,357,280,321,128,77,52,36,21
ACAGCGTAAAGCTTA,7,NA,920,1045,572,611,629,330,191,132,187,99,38,38,38,14
AGCAACTGATGAGTA,7,NA,923,1008,738,577,785,627,290,214,171,98,67,68,13,4
CGGAGAGCTAGATTC,7,NA,923,952,739,915,737,657,368,293,173,111,97,65,30,19
CTGCATGATGTGATT,7,NA,923,1076,1028,937,949,684,429,236,212,272,159,104,58,31
AGATGGTCTAGTGAT,7,NA,923,1306,847,918,892,734,406,344,158,177,96,115,67,54
ATGGTATATGGGCTA,7,NA,925,1100,1138,885,925,838,378,292,301,223,120,73,5,38
TACCGGAGGGTAGCT,7,NA,930,889,680,913,752,568,358,258,360,382,240,230,137,197
CTGTCGAGAGTACTA,7,NA,932,1139,702,1006,645,648,445,219,160,182,83,47,43,16
AAGTTTCGGCGGGTC,7,NA,933,1495,629,604,803,603,220,251,108,120,99,33,28,27
GGGAATTCCGGCCAG,7,NA,934,660,966,863,691,663,321,275,255,99,105,52,30,27
ACATAACAAGCGGTG,7,NA,934,1096,1207,897,776,590,352,206,252,161,74,94,21,28
ACTTATAATGAGTAT,7,NA,934,620,508,755,720,866,378,241,197,127,95,39,63,12
CGTTACGGTTACACA,7,NA,935,835,1158,1113,1227,1053,1049,795,529,411,244,150,172,76
CACGAACTATGGGCA,7,NA,935,966,503,673,566,358,246,53,113,114,58,59,54,63
ATCAGGACGGGGTAT,7,NA,937,859,1068,702,890,697,411,276,285,168,139,61,64,19
GACTGGACACATGTA,7,NA,938,922,1136,670,584,603,352,304,213,159,65,20,17,16
AGAAGTTGTGCCGTA,7,NA,940,551,926,842,625,633,294,228,248,145,58,14,22,13
ACAGTTGTGTATTCA,7,NA,940,541,552,826,932,780,379,278,177,152,52,65,65,24
AAATAACAAGAGCGC,7,NA,942,763,792,545,593,588,220,169,130,105,43,67,36,52
TCTAGGAACTGATTA,7,NA,948,1208,984,869,885,499,379,316,285,192,80,56,31,39
GTAAGGACGGAACTA,7,NA,949,1101,1219,1035,882,923,442,322,314,109,89,73,31,48
ATATCAACATCTGAA,7,NA,949,521,1016,825,790,592,369,234,229,142,115,58,18,13
CAATCTATAAGAAAG,7,NA,953,843,832,740,649,951,342,208,218,122,89,57,33,71
CGGATAAAAGATGCG,7,NA,956,1147,625,799,768,710,408,336,138,160,119,111,39,34
GATGTCAGATGTAAA,7,NA,962,1219,657,838,807,584,396,336,292,179,38,84,42,22
TAGGGGTACTGTATT,7,NA,962,878,904,894,863,751,340,306,267,142,105,39,33,29
CTGGCTGTTTGAGTC,7,NA,963,1192,1288,1115,822,531,401,365,286,226,165,117,84,44
GACCCCCCTGTGGAG,7,NA,966,1282,1529,1182,1156,918,627,382,218,189,86,86,48,39
CTAAAGTGTGTATAG,7,106,862,854,844,708,737,710,327,231,292,84,104,45,41,8
GATGGCACACTGGGT,7,NA,968,1277,831,930,733,349,425,324,124,160,74,36,51,37
CTTGGGAGGTGCGTC,7,NA,969,1253,714,1025,970,675,661,532,351,254,129,104,83,89
CTTGTGCCTGGTACT,7,NA,971,1219,1011,767,800,545,463,199,126,113,113,84,16,7
TAGCGAATGGCTCCG,7,NA,975,829,691,851,812,770,442,354,295,183,120,65,20,62
AGTCCTGGCTTTGTG,7,NA,976,726,908,880,748,794,567,642,541,676,714,488,517,484
TTGGTGTCGAATGAT,7,NA,978,1290,585,844,755,543,487,384,343,422,358,282,132,233
AGGAGTGCAGTGGAT,7,NA,980,956,618,887,878,632,336,275,295,136,112,114,56,15
TTGTCTGCAGGCTAA,7,NA,981,1045,829,767,732,388,383,156,143,104,89,60,27,38
GTGGGAGGGTTCGCG,7,NA,985,1241,1021,998,885,870,465,446,258,165,84,75,28,27
AAGGATATACATTCT,7,NA,988,816,571,855,842,490,383,288,260,124,65,52,40,36
GTCATACATGGGGCT,7,NA,989,904,1169,862,855,528,352,280,141,177,82,58,38,37
CCCCGGTTAATGTTT,7,NA,992,1249,942,1000,768,1011,495,355,207,228,99,46,43,14
GACGTAGCCTACTAC,7,NA,993,1368,1128,863,584,524,299,190,180,149,67,55,46,22
GGACAATGGTCCAGT,7,NA,994,930,930,744,883,729,396,184,156,185,177,78,44,38
TATAGGCCGATTACT,7,NA,994,1065,1493,1066,948,820,500,398,246,196,154,50,72,37
ATGTATCGTGGGATA,7,NA,998,1667,959,983,677,596,479,211,264,176,140,68,42,35
AGCCGAGAACTGCAA,7,NA,1001,1205,1565,748,763,569,339,235,107,147,86,43,33,31
CGGGGAATAGTATTA,7,NA,1009,573,710,736,707,592,378,262,140,192,91,39,47,9
TAATGTTTACGGTGA,7,NA,1009,903,1142,864,953,555,305,307,124,197,109,39,18,13
GTAACGGTGAATGGT,7,NA,1009,950,899,1048,839,898,518,244,239,169,88,58,71,12
TGAACCGAGCTTTGC,6,NA,1013,1071,1131,856,1434,1483,1840,1474,793,1328,1719,1070,648,453
CGTGTTTAAAATAGG,7,NA,1014,839,598,922,1004,940,576,360,290,236,123,112,53,41
ATGGCGGTGGTCACC,7,NA,1015,1427,817,977,1016,713,444,436,288,208,174,129,137,159
CCCCATCCCGAGAAT,7,NA,1015,889,861,959,866,780,331,263,330,147,140,113,48,24
AGACGCGCATAGAGT,7,NA,1018,706,784,1083,1175,993,514,391,195,213,140,125,104,57
TATCACTCATACAAC,7,4,1015,1637,1265,1127,900,699,508,305,240,154,139,108,22,8
TCTGTCTGCGAGTAC,7,113,910,837,891,878,730,849,296,109,326,104,114,7,30,6
GGACGAGTCATAGAG,7,NA,1024,1199,1383,1033,1056,715,526,385,216,170,180,118,36,45
ACTTGGTTCGTGTAA,7,NA,1024,880,735,1142,951,680,544,364,279,152,149,82,7,14
AAGACATCACAGTAC,7,NA,1025,977,701,1016,732,966,417,287,261,147,109,75,29,38
ATGAAGTTATCTGAA,7,NA,1028,1405,787,903,1038,901,482,360,318,205,110,61,73,27
GGTTTGAGTCAAGGG,7,NA,1031,1398,616,889,994,809,442,302,291,226,80,100,47,28
TTTAAACTAGCGGGC,7,NA,1031,1223,934,978,1189,877,481,307,276,260,157,80,18,45
AGGCAATGCCACTGG,7,NA,1033,1337,665,879,695,627,374,336,256,186,64,75,47,1
TCATAATCGGCCAAG,7,NA,1033,1639,1555,1238,1234,1159,478,310,201,225,118,60,34,48
TGAAAGCGCAATGAT,5,NA,1,10,1835,1544,1586,1185,700,426,453,229,143,32,61,6
CGACCCGATCGCTGC,7,NA,1034,635,780,1061,1277,696,363,306,163,149,86,88,25,13
ACTGGGGCGGATGGG,3,NA,1036,1418,1567,1072,962,981,1131,1830,2363,2524,2289,2077,1664,1769
TAGATAATGCAGCAT,7,NA,1037,1348,873,735,677,638,319,223,196,169,116,35,74,61
GTTATGTGTATGACT,7,NA,1038,1002,730,836,647,614,426,528,588,551,488,259,346,257
TGACTGAGCAGACGT,7,NA,1041,587,270,758,860,575,329,200,252,132,68,107,19,24
TACCGTGCAGGTCAA,7,NA,1048,1549,870,843,903,581,384,203,95,150,76,35,36,13
TCGCTCTGCGAAGGG,7,NA,1049,767,619,788,764,490,378,158,323,143,64,82,57,79
GACCACAGGACATGG,7,NA,1056,1131,671,836,774,792,363,287,141,224,175,87,80,28
ATACACCGGTTTGCT,7,NA,1056,1018,819,912,899,661,410,265,179,134,101,60,23,30
TTCAGTGCGTTGGTA,7,NA,1057,1614,1016,889,911,555,485,199,288,155,129,88,42,51
GATTACGTTACTCTT,7,NA,1058,1041,1325,1125,1022,685,459,372,237,244,98,80,54,24
ATAAGTTATAAATTT,7,NA,1060,1204,755,965,881,1016,460,286,417,167,111,73,84,29
GGGCAAGTTATTCTC,7,NA,1060,680,698,870,705,701,411,295,153,135,84,117,21,49
TATGGTCTATGTGTC,2,NA,1063,837,767,966,848,730,765,1257,1770,1999,1664,1506,1027,1306
AATTGGTGCTAGTTC,7,NA,1064,1565,1169,833,937,983,344,163,272,181,115,58,55,11
GGATAATCGAGACGC,7,NA,1069,1689,1201,1153,1077,868,462,304,326,201,107,79,29,38
GGATACCGTCTGTAC,7,73,997,1150,1204,790,598,570,310,208,129,109,62,22,37,31
TGCCAGATCTCGCGT,7,NA,1071,1222,860,697,858,483,344,225,262,141,108,74,33,36
TGAGCGGGTTACCCA,7,NA,1074,1019,758,770,594,583,368,261,135,110,88,67,59,29
GGCTCGGGACCGTAA,7,NA,1082,995,820,736,590,697,317,259,167,175,119,61,31,14
GGGTTAGGTTTAAGT,7,NA,1085,1174,772,973,1213,742,452,244,219,156,101,61,50,17
AGCTGCTGCCGAAAA,7,NA,1092,901,476,770,699,560,433,183,186,143,64,50,31,25
AGCGGTGTCGGACAC,7,NA,1092,634,738,683,483,603,317,175,104,137,71,61,39,17
AACGGGGCAACCGCT,7,NA,1092,575,460,739,786,617,344,246,188,167,30,73,47,26
AATTATCTTAATCAT,7,NA,1092,1171,867,900,958,700,438,252,184,185,78,55,32,67
CCCCAGTTCCCCGGA,7,NA,1094,1861,1140,1180,985,903,456,326,401,150,94,50,54,23
TGGCTCAAACTCTTT,7,NA,1100,1413,908,947,1006,681,516,235,201,164,105,163,67,88
AGGCTACGATGTTGT,7,NA,1101,782,1269,966,920,1037,489,297,185,235,114,68,59,15
CCAGCTCGCGACCGT,7,NA,1104,1943,1023,1146,942,723,494,324,137,205,189,105,46,41
TTGCCAAGATGGGGG,7,NA,1105,1482,785,1161,1070,857,664,733,743,643,563,377,302,260
TATAGAATCGCTTCT,7,NA,1105,1017,1019,1033,953,842,566,399,271,205,127,42,42,18
GTGCTTCCTCGACTT,7,NA,1112,975,1044,973,949,739,482,406,299,294,147,60,76,27
AGGAAAGCATAGTGT,7,NA,1124,833,937,732,846,452,358,176,274,204,107,50,19,17
AGTATAGGTCAAGAC,7,NA,1127,865,1181,845,832,524,411,302,185,170,122,73,40,25
TTGCGGAGTAACCAA,7,NA,1134,1435,1158,1098,1256,695,490,345,221,181,141,96,44,21
ATTCAAAATATCGTA,7,NA,1137,1890,1397,941,921,762,489,338,234,175,166,81,55,33
CCCATCAACAACGCC,7,NA,1139,1503,1041,1137,1086,639,359,397,283,219,130,80,50,42
AATTATAGCATCTGT,7,NA,1141,1138,1112,1007,1084,707,369,339,175,114,128,72,60,32
TGCTGACACCTGCGT,7,NA,1146,713,487,909,603,766,339,211,103,121,118,27,14,36
CACTCACTCGACCAT,7,NA,1153,1488,993,1310,1406,1158,682,302,370,230,169,122,66,55
TCAAAGGTTGGTGCT,7,NA,1153,1035,819,708,882,501,337,292,260,92,111,67,46,20
CGAGCGTTTTGCGTC,7,NA,1163,956,908,1175,1153,706,524,323,163,205,72,63,31,23
CGTACTCCGTCTATG,7,NA,1166,1083,817,1237,1173,833,497,502,264,222,93,55,21,39
GTGATAGGATGATAG,7,NA,1168,525,708,874,832,587,377,308,189,151,77,66,26,9
CACGAACCTTGTGTT,7,NA,1172,1226,837,1058,967,610,458,407,302,186,75,50,44,45
CTTATGCCGAAGAAT,7,NA,1176,990,1143,1034,1032,791,341,377,305,246,150,77,29,33
TAACGGGAAAGGTCA,7,NA,1183,1656,1033,1070,1376,1008,636,573,348,176,182,96,40,90
AGGGAGTTGCGGATC,7,NA,1185,1633,806,1064,1167,968,464,314,232,195,120,30,36,11
TACAGGTGTACAGAA,7,NA,1189,1289,1189,815,898,620,428,242,183,115,94,57,44,56
TCGAGGTATGGCCCA,7,NA,1190,678,702,822,813,662,381,274,183,180,133,35,44,15
AGTGGGGCGCAAGGG,7,NA,1193,1077,1812,891,895,586,386,298,138,156,93,63,19,19
CCTTAGGGGGAACGT,3,11,1184,1244,804,796,1020,756,742,1461,1428,1720,1703,1579,995,1354
TATAAATGGTGGCTA,7,NA,1208,1289,828,808,991,739,409,246,181,151,100,27,29,42
GAGGCTTTGGAATTG,7,NA,1210,1611,825,1004,1158,903,480,431,293,153,80,114,17,25
ACTGATTGTGGATGC,7,NA,1213,1963,1432,1464,1382,1282,636,423,369,295,161,69,42,51
GTGACTAGATATCAA,7,NA,1217,1531,643,1052,862,862,539,405,286,252,84,106,63,17
CTAAGGGTTATGAGA,7,NA,1225,909,1287,1093,1064,621,474,332,212,209,125,130,27,62
CCTGCGAGTAGCATC,7,NA,1227,1142,1532,1091,971,722,441,342,283,154,157,66,51,58
GCGGTGTTTGAGGGG,7,NA,1237,1303,585,1151,1215,1040,597,450,386,232,162,95,58,30
CATCTATTTCAAGGG,7,NA,1240,1652,1210,1379,1363,1227,697,433,321,210,136,78,67,55
ATACCGTGACTTGAT,7,NA,1241,1499,621,1010,892,798,491,281,227,144,102,75,59,51
AACGATCAGGAAGGA,7,NA,1255,1436,1244,956,945,590,442,211,221,112,86,25,89,36
GGATGTGCGTAACTT,7,NA,1258,1462,1415,1099,1129,838,559,273,301,149,86,71,48,37
GTCCGAAATAACGTC,7,NA,1259,1502,932,1086,1000,793,529,246,376,194,104,68,59,44
TTCAAGCAGCGAGGC,7,NA,1270,1207,1137,919,1150,928,421,333,287,183,81,75,18,49
CAACTCCGAGTGGGT,7,NA,1270,1445,1285,936,825,903,417,226,168,144,151,39,38,25
GGCCATCCGAGGGGT,7,2,1268,1740,1191,1541,1312,971,575,435,278,257,122,69,49,37
TTAGCCCCTTGAGAG,7,NA,1273,1129,1819,1390,1617,1034,553,535,429,267,177,42,87,35
GATCGATATAACATA,7,NA,1273,1647,1357,1245,1400,1059,626,534,273,245,189,137,61,26
TATTTTAGAGGGCGC,7,NA,1273,1647,953,1094,1259,1075,535,357,192,169,94,92,45,35
GCCACCGGAAGGGAT,7,NA,1276,1069,936,1094,1266,778,528,479,294,279,299,114,123,171
CCAGGTTAGGATTAT,7,NA,1285,1461,1049,1175,1142,902,621,242,158,181,133,95,40,2
GCGTACATGCGCATA,7,NA,1300,1165,1416,1378,1350,1038,607,297,220,288,199,63,123,30
ATTGCACCATAGGTA,7,NA,1300,1390,1705,1386,1195,1295,613,470,453,238,84,126,61,24
CGTCACCAATATACG,7,NA,1308,2151,1305,1352,1349,954,456,308,304,176,124,48,31,25
CCAGCCGTAAAGATA,7,NA,1311,965,1144,936,1088,782,524,420,199,173,149,23,82,5
GTTTTGAAGAACGGA,2,NA,1322,1659,1040,1106,1123,1147,1405,3002,3231,4159,3555,3469,2692,2500
AGGTATCTGTGCGGG,7,NA,1324,1982,1445,1571,1437,1085,610,480,215,273,136,160,35,37
ATGCGAAGGCATGTA,7,NA,1332,1329,1238,1205,1002,917,582,329,258,260,187,98,39,71
TGAAGAAAAATGGTG,7,NA,1338,1347,989,1091,1440,1069,761,485,372,226,119,119,100,52
ATTACCAGGGAGTGC,7,NA,1341,1553,1266,1227,1189,740,532,222,366,199,131,64,36,28
TAGCAGTTGTCGGAT,7,NA,1343,1245,1235,946,916,1001,433,281,316,144,135,112,35,27
ACGATGGAGCCGGGT,7,3,1346,1359,1284,1239,1109,925,536,354,97,212,138,94,49,10
GCATAAGGCTCCAGA,7,NA,1355,1518,1185,1557,1805,1756,1157,1036,725,567,316,179,134,123
GTTCGCACCACGCTT,7,NA,1358,1389,1417,1378,1510,1227,651,497,397,259,208,97,16,57
CCCGTGCGCTTTTAG,7,NA,1365,1904,1809,1140,1384,981,557,404,348,268,181,71,77,74
GCTTTAAGATACGAA,7,NA,1371,1582,905,878,780,882,405,309,168,215,106,85,69,60
GCTTGTTACTAGAGC,7,NA,1372,1610,1745,1008,1037,789,556,320,294,227,124,73,93,44
GTATCCTTCGAAGGA,7,NA,1374,1893,1683,1713,2142,2741,2066,1537,1391,991,902,515,258,271
AATGGTGCTTCCTGT,7,NA,1381,1728,1318,1331,1172,896,490,418,254,240,87,94,63,56
CGGACACTGCGTTAG,7,NA,1389,1195,1726,1255,1195,1087,513,378,254,274,136,50,31,23
TGCTATCAAAGGGGT,7,1,1389,1427,1601,1153,1298,1162,568,417,317,192,107,63,36,38
TGCAAATTGAGTGTC,7,NA,1409,1875,1236,1381,1311,1283,639,475,282,243,147,68,55,83
TGGAAAGGTTCACTT,7,NA,1417,1249,1049,1162,1164,803,504,302,323,215,137,89,46,39
TTGCACGCAAAATGC,7,NA,1421,1844,1403,1029,1227,715,440,285,311,119,134,29,40,34
ATAAACGCTTCTGTC,7,NA,1426,1320,1056,1122,1169,923,579,443,315,197,105,97,61,43
TCTAGTCAGCTGTGA,7,NA,1431,1512,1161,1396,1243,1140,552,367,280,225,106,101,44,47
CGAGAGCGCAGCCGA,7,NA,1436,1410,984,1351,1088,681,655,383,249,212,168,122,43,25
TGCCGGCCAGAGTTC,7,NA,1441,1742,1071,1435,1223,988,609,382,550,230,109,62,67,37
AGGTAGACGTGAGAA,7,NA,1450,1942,1289,1176,984,954,652,280,286,268,165,126,35,16
ATGTGGGTGCAACTG,7,NA,1450,1493,1221,1323,1141,976,613,517,722,706,467,452,222,196
GCATGATTCCGGGTT,7,NA,1463,1536,1512,1417,1178,853,581,331,237,203,108,105,101,40
TTTAACGGGGTCGAA,7,NA,1465,1637,1460,1608,1685,1353,816,489,369,234,155,104,53,47
ACTGGATTCACAGTC,7,NA,1473,1750,986,1420,1508,1479,640,492,250,372,159,90,45,50
TTTCTCTAAGATAAT,7,NA,1492,1616,1405,1223,1432,1080,658,411,372,264,201,127,85,49
TGTACACTCGTAGGT,7,NA,1499,1330,1116,1320,1149,1093,494,531,428,226,159,139,45,52
AAACAGAGTTGAGGA,7,NA,1541,2165,1523,1550,1579,1167,740,460,432,292,212,204,155,76
GACGAAGTATAAGAT,7,NA,1549,2281,1279,1450,1314,1326,708,609,360,293,112,117,70,69
TGCAAGACTGTGACG,7,NA,1565,1702,1254,1519,1440,1347,786,415,514,325,227,92,94,49
AATTAGTAGATGGGT,7,129,1439,1492,942,1015,1072,881,493,341,309,154,134,56,46,20
AGAGGTTTGTAGGGC,7,NA,1572,1749,1487,1513,1482,1508,744,432,364,286,196,161,70,47
AGATTCACTGTAAAA,2,NA,1594,1339,1020,1254,1320,1705,2391,4990,6770,8196,6850,6841,5175,5620
GGAAATGAGCGGCAA,7,NA,1596,1498,767,1450,1250,1438,647,362,321,300,126,125,117,89
ACGAGAACGCACGCG,7,NA,1612,1741,1586,1734,2218,1325,831,483,347,277,197,111,37,87
ATTTGGGCGTAGATG,7,39,1580,1498,1352,1293,1292,954,667,377,295,192,130,106,43,35
GTTGGATGTGTGCGG,7,NA,1628,2389,1471,1426,1369,1450,731,449,391,409,259,183,69,191
TTCACCGCCACGCTT,7,NA,1651,1843,1588,1204,1051,1018,413,431,232,188,177,64,33,86
CCTGGCGTGGTTCGT,7,NA,1652,2274,1207,1801,1557,1501,910,542,421,341,279,79,41,43
GGCAACTGCGCACAG,7,NA,1677,2021,1306,1516,1681,1708,894,506,243,413,180,196,82,70
CTTCGTAGGACAATG,7,1,1696,1542,1414,1388,1393,1150,780,290,423,274,220,65,69,42
CAAGGCTGGGACCCA,7,NA,1698,1902,1689,1595,1753,1112,607,570,312,278,185,94,52,24
CTAACGAAAGAAGAG,7,NA,1699,2018,1254,1543,1612,1634,1214,1136,1688,1493,1443,1429,1052,1017
TCATAGACTACGGCC,7,1,1718,1943,1949,1718,1664,1336,756,455,373,304,281,165,68,81
GTTAGGCATTACGGA,7,NA,1728,1390,1503,1425,1338,1149,604,387,454,249,169,111,48,85
GACAGCGGCAAAATG,7,NA,1732,1768,1527,1620,1582,1122,842,640,464,325,163,169,55,47
GTATGTGGAAGATTA,7,NA,1746,1278,1760,1390,1209,1164,562,463,333,251,115,133,99,56
TTTTCAGGCATTAAA,1,NA,1773,3074,4833,5976,9282,13947,12145,11005,11564,9759,8122,7745,5997,5219
ATATCCTGTCAATTG,7,NA,1822,2091,1482,1835,1331,1182,993,1353,1210,1666,1351,1033,787,929
ATCCAAGGGTCACAA,7,NA,1823,1835,1745,1628,1631,1213,808,510,273,248,174,66,116,36
CCGTCGCGCAACGCG,7,1,1862,2261,1929,1967,1800,1443,940,499,582,430,204,162,68,52
ACAGGGTCAAGCCGT,7,NA,1884,1922,2478,1747,2043,1243,730,637,384,282,193,93,83,79
AGCTGACTAACCCGA,7,NA,1884,1710,1522,1230,1201,926,464,371,295,299,153,107,19,84
GACTTGACCGGTATA,7,1,1902,1960,2437,2178,1582,1424,902,701,616,501,391,481,218,131
TAAGAGACTGGGGGA,7,NA,1906,1619,1531,1603,1636,1291,658,460,326,259,184,103,61,65
GGCATCATTCCTTGT,7,NA,1923,2315,1738,1723,1687,1591,794,422,449,337,270,140,63,83
ACATCTGTGATGTTA,7,NA,1928,1884,2416,2022,1700,1614,888,745,585,482,244,138,56,49
TGAAAGGAGGACATA,7,NA,1934,2210,1876,1849,2178,1737,909,855,454,490,482,258,152,142
GAATACTTGGCTTTT,7,1,1941,1962,1901,1700,1568,1775,810,580,508,295,222,138,103,55
ACAACAGTAAACACA,7,NA,1963,1957,1845,1690,1782,1256,714,536,358,327,152,103,81,25
CATGGACTGCGGTGA,7,NA,2031,2737,2064,1827,1815,1257,823,584,388,362,192,126,70,61
TACGGACGACTGTTA,7,NA,2035,2134,1696,1541,1615,1182,754,529,522,369,183,183,49,89
TAAGTGAAGGGACGT,7,NA,2044,1888,1068,1387,1677,1164,589,451,504,290,83,86,32,102
ATGATTCCTCAGCCG,7,NA,2054,2564,1739,1762,1740,1422,822,436,532,295,199,109,66,64
GTACAAGTCTAGCGG,7,NA,2076,2748,1854,1651,1819,1703,665,461,397,311,275,87,68,41
CCCCTGAAGCGTAGA,7,NA,2112,2088,2319,2010,1831,1769,967,691,556,345,201,172,74,90
GAGCCCTATCTGCGA,7,NA,2116,1770,1877,1525,1174,1190,660,385,374,341,192,74,88,47
GAGCTCAGTATTATT,7,NA,2117,2671,2281,1928,1877,1658,995,784,573,384,307,196,91,94
TACTGGCCACTTGTA,7,NA,2145,1960,2087,2465,2610,2201,1197,619,672,470,309,224,97,69
GGCTGTAGATGAATG,7,NA,2159,2248,1638,1889,2031,1532,979,724,469,462,370,366,189,94
CAAATTTTGAGGGGA,7,4,2200,2386,1876,1935,2272,1865,1127,587,525,389,167,191,93,94
TCGACACCCCTGCAG,7,NA,2205,2817,1878,2594,1902,1514,914,915,655,422,328,168,124,74
ATTGGGTTAATTTAT,7,NA,2222,2110,2557,1970,2046,1864,975,676,636,489,343,256,112,105
AGGTACGCTGACATG,7,NA,2310,3439,2813,2035,2388,2571,1837,1628,1445,862,595,448,323,116
ACGCGGCACTAATTG,7,NA,2359,3146,2054,2156,2184,1883,1091,843,374,475,303,281,116,74
TGTATAAGTGGGTGT,7,NA,2366,3303,1896,2163,2115,2124,1048,753,474,440,246,168,105,41
ATCTATTGGGAGGCC,7,NA,2386,3267,1949,2353,1892,1644,1005,809,555,439,235,178,145,28
TGTCGGTACGTGAGC,7,NA,2418,3308,2516,2539,2316,1284,1017,592,666,392,252,261,88,132
GTCCGGGTTGATTAA,7,21,2433,2944,2100,2524,2079,2028,1574,1834,1824,1887,1541,1434,1054,1048
ACGTGAATAGGGATA,7,NA,2482,2818,2224,2497,2338,1932,1259,725,568,475,311,151,108,100
GACACGCGGATGTGG,7,68,2435,2727,2062,2180,2249,1501,1123,759,620,456,217,151,123,94
TGACTTTGCGGATAG,7,NA,2545,3036,2862,2297,2193,1722,949,805,430,409,196,201,65,48
GTCCATTTAGGTGGA,7,NA,2548,2128,2622,1935,2199,1635,992,669,427,366,239,185,99,47
TCCGTAACGAGGATT,7,NA,2550,2832,1936,2212,2143,2024,1062,708,727,424,269,104,138,96
GGGATTGCATGGATT,7,9,2544,2695,2227,2417,2240,2107,985,798,675,323,264,124,107,130
GGGAGGAGTTTCATG,7,NA,2571,2128,2341,2235,2201,1609,885,695,588,477,286,86,82,87
CAGGGAAGGTGAAGA,7,NA,2645,3214,2472,2483,2550,1978,1279,1088,934,955,516,452,410,314
ATACCTGGGGTGGTC,7,NA,2657,3560,2927,2661,2519,2229,1166,807,486,358,270,126,71,82
GGCATGATTAAGGAA,7,NA,2739,4242,1862,2569,2490,2369,1325,885,940,740,369,319,179,238
TGTACTTTGTCACGA,7,1,2742,3409,2305,2812,2541,1961,1280,849,762,429,291,127,132,142
TTTGACAGGGGATTA,7,NA,2781,2745,2618,2435,2216,2224,1185,837,352,432,311,167,124,86
GTTCAGATGCACCGA,7,NA,2820,4063,2720,2549,2413,1972,1126,1369,916,882,599,669,380,385
TGGACATCGTGAGAG,7,NA,2841,3564,2624,2643,2678,2812,1583,2109,2069,2027,2004,1400,1175,1310
CGAGTTATTCACTAC,7,NA,2849,2600,3168,3526,3240,2587,1671,1190,1137,1107,846,719,367,522
CACGGGTTTCACGTC,7,NA,2858,3680,2812,2707,2751,2763,1203,1066,700,518,249,212,137,30
TGCTTACCAACTGTC,7,53,2835,2816,2507,2751,2643,2159,1281,933,881,402,331,162,119,94
TCATCTCACATTGTT,7,NA,2927,2798,2773,2436,2546,2143,1080,674,618,416,300,251,105,94
GTGGAATATAGGGTG,7,NA,2931,3310,1913,2661,2499,2294,1618,1457,1795,1805,1776,1366,1021,746
AATTGAAGCTCAAAG,7,NA,2953,2434,2302,2596,2706,2020,1223,1102,959,839,465,585,399,419
AACATGACCTGGGGG,7,NA,3030,2788,2944,3123,2524,1969,1120,830,755,513,201,277,100,62
AAGATACGGGCATGT,7,NA,3088,3807,3294,2823,2937,2456,1151,810,794,512,371,147,79,102
GAACAAGACTGATAT,7,1,3164,3129,2701,2786,2673,2052,1305,944,963,497,435,267,196,78
AGGTCGTAGGGAGAA,7,NA,3169,3916,2408,2661,2363,2279,1338,865,826,574,352,293,221,141
TGAGGACTGAAAAGT,7,NA,3265,3061,2384,2755,2909,2672,2056,1532,1586,1192,728,475,440,249
TTGGAGCGTGCTGGG,7,NA,3370,4128,3515,3265,3195,2200,1242,801,753,491,346,350,137,121
AATTTTGTAACTCTA,7,NA,3380,4289,2521,2875,2955,2618,1515,907,953,600,346,142,108,116
TGCGTCAAAGGACTC,7,65,3393,2963,3365,2691,2609,2267,1146,665,586,455,361,173,131,134
GCTTTTGAGACGGAT,7,1,3524,2836,2684,2998,2596,2236,1265,810,751,458,339,277,195,180
GGTTCAGTAAAACGA,7,NA,3648,3395,2642,3024,2648,2384,1277,1048,729,591,401,414,306,238
TATTTTGTCTGGTAG,7,49,3671,3780,3331,3329,3439,2619,1486,992,772,656,412,179,148,142
TTTAATGCTAGGAAA,7,NA,3882,4120,3536,2771,3218,2726,1405,1255,708,515,336,251,146,76
TCCTAAAACTAACGT,7,209,3695,3465,3261,2825,3097,2604,1339,880,728,580,305,247,173,181
CAGAGTGCAGAGCGA,7,NA,3927,3957,3489,3276,3264,2510,1451,1036,864,653,409,224,141,154
TCTCAATGTTTCATA,7,NA,3945,4624,3692,3768,3639,3120,1923,1361,1147,719,468,348,209,113
AAGGGCGGCTCCGCA,7,NA,4050,4997,4266,3827,3724,3217,1723,1014,905,617,372,229,147,138
ATAGCAGCCGGGGAG,7,57,4016,4146,4571,3917,4010,3132,2302,2339,2119,2746,2434,1881,1562,1628
CACTTACATAAGCAG,7,NA,4123,4278,4246,4711,4285,3634,2102,1361,1006,648,592,301,145,184
CTAAGATTGATTCTA,7,104,4066,4605,3962,3465,3431,2767,1848,1465,1292,903,781,465,382,249
TAGATTTTTGCCTCT,7,38,4274,4842,3875,3851,4038,3329,2032,1100,1100,774,508,262,178,167
TGTAAGTTCTAACAT,7,NA,4633,4547,4340,4434,4220,3625,2021,1527,1178,668,556,315,254,126
GTGTGGAGTGTCTGG,7,1,4947,5607,5051,5162,5106,4022,2352,1850,1326,1035,791,364,260,239
AACCGATTCGAGAAG,7,201,4973,4887,6941,5346,5169,4197,2313,1659,1173,998,604,378,263,143
ATCGACGAGACAAAC,7,51,5313,4909,4605,4646,4793,4249,2846,2632,2472,2207,1947,1307,914,923
CGGGCAGCTTAGGAC,7,52,5600,6026,5147,5391,5151,4235,2345,1350,1472,1061,598,327,142,119
GGATATCTCCGGAGA,7,NA,5813,6523,5931,5268,5383,4241,2532,1396,1749,1083,625,382,243,204
GTGTCTGCACTGGTC,7,21,6577,7015,7519,6609,5758,5247,3107,2361,1817,1836,1475,957,649,711
TGGTGAAATGAGACA,7,50,7073,7594,6573,6584,6660,5511,2671,1625,1414,1121,696,488,293,279
GGGATGGCAGACAGC,7,NA,7193,7815,6104,6497,6229,4544,2733,2056,1743,1206,714,490,269,203
CAAGCCGAATGCACT,7,1,7926,8607,6377,6876,6602,5278,3406,2108,2265,1446,883,821,498,391
ACATCGACAGGCGGG,7,119,9301,11575,9318,9048,7886,7087,5150,5753,6212,6766,5890,5300,3852,3869
CATGTATCGTTTGCC,7,1,9923,10814,10806,9823,9848,8335,4538,3507,3426,2905,2457,1696,1199,1159
TGCCAGCTCTAGGGG,7,NA,10172,12207,11207,11090,9435,8946,5614,4983,4616,3698,3043,1921,1225,1509
AGTGGGATACGACGA,7,2654,21605,28290,19902,20591,19180,15101,10686,8086,7413,6937,5357,3766,2831,2454
GTAATTGTCAATGAT,7,28214,318,340,225,182,210,134,124,79,53,30,22,32,NA,9
GTGTGGGTTTGACTT,7,38715,122,171,293,139,108,168,59,19,33,12,19,NA,7,10
TCATTCGTGTAGGTA,4,43253,577,1246,1252,2043,3024,3937,3564,2637,2289,1788,1385,866,674,479
GGAGCCCACCTACTC,7,47982,232,262,224,226,191,161,175,71,81,34,31,24,NA,10
GAGCGAGTTAGTTAG,7,63802,2775,3132,1908,2357,2631,2181,1056,586,574,479,308,215,101,47
CTAACTGATCCAGTC,7,68438,252,581,227,272,208,223,81,61,11,51,17,21,9,21
AGTGGTCACGTTTCA,7,71546,660,791,311,652,524,407,258,150,168,132,46,9,24,35
CTCTGGTTCCGTTGT,7,81447,293,121,103,299,261,222,125,43,74,47,24,35,14,15
ATACAACGTGGTAGC,1,102457,1074,1373,1371,166757,363466,1249146,2272789,2234130,2869868,2769276,3029517,3743524,3307867,3343548
TAAACATGCCCAATC,7,113871,158,327,171,253,5742,103,63,100,105,57,77,30,1,NA
GAGCAACCCGTTTTC,7,123120,235,408,176,310,987,134,79,200,14,52,51,12,6,1
ATCCCTTCCGATCAT,2,NA,19,145,41,58,72,110,270,587,937,992,1191,973,809,738
TTGTATACGTAGCAG,2,NA,12,78,95,48,53,60,450,1433,1447,2101,1706,1454,1223,1237
ACGCCTGATTGGCCC,1,NA,27,1,2,504,1419,1821,3077,2549,1759,2064,2131,1313,882,559
GAGTCCTAAGAAGAA,5,NA,14,1,39,3983,8761,5863,1773,791,542,244,160,97,22,25
GGCTGCAGTAAAGCT,2,NA,26,1,45,53,38,62,174,862,1091,1293,1173,1112,758,960
TACGCGAATAGGGTC,2,NA,19,42,65,14,51,133,826,2350,3403,3865,3614,3300,2548,2463
TTGAATCTTGTTGAA,5,NA,1,4,1198,839,862,654,465,240,199,151,82,127,39,67
TGCCCGTAAGCATGA,2,1,NA,10,36,171,1409,5132,24526,71596,94477,116105,107992,88293,69022,75363
CTAGACGCATCATTG,2,1,1,4,NA,114,819,3488,16727,49787,67426,82769,77944,62510,51232,53944
ACGTGGTGTTATATT,2,NA,22,114,55,42,31,25,172,544,713,804,678,579,431,525
CATACAGTGAGGGAT,2,NA,28,48,135,44,50,99,562,1219,1623,1598,1459,1605,1115,1247
AAATGCGCGGTCATT,2,NA,20,3,89,21,92,355,1305,4268,4834,6405,5182,5179,4020,4367
CTGCACGAAAGTATA,2,NA,39,67,1,48,85,135,789,2417,2626,3799,3060,2773,2176,2510
ATGCTACGAGTTGAG,1,NA,5,71,498,2454,8785,47234,36625,21800,12047,8175,4192,2503,1328,889
GATAAGACAATTGCT,5,NA,30,15,1267,1212,1459,743,527,350,308,140,132,86,42,15
CCCTCACCCCCGCTT,2,NA,41,161,126,32,38,124,257,741,1144,1352,1156,870,717,735
TCAATGCACCTCCGG,2,NA,28,1,149,115,266,352,1660,4793,6043,8186,6776,6297,4820,5787
ACCGATGTAGGAATC,2,NA,5,75,36,70,69,132,471,857,1136,1370,1327,1423,900,838
CATTAGTATTCGGGT,5,NA,20,455,18700,18404,18264,14831,8831,6354,4673,3841,2609,1707,1074,1026
ACGAGGCGACAACTT,1,NA,42,136,86,235,335,504,954,737,594,887,986,764,450,356
ACCATTTAGAGTCTC,7,NA,42,148,1043,873,863,614,370,258,231,192,144,73,20,14
ACTGACGCTGATAGG,1,NA,42,97,159,401,733,870,862,793,457,510,274,225,86,122
TTGAAACTCTCCGGG,2,NA,45,142,66,55,187,344,1416,4182,4225,5327,4566,4210,3097,3152
