Center,clonal_cluster_ID,3h,6h,12h,1d,2d,3d,4d,5d,6d,7d,8d,9d,10d,11d,12d,13d,14d,15d
GGACAGGTCTTAAGC,3,91,59,1,37,91,32,8,16,NA,86,35,485,215,82,86,111,21,29
ACTGAGATAGGAACG,8,443,335,514,90,12,NA,5,304,19,28,NA,NA,NA,1,NA,98,3,1
AAGAGTAGTATTCTG,6,NA,74,127,5,105,245,161,343,227,155,137,134,5,NA,NA,51,NA,167
GGGTAACAGTTGCAG,9,1,1,23,66,749,380,145,223,149,78,37,NA,100,1,NA,NA,1,NA
GCATAGCCAGATAAA,8,NA,290,428,122,66,NA,55,161,127,82,94,43,110,165,NA,NA,172,73
GCGTATTGGGGACTG,3,52,93,48,312,572,44,8,66,7,19,62,126,271,134,46,123,13,5
TTAGGCCGTACTGCA,2,NA,NA,1,2,173,181,202,223,159,240,224,133,90,57,86,71,90,97
AATGTCAGTTTAGGT,8,1152,124,157,80,225,21,10,36,37,26,NA,NA,NA,1,119,86,NA,NA
GCAAGATAGGTGTTT,1,NA,1,22,NA,1,1,257,348,304,272,211,32,190,142,194,78,NA,114
AACCTGAGATGGAAT,7,NA,NA,27,19,53,289,112,290,322,142,332,56,225,95,1,49,228,9
GGTGTCCAACCGTTT,10,NA,NA,NA,NA,229,155,77,248,269,270,164,33,60,217,225,120,124,67
AGTTGAACGGAGGTG,8,1,505,363,133,202,66,66,194,87,91,382,27,2,144,1,1,1,NA
AGGCAATGCCACTGG,8,155,957,627,293,40,52,5,1,18,29,NA,NA,NA,NA,119,1,NA,1
CAGGGACCACGATTA,6,1,172,84,NA,244,194,117,384,196,230,NA,74,4,326,84,84,NA,163
TAGCGGTGCACTGTT,8,341,158,322,181,411,43,81,182,251,171,47,NA,NA,169,3,45,NA,NA
CGCTCTGGTGGTGGC,1,NA,30,2,NA,60,80,47,197,189,188,NA,45,175,534,167,241,195,274
GCTGCTTAACAACCT,1,NA,NA,NA,NA,42,36,31,105,118,86,133,75,357,381,344,269,284,223
TCGATGCGACAGTTT,9,NA,NA,NA,74,123,163,104,262,319,251,190,31,476,3,216,2,192,128
TAATACCCCAGTGTT,10,222,306,222,19,204,107,50,258,116,59,NA,21,4,138,184,364,264,6
ATACTTTCCGGCATA,6,NA,17,23,12,110,196,89,418,510,334,77,58,10,131,150,159,171,89
GGCAGGCTGCCAAGT,10,NA,178,185,43,162,206,162,299,195,191,275,49,4,118,146,143,204,7
CTGCATGGATCTGGA,2,1,NA,NA,NA,213,86,106,307,349,428,176,NA,244,149,91,92,344,4
TTTATTGCTTAGCTT,2,NA,NA,NA,24,305,382,449,178,116,237,365,297,59,26,34,44,39,48
ATGGCTTCCGTCTAT,4,66,229,200,68,638,390,163,296,280,130,27,24,98,NA,1,NA,NA,NA
GTTGGATGTGTGCGG,8,348,746,893,275,147,9,16,62,55,4,NA,5,NA,1,1,NA,3,90
GTAGGACGTACTGCA,2,4,10,NA,12,260,338,428,180,110,265,400,335,51,44,51,68,59,61
TATAAATGGTGGCTA,8,303,669,701,91,151,68,26,105,133,150,90,24,2,1,78,NA,1,121
GCTATCCCAGGTCTG,3,396,280,50,228,350,147,18,20,2,26,76,37,250,189,425,187,26,29
CCCTATCTCATCGTC,7,NA,NA,NA,NA,338,154,125,306,240,175,392,27,116,160,2,349,181,172
GCTAGATAGACTTGT,10,208,579,562,32,104,34,130,223,175,212,192,44,1,152,2,94,4,NA
CATAGCACGAGTATT,10,323,NA,NA,NA,231,100,139,188,220,183,64,76,513,189,104,314,123,1
CCCTGTAGATCAGTT,2,NA,NA,NA,7,223,227,156,375,350,282,199,63,157,173,139,145,129,173
CAGTTAGTATAAGGA,2,NA,NA,16,1,162,147,170,374,275,263,174,66,233,3,445,122,204,150
GTCGTAAAAGCTTCT,2,NA,57,101,19,180,123,81,323,316,188,159,46,145,278,163,183,123,351
GATGAATGGTAAGGT,4,NA,NA,NA,NA,NA,96,138,412,450,492,1,74,374,3,66,226,275,236
TGCTTATCAACCTTA,1,NA,4,2,1,57,66,64,134,141,121,200,176,378,433,352,264,225,242
ATGTTTCAAAGTGGG,5,NA,NA,NA,NA,616,291,185,376,378,150,125,6,NA,456,43,77,95,102
TTCTTCCAGGCGTTA,2,NA,1,NA,4,125,103,81,459,466,199,151,12,141,2,182,350,312,317
AAGTCGATGGTTAAC,2,NA,10,NA,NA,382,113,132,416,364,234,117,56,341,288,111,107,294,16
GGGTATGAAGATAGT,4,NA,78,65,75,1244,615,154,183,122,107,NA,36,87,1,NA,64,152,7
ATTATTGCTTATCTT,2,NA,1,NA,5,202,213,191,379,387,284,192,69,199,180,153,173,195,183
GTTGGTCTGGTTGAG,1,NA,NA,NA,3,19,26,52,159,159,137,196,140,232,228,313,366,483,500
TTGTTCTGGTTAGTA,1,NA,NA,NA,NA,5,13,20,168,165,115,92,30,274,389,342,428,441,555
GGTGTTGATGGTATG,1,NA,41,32,16,122,33,44,177,123,108,213,46,554,337,296,177,680,55
TTCATGTGTTGAACG,2,NA,11,7,NA,67,203,93,629,585,318,143,24,137,195,111,115,184,260
CATGTTCGTGACGTT,10,345,328,417,97,370,258,89,329,305,101,93,20,1,148,2,182,1,NA
AGTGGGGCGCAAGGG,8,742,834,1018,451,35,1,NA,3,1,3,1,3,2,NA,1,NA,NA,NA
GGATAGTTAGGGGTG,6,NA,NA,NA,NA,68,130,146,598,527,429,61,116,10,346,166,270,107,121
GCCAAGGGATCAGTC,2,NA,30,121,24,353,154,173,534,476,162,179,26,NA,311,108,96,107,248
ACTTTAGAGATCGTT,6,1,101,64,1,418,361,184,371,388,415,162,79,7,78,1,180,153,158
ACAGGTCTGAAGCTG,3,211,155,35,90,269,111,10,20,2,151,100,42,370,294,1014,195,50,47
CTATTTCATCGCGCC,2,NA,NA,NA,9,240,222,200,414,350,356,232,76,166,187,173,153,222,182
GGCAGGTGTCTAGGC,6,NA,NA,NA,30,143,269,168,498,469,357,225,NA,97,184,105,111,441,115
ATACCCCGGTTTGCT,2,27,37,40,17,304,257,204,380,327,374,352,99,108,134,136,152,142,125
ATGAAGTTATCTGAA,8,959,712,685,181,195,NA,40,122,112,41,1,NA,NA,NA,120,2,64,NA
CCAGGTCTGAAGCTG,3,406,296,74,228,359,167,15,32,2,96,112,73,280,247,459,283,50,59
TATTGGGCAAGTCCA,3,305,148,33,187,242,152,14,22,NA,126,95,86,142,122,1332,135,38,60
TTAGGACATACTGCA,2,3,1,3,5,181,190,159,393,369,357,204,88,204,221,197,168,293,208
TTAGCGCCCTCTGAC,2,NA,NA,NA,8,225,274,206,455,426,384,216,81,174,148,175,155,153,171
TCCCGCTCGGGGATT,2,NA,NA,NA,9,227,254,247,411,327,367,228,128,172,154,160,174,188,205
ACGCTACCGACATTG,2,1,92,114,26,197,235,242,491,413,462,110,NA,NA,160,302,120,207,128
CCTCAAGTGGAGCAT,6,NA,127,90,60,73,232,135,268,420,227,127,53,4,522,251,294,226,205
GGCGAAGGTAATTGA,7,NA,NA,NA,NA,139,138,200,357,394,196,412,98,358,91,33,362,317,243
ACAGGCTTCCTCGTT,2,1,27,74,1,319,128,126,363,309,562,133,122,197,150,219,59,46,504
AGGAGGAGAATTGAA,2,NA,NA,NA,3,212,204,171,342,387,323,246,122,234,216,235,206,233,214
GATCGAACGACCTGG,4,NA,81,38,1,62,247,174,590,497,341,1,109,139,2,336,241,58,445
ATGGTAAAGATTGAC,2,NA,1,1,10,238,238,194,419,352,364,243,115,203,212,171,182,186,236
CATTAGCATTTGCAA,5,NA,168,191,56,511,347,142,435,341,213,92,21,237,284,103,44,118,69
GTTGTTCTGGTGGAG,1,NA,NA,NA,NA,3,6,11,130,153,116,59,9,297,375,377,451,621,585
ATGGGTTCCTGTAGG,8,329,655,571,521,160,22,113,247,212,183,106,20,NA,NA,48,193,2,NA
TTTTTAGCCCTCCGT,2,NA,28,28,4,121,146,88,426,483,247,114,20,406,230,325,207,240,271
TGTGTTGAGCACCTA,4,NA,198,203,93,356,204,199,389,334,324,NA,59,263,1,165,103,398,123
AGTCTAGGCACGCTC,9,3,507,541,164,136,217,110,300,238,342,229,30,241,84,162,2,114,4
TGCCGAATTGCGTTT,6,NA,144,114,13,196,272,173,566,389,395,279,35,2,334,2,149,107,266
GCCCCCTTCAGTTAA,2,2,11,10,7,190,243,167,439,416,379,139,63,330,215,195,180,234,217
GAATGGGGTAGTAAG,6,NA,158,146,99,649,425,190,551,446,303,171,40,NA,156,74,43,1,NA
ATGGTATATGGGCTA,8,885,812,773,175,123,50,25,159,91,86,205,33,1,NA,1,3,68,2
AGCCCAACGTGTATA,7,NA,28,64,18,387,162,136,470,363,232,482,110,267,145,2,NA,230,397
ACATGTAGCGAAACT,8,152,607,756,99,198,157,87,286,113,187,156,55,370,3,87,2,187,6
CTCGCTGTACCCTTG,9,920,176,144,128,56,160,74,212,259,252,30,96,215,325,230,1,117,145
TATTGGGCTATCCCA,3,613,380,69,375,478,221,21,26,3,48,108,71,241,180,468,182,35,29
TCACTTTTATCACCA,2,NA,NA,16,6,397,165,109,422,529,288,130,22,286,305,321,59,240,293
GACTTGACCGGTATA,8,389,1058,1164,296,267,68,17,41,43,43,72,1,1,NA,96,1,NA,50
ACGTGTATCCCCATG,6,NA,NA,NA,NA,271,214,166,473,422,336,343,112,218,265,258,276,28,249
TGGACAGATGTTGTC,2,NA,64,3,40,188,262,202,590,500,288,252,184,266,4,136,254,127,272
GATTTATAAAACAGG,2,2,NA,NA,20,133,318,208,553,634,354,160,21,148,92,380,141,93,379
GTCGAGTGTAAGCGC,6,NA,80,41,NA,359,223,142,454,582,292,320,56,7,1,54,139,421,567
ACTGCTTATCAACCT,1,NA,NA,NA,1,50,56,47,147,136,147,210,126,505,725,485,380,366,388
ACTATTTCCTGGGTT,2,NA,11,23,NA,270,130,148,358,448,292,182,13,418,160,112,446,271,511
AGCCCGTGGTGACAG,6,NA,12,63,26,600,184,172,630,493,362,NA,73,1,68,33,246,502,339
AGGAGGAGAATGGAT,2,NA,1,2,9,237,304,230,441,402,389,298,121,217,208,224,229,261,255
GAATACTTGGCTTTT,8,476,914,948,130,112,68,70,138,218,146,1,23,4,219,55,NA,261,51
GAATCGGGTAGAATA,9,NA,25,69,NA,347,224,229,494,428,390,99,118,259,274,365,2,302,256
CCGCCAGTACAACAG,2,7,1,1,14,517,514,527,331,199,403,510,346,103,75,85,85,88,95
GGGTCCTGTACTGGG,4,362,218,281,37,215,182,166,449,352,310,122,94,157,126,137,122,449,127
GCTTTTGAGACGGAT,8,504,1530,1342,203,253,6,3,7,28,2,NA,NA,NA,1,1,1,36,1
TTAGTGTTGGGACTG,2,NA,22,32,5,202,189,190,751,824,561,150,35,325,247,36,83,270,3
CGACGTAGGTTTGGC,4,3,424,427,151,542,228,321,516,375,258,63,113,271,4,115,114,NA,NA
CGCTAGGTGGGGGGG,2,1,58,24,NA,NA,266,143,417,419,364,106,94,296,337,334,327,349,480
ATTTGCGCGTACAAC,2,NA,113,2,1,NA,NA,264,578,429,598,317,33,825,264,316,175,3,144
CGCCTTAGCTTCTTT,2,NA,7,7,2,186,214,112,473,474,350,155,43,251,288,233,266,307,280
AGGGCCGCTCTCAAA,6,2,124,89,17,366,341,213,466,536,371,461,90,4,186,346,83,298,107
GATGGCTGGATAGAG,2,NA,59,18,NA,154,225,146,531,476,414,195,70,204,264,437,213,372,355
GGGGCGTTCAAGCGC,2,NA,44,18,39,199,282,192,514,535,391,304,55,580,86,220,414,214,67
TTCGTAATAGGTCGA,2,1,60,52,10,569,235,165,531,701,317,336,47,154,265,241,135,196,148
GTAGGTGCTTCGTGC,10,150,145,345,72,452,295,143,396,391,322,423,46,83,130,395,143,249,8
GGGGAAACGAATGTT,2,3,NA,15,NA,296,263,206,563,513,326,94,132,508,70,241,225,471,293
TGCCGGACGAGTGGT,9,368,108,64,14,317,272,185,491,368,417,395,93,417,18,359,1,93,252
ACATAACCGGCTGGG,2,1,NA,NA,9,192,205,125,586,657,330,263,61,372,357,228,371,101,376
GCCGATGGGCCACGT,4,1,117,126,45,281,341,195,515,496,490,252,54,806,5,70,94,175,175
GGAAATGAGCGGCAA,8,506,1269,1111,341,263,12,57,114,92,130,NA,14,NA,110,NA,NA,90,140
GTAGTCCTTCCTGGG,2,93,2,8,NA,247,278,173,513,562,601,219,39,289,331,210,125,244,322
ATAAGTTATAAATTT,8,904,1059,1069,271,477,149,36,116,112,31,NA,NA,NA,1,34,1,NA,NA
CACGCGAGGATCCTT,8,147,665,666,175,148,145,98,347,311,340,316,46,268,185,81,115,61,150
GCCTGGATCGTGGGG,6,177,29,61,1,204,240,206,487,390,435,256,77,7,248,258,380,469,344
AGGTAGACGTGAGAA,8,413,957,940,417,364,51,114,191,171,160,112,57,2,1,216,1,2,110
TCTTTGCTGGACAAG,9,NA,92,214,41,468,289,172,588,667,491,150,38,267,176,316,125,148,64
AGGAGGAAAATGGAA,2,NA,NA,2,6,240,304,282,474,438,431,338,165,265,242,281,246,275,321
TGCAAGACTGTGACG,8,325,1104,1070,347,41,85,84,411,125,140,240,23,4,1,106,110,110,3
TATTGGGCCCGTTCA,3,807,283,9,192,422,154,23,118,2,217,216,108,577,382,263,419,100,51
AGAAGCGTCTGCCGG,2,28,11,18,3,338,264,202,577,610,371,284,73,201,394,270,189,336,197
TATTTTGTCTGGTAG,8,731,1105,1496,185,262,31,12,80,62,4,19,NA,166,1,1,106,32,73
CCCGGTAAATCAGTT,2,NA,NA,1,21,417,352,297,589,525,482,332,138,205,214,181,190,245,194
TGTACCCTAGGGACC,6,1,257,204,58,208,268,190,546,485,226,320,85,10,433,388,155,223,329
ATTATTGATTAGCTT,2,NA,1,NA,2,281,309,232,574,538,440,278,104,304,274,226,264,274,288
GAAAAGAGGCTCCGT,6,257,44,179,25,388,383,224,633,502,390,198,78,5,NA,160,74,479,418
TATATCGTGTAAAGG,10,511,403,690,110,398,194,130,339,349,255,212,49,NA,114,319,233,155,6
CGGGAACGCCTGTTA,6,1,80,7,66,94,351,269,658,452,432,357,98,8,325,499,259,291,231
GGTTACGTAACCTCA,2,NA,83,118,22,468,257,255,489,539,358,137,82,210,284,369,305,191,342
AACCGGACCCATAAC,2,1,1,NA,NA,614,336,189,457,394,321,270,174,468,68,85,278,608,270
CTTCGTAGGACAATG,8,206,1029,1003,268,550,2,133,184,328,217,54,21,2,221,82,73,67,138
CCTGCGAGTAGCATC,8,310,738,822,286,329,2,163,267,245,280,244,110,3,66,104,199,333,127
ATGCAGAAATCTACT,7,1077,388,391,4,299,260,143,466,348,270,133,75,244,NA,1,59,230,272
AACAATATTATTGCG,7,NA,74,29,1,151,338,299,698,603,693,177,62,291,8,2,336,893,14
TAGAGTCAAGACAGT,6,NA,65,15,66,4,370,245,715,620,587,434,71,4,308,220,451,390,129
CTCAAGAATAGGGGT,2,NA,189,205,2,448,135,241,513,436,314,339,101,219,168,390,235,297,525
GGGCTACGGTATAGT,2,1,1,NA,20,385,306,296,680,563,388,568,53,398,113,390,182,378,55
ACAAGGGACACGCTG,2,1,238,287,97,627,223,169,391,369,350,147,124,285,351,183,456,116,364
GGTGAAAAATCAGCC,2,1,51,80,49,341,290,225,519,512,376,324,163,391,444,432,143,229,215
TGCCGAATTTGGCGC,2,1,61,2,64,409,369,232,667,527,565,309,171,223,215,176,273,108,416
AAGCAAGGGATACTC,9,NA,NA,NA,10,335,415,291,489,588,564,345,73,496,598,95,1,326,179
TAGGGTATCAAACTA,2,NA,16,24,21,354,401,251,629,613,452,360,173,237,135,163,251,303,442
TAGGCCTATCGACGC,2,NA,38,46,103,202,286,171,305,403,221,408,167,680,342,409,637,148,282
CTGAGCCTGCCCCTT,2,174,127,73,62,174,276,211,582,608,558,205,103,340,252,164,302,317,325
TCGCAGGTCTGCAGC,3,574,61,7,556,160,260,53,7,2,142,178,162,915,997,398,222,68,92
TAAGTCTTAGAATGC,10,221,76,118,58,828,352,221,507,451,514,NA,71,NA,399,231,482,319,9
GTTGCTGAGTACCTA,5,419,320,337,58,373,222,139,498,557,469,224,22,430,175,130,78,159,249
TACGCCTAATAATGG,4,NA,313,268,92,551,400,219,509,599,368,542,97,115,150,146,244,255,128
AAAAATGGATGGACT,1,2,74,61,1,1,18,567,902,619,620,110,48,183,499,435,341,423,116
GACACGCGGATGTGG,8,854,1642,1460,273,380,16,10,59,102,88,1,NA,NA,NA,NA,NA,135,1
CGAGGACAAATGCGG,2,NA,1,NA,1,301,273,327,704,827,624,522,204,7,403,30,464,260,133
CGCTTGGGGGGAGTA,2,NA,14,34,33,64,419,247,649,623,646,390,74,176,244,218,468,256,589
CTTGGGGAGACCAAG,2,NA,10,1,22,1011,320,218,524,583,511,492,72,524,169,152,123,86,411
TACTGGCCACTTGTA,8,862,1384,1302,281,114,90,90,268,224,156,92,1,234,3,51,77,NA,NA
GATGTAAGGAAGTCC,2,NA,156,117,3,273,238,234,696,703,442,390,78,919,137,211,160,259,283
TGACCAGTTTGTGCG,10,NA,214,373,75,354,252,214,711,542,538,558,106,257,314,234,161,450,16
GTAACTGGGCCTATG,2,1,14,34,NA,407,399,228,727,724,438,261,128,568,84,310,237,354,534
GTAACGGTGAATGGT,8,481,687,761,126,262,171,130,362,368,302,64,53,279,420,2,84,370,559
TAAGAGACTGGGGGA,8,965,1481,1278,253,312,118,42,143,79,210,77,70,200,125,79,1,116,3
CCGCCTAACGGGCAC,2,NA,1,NA,55,637,678,734,515,343,556,771,421,179,132,109,129,148,166
AAAGTATTATTACGA,2,1,55,2,NA,514,479,279,758,542,373,388,158,21,2,502,221,672,765
CTAACGAAAGAAGAG,8,1261,1405,1537,341,312,21,99,178,153,22,146,30,2,154,2,NA,91,3
ACATCTGTGATGTTA,8,1035,1758,1693,441,518,53,22,63,87,76,NA,9,3,NA,NA,1,NA,NA
ATAGCCAAGTCATAT,8,607,2192,2213,451,276,23,4,11,10,NA,NA,1,1,NA,3,1,NA,NA
CGTAAGTGAGCGAGG,6,NA,369,331,211,551,403,245,590,619,610,362,45,3,325,607,400,3,125
TCATTCGTCTGGGCT,2,NA,3,1,NA,254,237,221,684,677,535,385,57,472,595,281,514,361,529
CTAGGGCTCCGGGCA,6,NA,NA,22,31,405,292,314,1069,804,784,332,268,16,474,209,393,163,231
GGCATCATTCCTTGT,10,932,1100,1002,143,287,117,118,255,372,309,235,8,3,244,104,285,92,239
TACCAGAATGGTAAA,2,3,14,28,118,180,469,322,670,709,719,281,49,76,601,336,62,697,514
TTGGAGCGTGCTGGG,8,528,1871,1722,524,453,66,62,98,120,111,1,NA,NA,NA,35,83,88,109
ACTGAAATGAGAGTT,2,NA,45,70,55,894,405,329,865,665,534,228,168,487,156,408,202,219,172
TCTCAGGTCTGCAGC,3,36,529,124,290,492,457,46,3,3,183,464,130,1041,775,212,464,197,491
TGGAAGCCGAAAGCG,2,2,8,18,31,180,336,286,709,843,628,448,76,323,171,643,318,528,426
ATTGGTTCGTGGTTT,1,1,192,128,8,51,NA,216,456,511,281,294,243,227,1050,1331,364,371,272
TGGTTAAAACCTCTT,2,2,1,11,70,505,383,266,902,753,522,318,239,535,271,298,353,440,208
GGAAGCTGGACATCT,2,59,42,109,66,568,216,240,834,813,576,432,42,340,210,562,336,300,374
ACAGGGAATGAAATT,2,1,88,163,17,420,550,301,761,811,354,464,301,464,284,156,535,182,283
TAATCCGTTTTTGCA,2,NA,102,82,NA,569,460,260,893,951,655,487,91,387,193,230,194,475,114
CGGAGTTCGTATGAT,6,166,129,215,40,589,238,272,749,708,585,798,160,103,225,370,245,310,269
ACCGAGGTGGATTTT,2,3,130,150,42,635,373,305,836,692,635,199,111,334,153,438,372,204,622
CCGGAAGCATTATGT,6,2,97,151,78,288,433,431,689,692,560,289,194,6,386,480,641,479,339
CTTGGATTGGGGGAA,2,NA,NA,40,13,213,286,179,659,766,651,393,78,363,576,669,420,549,386
CCATGAGTGAGGATC,2,1,16,38,32,254,365,306,887,502,550,164,286,282,885,728,311,429,242
TTGTTTAGCTAGTAA,2,NA,12,17,11,307,357,259,924,1005,612,297,100,436,294,480,216,666,307
TCTGCTTATCAACCT,1,NA,NA,NA,1,91,98,74,326,349,247,280,110,895,1062,886,683,628,602
TTCAGAAATTGGTTG,2,2,2,NA,7,378,317,253,940,970,520,282,78,695,496,596,126,561,181
GTGGATACTCGAAAA,2,NA,12,61,24,811,444,300,692,774,550,338,190,399,301,534,455,213,329
CGTTCTGGCCTAGTT,2,1,68,50,18,471,358,212,766,718,470,230,82,658,417,582,451,639,236
GCAGATGTCACTCTA,7,1,11,27,66,1145,472,387,866,753,565,151,130,1010,202,1,214,258,175
TCTTGTGATAGGGAG,2,108,46,78,10,483,267,138,808,813,469,395,48,393,516,206,534,711,484
CAATTGCCACCAATA,6,NA,378,468,85,388,414,316,721,804,609,432,98,152,481,246,357,279,281
AGGAGCATAGGGTGA,6,2,305,282,74,678,720,352,756,672,838,483,64,2,426,112,282,323,148
AAATCGGGGAGCGGA,9,NA,207,419,91,535,621,316,818,870,852,460,50,528,NA,371,3,402,8
CTGCATATAATGAAA,2,NA,NA,NA,34,411,519,277,879,776,399,310,60,637,624,424,461,562,204
GCTGCTTATCAAACT,1,NA,NA,NA,NA,84,116,79,307,338,287,400,251,845,1068,832,718,673,588
TGTACATTCAATTGC,2,1,41,22,37,377,400,243,897,867,815,240,34,424,313,492,510,724,191
TATGTTACCGGGTGG,2,NA,83,124,40,389,389,264,923,800,594,216,69,87,762,228,304,268,1118
GTGATCTCTACCGTC,2,NA,16,8,17,257,398,241,902,934,907,517,86,508,446,680,236,285,254
ATTCAGCCGCTCCTA,2,294,165,98,18,374,329,212,848,767,543,192,98,550,584,465,303,468,434
ATAGATTTAAAGAGT,9,NA,NA,NA,NA,621,470,307,735,619,687,427,186,378,341,502,2,779,711
TCATTTACACCCGGT,2,1,NA,28,NA,586,440,284,936,930,824,355,38,402,212,274,549,421,488
TCAGGTATTGGCTGC,2,NA,16,14,29,481,576,427,956,942,750,429,165,128,314,783,332,204,249
ATACCTGGGGTGGTC,10,508,688,723,92,483,331,208,796,753,493,309,31,47,300,200,319,371,204
CGTTCCTAGCAGTTA,2,NA,1,10,NA,746,533,318,809,828,627,390,155,460,658,280,417,408,226
GCTGAAGACATTTGC,5,653,385,418,35,343,255,196,722,791,553,231,26,364,366,476,39,421,671
AGGATCTTGAGAGTT,7,NA,NA,NA,NA,419,441,424,877,972,798,635,185,770,423,141,225,335,315
ACGCCAGCGTAGGTC,2,1,36,2,NA,622,475,466,745,769,869,166,124,991,184,490,710,206,123
TATGACGCGGAAGCT,2,162,163,178,30,948,302,349,815,781,588,381,207,331,385,399,104,467,389
GTATGCTTTCAGTAC,2,NA,99,58,18,487,319,238,933,925,614,223,64,248,593,515,719,330,614
AGTAATCAGCATTGG,2,1,89,37,NA,556,344,311,863,924,879,1029,88,276,181,407,587,314,137
TGTCGCGTGAGAGGC,2,NA,86,96,43,156,417,330,906,877,643,383,75,540,467,319,377,644,698
ACCCAGGTCTGCAGC,3,1338,464,33,382,873,390,2,133,9,452,710,182,534,448,332,680,10,107
GGTTCAGTAAAACGA,8,2022,2031,2183,475,211,8,11,9,12,30,76,10,1,NA,NA,1,13,NA
GGTTAACATTGCACA,2,1,266,202,30,263,463,365,1067,989,565,501,135,309,72,555,218,453,647
CTGCTTATAACCTTA,1,1,NA,1,NA,96,137,90,350,345,304,358,231,904,1055,928,787,750,787
GGCGCCCGGCCCAGT,2,1,27,17,16,416,421,332,852,893,707,455,157,504,506,349,460,501,530
CTTCATTTGAGGGAC,2,15,18,43,3,582,368,203,1115,1130,678,251,57,400,273,377,476,608,550
GTGCGAGTAATGTCT,2,NA,128,199,102,786,605,394,1180,983,620,332,171,359,228,341,305,163,282
ATTTGGTGCGATTGG,2,1,60,2,NA,592,406,314,858,746,530,335,247,269,384,629,310,1199,340
CCCCTGAAGCGTAGA,8,311,1053,1191,301,354,301,168,459,466,444,374,80,591,277,306,274,158,125
GGGTAAAACTGGTGC,7,113,112,349,56,592,404,291,911,749,525,748,84,375,771,51,297,604,202
ACATAACAAGCGGTG,8,NA,741,803,287,594,228,295,668,830,736,313,26,243,817,149,242,107,174
TGCGTTTCTCAGGCT,2,NA,49,63,35,414,562,337,1133,905,829,255,187,158,342,637,304,427,641
CAGGGAAGGTGAAGA,8,904,2277,2329,1080,299,64,30,118,41,40,1,NA,223,2,1,NA,NA,NA
GCTGCTTATAAACCT,1,NA,NA,NA,NA,104,136,113,279,349,293,382,263,993,1205,971,799,793,734
ACCTTTTCCGTTAAT,2,NA,NA,13,5,299,311,234,1164,1171,643,514,68,578,565,248,432,394,801
AGAGAACAACCGAGA,2,1,1,NA,NA,741,637,461,1051,1185,620,384,214,534,213,369,264,429,411
ATCCGGACAGCGCCA,2,1,160,302,91,658,310,447,988,1001,938,312,364,106,488,471,358,186,359
TGTATCCACACTTGT,2,NA,NA,NA,27,825,491,374,692,916,780,282,276,711,267,547,425,351,585
CAAGGTGCCACACAC,6,397,601,310,212,510,370,371,749,569,555,319,286,15,479,327,425,161,933
TGGGTGTTAGCAATC,6,NA,95,153,65,573,647,461,1245,1040,616,513,165,9,431,400,386,653,154
ACCCAAACCGAGAAA,9,380,277,312,331,553,582,457,701,719,599,530,128,711,413,344,4,473,153
GCTTGGGTACGAAAA,2,1,72,106,19,529,558,407,1285,1072,691,574,240,776,216,435,398,87,217
TTCTGTCTAAAGCGC,1,69,88,106,2,16,NA,10,1523,368,193,226,88,1496,1071,824,736,446,446
ACTGGATCTTTCCGT,2,NA,NA,27,NA,313,540,509,1066,852,802,95,199,908,503,772,275,347,500
GTTGTATGGGGCGGT,2,1,46,65,NA,387,367,269,983,1080,747,429,65,195,686,622,599,521,649
TATTTTAGAGGGCGC,8,610,709,585,176,758,262,207,873,799,539,345,160,226,510,311,130,123,450
GTGCAGTTATATTAA,2,1,25,11,8,306,417,264,1089,1180,737,393,88,205,680,635,569,713,661
GTGTCTGCACTGGTC,8,907,2687,2856,512,363,28,41,92,98,68,NA,4,NA,102,64,59,NA,101
AACGGCGCCAGCTCT,2,NA,1,NA,16,326,310,253,409,327,361,312,176,184,159,145,169,195,165
CGTGTGGTGTGGTAA,2,17,28,20,7,330,271,217,998,1107,731,339,79,526,753,567,468,857,735
CTTATCAGGTAAGGA,2,368,103,95,NA,416,648,442,1171,991,926,496,195,828,334,383,228,146,292
ATACAACAGATTTTC,1,1,21,63,NA,NA,4,488,1693,1243,1049,483,182,864,287,409,565,582,195
CTAAGATTGATTCTA,8,1076,2585,3072,531,420,88,16,100,78,33,NA,NA,1,NA,71,78,2,2
GAATCGTATGTGGTT,2,205,225,273,78,634,450,272,937,933,858,262,76,408,502,448,392,622,629
ATTAGACAGGATAAC,2,146,94,150,57,423,424,276,747,784,631,662,259,912,686,623,794,413,175
GTTTCGAAAGGAAGC,2,NA,15,16,NA,440,430,246,1212,1148,839,428,82,514,813,545,735,468,430
GAACAGATGACGTCT,2,199,1,29,35,525,555,363,1015,949,593,721,64,1040,447,444,704,644,55
TCGGCAGTTCGATAG,2,217,77,125,24,492,398,343,1359,1142,695,399,108,280,636,330,507,871,418
GTGCACATGCGTCTG,2,1,42,27,19,36,563,380,831,941,778,641,123,658,899,359,473,682,975
CTTGGGGACAAAAGG,2,NA,129,108,19,558,692,500,1178,1163,959,542,131,778,530,493,201,293,206
CATCGTTAGCTGTGG,2,3,18,43,10,501,578,347,1054,991,1111,369,183,595,357,509,669,808,370
AACCCTGCATCGATG,2,NA,11,9,20,502,487,299,892,792,870,715,99,1198,723,475,563,433,446
AGGTGTTTACCCGCT,6,NA,NA,NA,NA,489,296,539,963,1077,1019,377,207,250,788,572,794,425,754
GAAGTCTTCCGGGAC,2,NA,NA,NA,14,425,432,329,1135,1220,860,298,73,559,1014,400,461,772,599
CCGAGCGCTTCCGGA,2,222,71,20,69,947,556,600,824,875,614,721,299,456,481,283,321,557,719
CTGGTGAAGCCGACA,2,NA,NA,2,94,950,840,202,637,527,769,721,393,1089,868,600,254,365,327
TGACTGCACCCGATC,2,NA,NA,NA,20,896,500,399,1057,1096,878,632,148,591,397,612,349,865,228
ACTAAAACAAATGCT,2,1,23,2,NA,304,538,489,1151,1269,842,916,256,16,989,317,657,510,416
TATGAGCTCCTACAT,2,NA,NA,NA,3,177,168,155,252,224,203,175,90,108,105,105,108,136,120
GTTGTTCTGGTTTAG,1,NA,NA,NA,NA,20,27,54,369,470,279,197,72,789,970,1009,1216,1687,1782
GGAATTTGCTGCTGT,2,NA,105,197,43,653,527,397,1220,979,966,353,181,193,562,279,570,1276,515
ATTTTTAACGTCGGC,2,NA,4,14,6,514,386,360,1134,1192,900,527,162,301,737,609,757,644,823
AGTAATAGCAACTAT,2,3,1,NA,NA,1073,665,614,1090,870,1268,616,166,604,847,533,307,270,146
GATCATTTGATTTTT,2,20,48,39,7,441,316,205,1113,1263,624,306,60,928,439,811,621,1020,830
GGTTAATTCATTGCC,2,124,384,216,59,889,517,232,1013,1063,772,661,73,1129,180,625,591,327,317
CAAGGTAATCTGAAG,8,1029,511,581,421,1133,247,404,803,729,559,711,195,148,380,364,349,380,312
TAATGTTTACGGTGA,5,299,509,523,69,835,417,391,1013,1059,665,526,90,407,517,498,208,424,809
TCCAATGATATAGTG,2,NA,9,3,31,850,660,453,1059,1239,832,690,210,337,512,478,607,607,683
GTGGAATATAGGGTG,10,1448,1615,1691,394,407,215,190,438,570,148,431,68,177,663,156,482,210,9
TATGGGTGATGTGAC,2,299,287,337,74,327,451,380,944,1003,947,692,229,1000,856,622,324,563,234
GTAGGTTGCAAGCGT,3,383,109,87,86,590,531,11,11,7,21,11,52,601,270,271,128,75,63
AAGCAGGTCTGCAGC,3,1361,571,363,214,1693,878,245,106,1,2,932,475,490,809,468,673,10,358
TAAGTTACGGCAATG,2,NA,NA,44,16,403,658,633,1366,1409,1031,306,163,801,897,523,304,562,544
AGCGTTTCCGTTTAC,2,NA,NA,3,14,541,604,465,1424,1174,997,729,169,546,562,304,508,795,921
AGTCAGGTCTGCAGC,3,586,471,163,731,1892,405,62,122,3,93,695,186,1128,1151,1092,388,239,442
GTGTGGAGTGTCTGG,8,1535,2273,2723,653,483,105,110,284,288,267,104,96,530,66,71,78,184,6
ATTCTGTACGGGGTT,5,835,576,712,200,604,524,318,1011,1032,756,574,103,512,566,324,209,742,287
GTTGTTCTGGTTGAT,1,NA,NA,NA,NA,17,25,58,452,496,330,228,75,827,1208,1198,1271,1722,1995
CTGAAAACAATGAGG,6,604,728,746,100,789,541,501,967,838,858,447,144,111,383,678,216,834,490
AATGCTGGATGCACG,1,NA,22,30,NA,NA,2,408,1156,595,423,769,628,1237,997,1902,462,773,624
CGTGCACAGGCTCTG,2,1,99,88,22,660,751,514,1300,1325,1138,459,273,314,379,712,632,304,1074
GTGCGAATCCACTTT,2,NA,72,87,1,560,559,448,1543,1276,944,437,217,549,662,563,675,758,726
GGCGCAGCGTGTGCA,6,370,254,392,226,862,846,538,1016,918,1019,594,218,246,648,178,738,498,623
GGTGTTCTGGTTGAG,1,2,6,11,4,60,147,317,529,409,642,881,716,713,710,985,1159,1497,1521
GCTGTAGACAGTTAA,2,NA,30,29,27,725,557,530,1295,1292,1026,602,230,1331,900,569,788,141,247
ACGCAGGTCTGCAGC,3,1415,553,22,848,901,397,32,229,8,551,1374,1139,487,874,1035,263,165,118
TGGGTATATCGACAC,2,1,75,97,3,884,627,446,1179,1249,1100,711,309,820,851,313,839,743,244
ATAGCAGCCGGGGAG,8,2281,2858,3469,644,502,20,23,181,133,128,NA,NA,258,150,76,NA,69,NA
AATGGGTTGAGTTTC,2,1,79,44,62,1352,804,552,1120,1039,881,688,294,686,506,833,655,487,715
TGAGGTACGAGGAAG,2,NA,49,74,64,871,1080,567,1504,1106,1135,579,321,1007,226,610,545,406,723
CGGGTTGGTTGGCGA,2,2,73,70,99,508,886,591,1348,1380,909,887,291,363,787,664,595,811,611
GTAACGGCAGGACAT,2,NA,10,NA,22,487,696,432,1506,1420,1118,965,210,750,382,751,957,438,736
CTCACGGAACGTTGT,2,451,187,94,39,558,704,453,1513,1200,1372,328,270,552,1217,832,474,218,746
GTATAAGTTGGGCTT,2,1,44,38,14,451,695,478,1463,1683,1045,496,194,1399,212,678,462,1133,775
TCCTGAGTACAACGT,2,NA,NA,3,NA,693,887,622,1486,1386,1242,462,123,640,1278,645,487,334,1046
ACGGAGAATCATGGC,2,2,177,211,53,666,646,731,1510,1672,1367,659,351,162,599,438,750,794,643
GCTGCTTTTCAACCT,1,NA,NA,NA,NA,144,209,152,454,468,463,640,420,1608,1704,1535,1201,1334,1102
AATTTTGTAACTCTA,8,1113,2122,2295,755,586,303,227,565,518,275,303,103,504,236,281,163,959,179
GTCTACCGGAATGTG,2,NA,34,1,36,674,641,529,1660,1445,1177,916,139,543,658,618,689,982,786
TATTCATAGACTCAA,2,NA,246,157,47,590,658,480,1772,1522,996,646,100,764,871,533,776,615,771
CGGCAACGGACTTTC,2,1,54,105,1,1023,860,729,1489,1460,960,948,349,464,429,475,532,990,705
ATGCTCACAGAGCTA,2,1,2,1,NA,1092,823,812,1455,1406,1504,520,275,249,1428,323,781,262,675
CGGTATGTAGCTGCG,1,NA,359,300,17,74,1,530,848,994,775,512,658,942,1345,2493,549,821,399
TGGACATCGTGAGAG,8,473,2293,2676,806,408,544,227,506,676,760,283,157,248,259,181,417,624,137
GGAATCTACACTTTC,2,181,122,152,68,719,611,434,1713,1466,1095,565,185,491,569,687,864,1127,724
CCACACATTAGACCT,7,363,585,587,204,882,599,547,1533,1282,1065,681,188,1111,731,312,451,405,276
TGGATGCATAAATTG,2,1,113,155,10,609,920,630,1611,1684,1175,747,256,723,784,707,744,534,449
TACCGTGCAGGTCAA,1,13,748,611,137,20,NA,716,1742,1161,872,1207,243,966,759,522,742,889,630
ATCTTAAGCCATGCT,9,1,57,27,360,4193,2231,678,1491,1254,816,361,126,229,152,129,1,NA,1
AGTAATTCCGCCGAA,2,1,253,104,4,483,888,677,1653,1489,1076,449,85,800,929,797,832,831,775
TGTCAGGTCTGCAGC,3,2097,631,35,822,1804,752,261,310,6,262,1303,544,1117,565,640,754,266,270
GTTGTTCAGGTTGAG,1,NA,NA,1,NA,23,35,84,564,570,406,284,109,1109,1406,1437,1752,2306,2498
AGGCAGGTCTGCAGC,3,2017,146,13,828,904,974,80,145,33,458,1171,852,1425,1174,742,981,567,226
TCGGTACTTCCCAGA,2,1,11,2,42,859,662,659,1306,1379,1682,851,349,886,256,486,803,938,1626
GACGCTGGGTTATAT,2,2,85,139,33,780,761,485,1440,1673,1496,1034,123,751,840,753,894,714,849
TGAGTCGCCCGGCAT,2,7,12,36,14,762,561,433,1756,1758,1200,499,144,1093,1130,739,949,892,875
TTTGAATTCTCATTG,2,NA,NA,4,8,559,542,406,1808,1896,1278,606,147,1311,973,919,832,855,805
GCTCTGGTATATTAT,2,218,98,172,25,1241,869,539,1671,1635,1078,577,107,881,1013,821,704,820,534
GCTGCTTATCAACAT,1,1,3,1,1,165,241,192,598,595,512,698,437,1617,2110,1695,1522,1400,1220
GGGTTATACGCAGGC,2,1,1,48,53,1067,786,647,1826,1691,1665,616,527,601,1032,755,472,511,833
GTGGCATGAACAACT,2,366,195,273,166,978,855,858,1895,1568,1248,847,322,789,174,938,750,273,727
GGTGTTCCATTGTGT,2,1,1,6,9,779,750,569,1687,1889,1260,825,261,952,895,782,837,898,854
ATCGACGAGACAAAC,8,3066,2921,3941,887,652,70,53,268,240,125,506,1,226,2,108,373,131,4
AGTGTATATGGGTGT,2,1,109,178,2,1070,916,540,1270,1279,1045,953,176,1030,708,1049,800,950,1600
TTTTATAGGATAATG,2,47,64,80,15,646,534,353,1750,1857,1187,482,110,1046,1132,975,1070,1274,1077
TTTTAGACGTCGAAA,2,12,31,19,20,411,593,375,1927,2117,1209,538,95,1204,1140,1016,837,1284,883
CATCTAGGAGGCAGC,2,2,100,98,NA,945,710,582,1646,1551,1227,674,180,1597,1213,717,1129,862,580
AAAGAGTAGCTTGGG,2,247,280,41,92,753,877,801,2006,2014,1597,610,291,737,703,532,510,902,916
TTTAATGCTAGGAAA,5,510,1091,1160,125,772,495,324,1496,1396,1042,792,110,1155,652,545,545,1009,893
AAGGGCGGCTCCGCA,8,1102,2907,3291,1229,569,201,404,636,764,562,300,306,7,351,263,388,475,373
GTTGTTCTTGTTGAG,1,NA,NA,NA,1,13,49,90,575,643,451,277,113,1206,1574,1743,2014,2672,2864
AGAATCGCCGGACGG,2,461,301,330,110,839,760,779,1960,1886,1313,924,401,507,837,484,701,1011,715
CGGATTTAGGCGGTC,2,2,253,316,58,1773,1265,833,2304,1938,1420,926,402,130,719,450,695,649,220
GATGACGGGAGATGG,2,180,25,2,NA,842,504,616,2101,1831,1465,863,217,655,937,1743,488,964,1004
TGGAGATGGGAATGA,2,3,1,1,62,1074,790,746,1708,1855,1485,580,345,1212,845,674,998,994,1093
GTAGGACGAGGCCGT,2,375,327,459,201,574,715,807,1856,1729,1450,739,266,1023,741,720,681,756,1153
TCTAGTCTTCCCCAA,2,1,NA,NA,21,764,617,554,1820,2051,1590,800,166,935,1341,727,1118,1147,984
ATCACTCGGCATTGG,2,419,345,320,75,944,848,574,1777,1952,1682,513,166,693,699,663,1243,914,871
GTTCAGGTCTGCAGC,3,2816,866,61,1075,1694,564,77,265,13,582,830,428,1765,1282,699,1267,306,127
AGGACAGCATATATA,2,2,1,73,123,1139,1441,974,2076,1751,1465,474,467,1122,523,591,594,403,1505
AACTTGGGTATGGTA,2,4,11,13,9,1302,886,571,1723,1581,1642,660,340,642,840,1190,878,1426,1123
GTAGGCCAGCTGACC,2,289,228,204,57,764,445,941,2122,1732,1642,1193,383,472,682,1016,1263,627,801
GGGATTGCATGGATT,8,676,1584,1466,391,1491,622,497,1463,1365,1244,480,350,207,365,575,520,783,808
ATTAATTGTTGTCGC,2,2,NA,48,5,630,724,533,1761,1769,1307,820,132,1166,982,1076,1142,1555,1313
AGGGGATTGCCAGTT,2,1,185,239,44,1126,961,983,2094,1920,1436,883,606,572,477,781,519,1265,911
TGCAGGCTAACTGAC,6,NA,404,524,126,1265,1262,794,2174,1908,1570,644,243,489,402,760,718,1275,671
AAGTATGGCATTGTG,2,11,295,289,102,1020,854,737,1886,1617,1403,928,420,1381,967,465,817,1033,1199
GCTCAGGTCTGCAGC,3,3504,2339,105,1844,1797,927,8,8,2,360,927,242,512,401,2072,678,178,345
CATATGCCCAAATCA,2,2,94,212,52,1934,1055,691,2067,1842,1781,1205,194,363,963,898,1115,423,1386
TGGATAAGTCACCTG,9,2,420,478,64,2474,1621,1132,2301,2225,1851,1104,142,936,289,600,177,369,155
TCCTAAAACTAACGT,8,1135,2709,2741,723,514,175,548,1177,974,1034,353,267,1136,446,45,950,781,709
GATGGTTAACATAGG,2,NA,646,603,61,687,837,819,1943,2188,1682,696,396,1617,1095,779,1212,777,381
AGAGGAGCCTACCAG,2,NA,78,81,78,823,1151,816,2115,1950,1832,1540,470,871,489,726,1074,1308,1191
AGAGAGTAATACGTA,2,3,NA,58,2,771,1280,955,1978,1942,1905,880,256,964,477,930,1303,1209,1881
AGAGGTAATTCGAAG,4,681,588,588,242,1544,1059,827,1690,1838,1260,454,659,1118,494,877,1422,840,795
ACTTTAGCAAGACGC,2,NA,237,228,86,744,1172,876,2502,1759,1917,1378,451,1259,838,325,778,1419,1290
TAGGTGTTCGCTAAC,2,1,19,41,94,906,1382,1232,2561,2288,1277,1335,530,790,1546,568,895,787,1052
GGGCGAAAAGATGGC,2,3,NA,1,75,1605,1296,1020,2120,2048,1713,730,640,1414,932,899,1148,646,1106
ACTGATTGTGGATGC,10,965,891,1328,261,1520,971,702,2263,2159,1380,755,392,732,1236,627,844,471,215
GGAGCTCCCAGTGGA,2,273,241,306,163,1197,1153,1099,2158,2053,1766,1102,526,416,951,1093,698,1392,1457
GGCCATCCGAGGGGT,4,400,909,889,447,2141,1009,833,2011,2008,1605,734,508,648,496,1057,912,763,677
TGAGATAACAGGAAG,2,1,20,1,35,1136,1020,827,2438,2086,1629,1390,291,1233,1173,925,1134,1287,1495
CAAGCTTCAGACTTA,2,1,451,410,40,1415,1164,961,2156,1952,1822,1324,331,1853,1265,742,933,595,779
TTCAGTGGTCTTGCA,1,NA,153,78,35,481,690,341,1526,1561,1159,1301,359,3050,1487,1608,1526,1664,1316
CATCAGGTCTGCAGC,3,3954,726,665,1207,2352,1167,202,898,12,595,1160,605,161,2190,1135,762,519,261
ATGACTAAGGTACAG,2,2,1,1,82,1236,1265,876,2139,2761,1629,1330,246,438,985,1318,1355,1205,1557
GTGATGCAGGTTCGA,2,1,3,NA,19,839,950,677,2266,2311,2071,1129,345,1467,1258,1100,1493,1611,974
CCATTAAGTGGTGGT,2,NA,46,89,13,1393,1119,736,2273,2175,1953,1274,459,867,1134,1426,1569,1053,984
GCATAAGGCTCCAGA,4,1402,1002,983,393,1244,902,784,1912,1665,1633,851,431,791,771,1104,818,916,974
GTGATAGGATGATAG,6,219,583,422,225,958,1182,895,2358,2253,1692,970,273,1018,765,1024,1090,1907,759
TCAGTCAGTGCAGTT,2,NA,18,3,1,1722,1188,1096,3319,2422,2371,1049,410,674,503,893,1189,1047,802
GGACGCACTTATGCA,2,NA,109,59,55,1298,1201,1218,2271,2333,1920,1346,472,723,1368,1170,932,982,1487
AAAAAGCTAGGACCT,2,264,2,18,6,911,980,898,2195,2113,1857,1573,499,1238,1412,898,1372,1862,986
CCCTGGATACTCCTC,2,2,114,83,81,1176,790,928,2346,2083,2094,1438,379,2035,1560,1047,765,902,1316
ATGGGTGTGAGGTCT,2,323,45,102,64,1071,1355,1010,2251,2225,1750,1247,769,1794,505,937,903,1533,1367
CGACAGGTCTGCAGC,3,1160,1219,350,980,3859,592,47,86,5,1387,1909,997,2325,998,1624,845,567,308
CAAATTTTGAGGGGA,8,1448,2000,1924,8543,5293,177,5,27,5,3,NA,1,1,NA,NA,NA,NA,1
ACAAATGATTAGTTC,2,1,NA,NA,84,2099,1790,1436,2828,3063,1850,821,439,1316,639,790,961,732,649
TTTTGGCTGGGAGTG,2,3,8,3,20,841,834,512,2496,2892,1758,902,153,1643,1475,1411,1520,1558,1509
GATATAGAGCAGCTG,2,257,133,283,79,1327,1401,974,2495,2455,1849,1718,303,1193,1025,1001,780,768,1520
TGCGAGAATCAGCCA,2,NA,2,4,33,1692,1227,962,2489,2450,1799,1188,232,2015,884,1093,1333,791,1383
TGGAGTCATATCGGG,2,1,37,57,82,1162,1073,1008,2254,2365,1627,1854,456,574,1453,1329,1394,1664,1334
AGTGTATTATTCAGG,2,3,36,15,28,1214,1108,772,2369,2277,2114,1043,295,1378,1088,1382,1179,1667,1760
GCACACGGGAGAATA,2,1,11,69,9,2102,1475,968,2945,2661,2352,1067,305,1088,683,1611,640,859,1154
GTTGTTATGGTTGAG,1,NA,NA,1,NA,22,58,96,760,978,612,389,136,1787,2323,2443,2856,3612,3984
GCTCAGGAGCAGCTT,2,NA,NA,22,15,1062,1235,907,2810,2788,1813,1247,376,1820,1556,1035,760,1551,1112
CGGGCAGCTTAGGAC,8,2651,4146,4503,1970,1106,510,393,1036,808,821,390,272,471,464,4,284,524,364
CACGCCTGGCATGGC,2,2,21,NA,25,1797,1486,1253,2400,2338,2354,1316,794,1075,850,1016,1494,884,1761
GTGAGGTTAACGCAC,2,NA,84,22,27,1204,1353,888,2788,2275,2088,1154,325,1230,1837,1450,1196,1709,1463
TGGTGAAATGAGACA,8,2480,3956,4652,1485,1762,684,447,961,940,965,235,210,302,608,281,326,354,463
ACGCCATTAGGACGG,2,NA,2,1,30,1511,1454,1039,2433,2325,2445,1266,421,1470,406,1307,1894,1345,1978
CTGAAAGAATGGAAT,2,2,NA,1,18,2255,1767,1268,2779,2336,1728,1138,489,1385,1031,783,1821,1838,721
TTGGCGACAAAGTTT,2,103,162,184,46,1308,1153,1001,2956,2738,2092,1336,364,1005,1605,875,1029,1421,2056
ATTAGTTAAGCATAG,2,1,1,NA,21,887,1465,1145,2951,2540,2556,1201,370,1263,1609,1174,871,2197,1203
TGTAAGTGGACCCTT,2,NA,7,NA,1,1382,1336,931,2499,2798,1976,1055,491,1115,1001,1236,1323,2120,2185
TGACGCATGCACTCA,2,310,316,607,81,1260,1582,1101,2281,2367,2228,1614,461,998,1533,1208,572,1142,1899
AAATAAAGTTAACGC,2,1,180,438,126,1683,1460,1321,2873,2343,2395,1790,710,998,1378,756,1145,1016,975
AAGAGGCTTGAATCA,2,NA,409,362,121,778,1362,937,2374,2410,1801,1754,389,1778,1246,1741,1091,1888,1527
CTCGGGACCTAGTAG,2,1,117,49,57,2102,1863,1152,2679,2102,2660,1378,438,688,973,1425,1764,1820,704
AACGCAATACTCAAG,2,145,2,NA,88,2130,1764,1344,3057,2759,2474,2144,666,958,1433,648,708,1538,329
ATAGAATCGGGGGGT,2,NA,263,421,284,1279,1323,1058,2776,2506,1934,806,347,1994,1182,1588,1042,1892,1723
TGCCAGCTCTAGGGG,8,4041,6603,7326,1187,794,89,147,381,392,232,73,51,342,79,173,242,262,121
GTCCATGATTGCCTC,2,65,301,311,46,756,992,657,3323,3375,1988,950,140,1820,1554,1848,1513,1681,1416
TCCCTGTAAACGGTT,2,1,37,NA,NA,1862,1139,882,3043,2687,2245,1656,538,1848,1556,1283,947,1567,1517
GGGATGGCAGACAGC,8,2554,3711,3953,1215,1873,860,623,1343,1274,847,484,199,944,744,535,989,463,271
GTGCTTAATCCAGAT,2,2,125,93,41,1470,1267,812,3202,3147,2387,898,258,1578,1201,1676,1633,1520,1658
TCTCAATGTTTCATA,5,704,1762,1753,127,1432,969,585,2636,2542,1861,919,182,1172,2052,1057,1218,835,1176
GCCACAAGCAATTTT,2,3,1,16,26,2195,1363,1132,2687,2850,1877,1244,786,978,1182,1728,1456,1892,1582
AGCCAAGTTTCTGCC,2,4,1,1,8,294,636,296,358,309,448,858,791,611,636,599,308,323,210
CTACAGGTCTGCAGC,3,3335,1717,227,2882,3302,1158,71,128,19,953,1287,329,2534,2215,1667,1181,226,32
TACCCCGTGAGGAGG,2,NA,NA,NA,4,274,277,250,298,245,300,292,166,133,111,121,100,115,105
CCGCGGTCATACGAT,3,7032,17,11,996,10168,1424,5,1,5,1,7,647,55,2788,15,7,798,56
TAGACGTGACAGGCA,2,1,63,97,115,2402,1546,1426,3522,3229,2978,1246,636,625,883,1149,1265,1771,1127
GAGAATCGATGGGTC,2,10,24,35,27,2203,1497,1195,3512,3470,2336,1032,393,1267,1896,1045,1317,1963,1220
GGCCCTGTACATTAG,2,4,66,27,44,3028,1638,1351,3397,3294,2484,1558,483,744,1154,1089,1696,1379,1303
TCTCAGATTTTCTTG,2,NA,NA,8,6,866,829,534,3057,3199,1793,818,148,1797,2173,1780,2356,2823,2471
CTAAAAAATTAGGCA,2,2,19,16,17,1651,1914,1434,2846,2984,2512,2143,684,1445,1034,1807,1940,1593,1483
ACATAAATGGTACGT,2,2,30,47,58,900,1753,1398,3226,3002,2978,1619,679,1230,1279,2033,1111,1667,2596
ACATCGCCAGGCGGG,2,42,50,51,32,384,355,315,532,402,478,353,184,177,191,189,187,218,222
TCAACTCTATGGAAG,2,128,566,413,105,1569,1480,892,3163,2996,2366,1289,189,1246,2276,1764,1300,2476,1777
ACCAGGCTGGATATG,2,NA,1,44,NA,2170,1440,1432,3634,3611,2960,981,401,983,2587,1301,1541,1184,2418
AGGATTATTGCGGCT,2,9,345,475,186,1947,2018,1397,3502,3621,2946,1264,320,1762,1453,1744,1778,1775,421
CAAGGAAGAGCATCT,2,2,79,86,261,2894,2439,1789,3471,3216,2481,2486,536,1840,1182,1047,1164,1081,1078
CTCTTTCAGCACATG,2,NA,206,220,71,1534,1374,1192,3935,4110,2959,1524,311,1421,1050,1601,1612,2323,1899
GATCGTCTCATCAAT,2,115,194,204,55,1795,1461,975,3681,4094,2583,1337,340,2296,1660,1525,1122,2227,1686
GGACAGGTCTGCAGC,3,3518,1537,230,2203,4117,1413,231,516,12,2178,1303,1432,3208,1184,1894,1775,372,336
TAATTGGTAATAGCT,2,229,45,65,86,2514,1655,1245,3638,3660,2584,1782,789,2036,1467,1648,1377,1307,2049
CAACGGAAGGGCACT,2,488,645,559,220,2282,1852,1444,3075,2963,2919,1976,605,1414,1558,1019,1867,1936,1496
AAGTAGCCCGTTTTA,2,97,55,134,44,1950,1911,1442,3339,3518,3163,2233,460,2151,2019,608,1219,2380,1988
TGGAAAGGTTCACTT,6,382,1113,1089,227,1640,1682,1343,3834,3087,2794,2532,476,695,1089,2078,1381,1951,1451
TTGTTCAGCAAAGAT,2,187,340,320,96,1541,1846,1084,3754,4107,2878,1494,368,941,2143,2472,1832,1277,2251
CCGTACTAACGTACG,2,2,268,450,121,2981,2043,1494,3442,3668,3237,2041,641,1878,1629,1100,1331,1422,1480
ATGCGGTGATAGAAA,2,322,316,365,80,1878,1982,1659,4336,3601,3229,1772,816,792,1956,1674,1932,1412,1186
TGCAAATTGAGTGTC,6,1114,1164,1242,414,1404,2133,1463,3540,3337,2883,2227,584,781,1387,1750,986,1385,1675
TTTCTTAGGGATGCC,2,1,3,1,8,925,948,477,3650,4290,2292,952,136,2716,2955,2483,2174,2695,2831
GTGACCCTAGAGTAA,2,1,1,NA,16,1759,1742,1486,3659,3620,2866,1620,767,2666,1449,2096,1266,2422,2221
GGGACATGATTCAAT,2,492,167,357,98,2312,1710,1348,3724,3229,2716,2028,758,1823,1871,1273,1173,2502,2082
GGGAATTAGTTCGGA,2,1,57,45,24,2771,2046,1457,4042,3869,3130,1660,534,1151,2599,1601,1235,1713,1765
TAGATTTTTGCCTCT,5,1133,1801,1843,321,2421,1191,846,3222,3099,2259,962,223,1504,2320,1579,1565,2093,1517
AGCTCGCGTTAACTT,2,287,79,75,79,2737,1999,1550,3690,3462,3438,1657,711,1752,2129,1268,1693,1756,1559
ACCTTATTGGCATTG,2,1,91,19,78,2037,1745,1165,3841,3819,2468,1521,356,2577,2466,1539,1341,2123,2955
AAGAGTTAGGGAGAT,1,9,16,2,NA,1241,894,796,1670,1947,1623,1567,1749,3077,3466,4641,2533,2956,2588
GACGCAGGTTCGGGC,2,2,NA,22,32,2901,1996,1610,4106,4085,2995,2744,756,1437,1719,1304,1437,2304,1509
TTAAAGCTCGGATGA,1,95,106,47,10,5,2,700,1593,1367,1184,1189,510,2937,6227,5590,3540,3215,2675
GTATCAGCTTACGAA,2,1,91,157,2,955,1512,1265,3900,3760,2975,2215,728,1938,3116,2232,1796,2483,2352
ACACAGGTCTGCAGC,3,4846,1508,694,2055,3911,2799,245,119,74,1727,1391,1128,4721,2442,1447,1466,880,551
TGAGTGCACCGTCGA,2,NA,23,28,46,1896,1674,1399,4386,4632,3325,1498,596,1548,2037,2236,1894,2794,1856
AACCTAGCAAAATCC,2,2,27,8,43,1606,2050,1575,4379,4193,3331,1698,444,2167,2400,1651,2593,2919,794
ACATGTGTTTAAACA,2,5,90,92,60,2512,2228,1590,4186,3773,3325,2101,788,2723,2766,1593,1739,1916,1190
GGACAATGGTCCAGT,2,535,360,655,122,2474,1865,1423,4201,3737,3581,1764,594,1991,1370,1765,1704,2175,1939
AACGCCAGATAGAGA,2,3,46,56,NA,2207,2548,2056,4123,4077,3466,2566,537,1840,1741,1673,2332,1834,1446
GGATGTGCGTAACTT,2,467,681,680,405,1949,2338,1925,4477,3982,3295,2764,651,2513,2090,1208,1689,1628,1001
TGCAGGTGAGTTGGG,2,3,19,5,18,2279,2246,1863,4557,4252,3193,2195,926,2449,1773,1765,1512,2788,1887
ATTTGGGTTAAGGAA,2,120,232,329,172,3203,1984,1867,4480,4426,3408,1962,569,1603,2188,1147,2222,2023,1899
TCGAGGTATGGCCCA,2,471,643,626,205,1394,2152,1570,3890,3891,3133,2030,565,2889,2938,2033,1736,2512,1731
CTATATATGTGTACA,2,473,427,445,270,3243,2062,1891,4314,3956,3854,2334,700,3533,878,2143,1524,958,1467
CTCGAGATCTCTTTT,2,3,22,43,85,2044,2023,1477,4075,4088,3675,1913,593,2077,2302,2238,2722,3415,2244
CATGACTTAGAGTAT,2,1,157,127,19,1363,2165,822,2270,2358,1640,2620,1497,5200,6217,3063,2277,1817,1652
TACGGACGACTGTTA,2,107,452,472,227,2021,2280,1819,4005,4162,3276,2011,868,2589,2632,2043,2224,2581,2544
GTATACGGACCTCAA,2,220,317,315,99,1956,1520,1051,4462,4824,3495,1684,404,2837,3391,1986,2368,2818,2180
GGAGGGACTTCATTC,1,NA,NA,NA,NA,110,280,86,248,279,272,235,159,588,552,443,267,242,173
GGAGGGACTTCTTTA,1,NA,NA,NA,1,153,246,120,293,341,266,243,141,642,706,514,322,245,174
GGAGGGACTTCGTTC,1,1,1,1,1,422,795,319,799,783,670,709,462,1707,1779,1333,827,709,503
TTAGGCGAATACATG,1,194,53,34,NA,553,1209,621,1575,1950,1752,2008,1873,6171,6489,4246,2556,3058,2215
ACAAACCCCTTGTGG,2,171,232,315,26,2297,2525,1543,4765,4869,4113,2018,317,2118,1970,2096,1947,3107,2178
GGATATCTCCGGAGA,8,2362,3747,4253,811,2637,1935,1347,3751,3423,2753,1763,806,1222,852,2102,931,1318,1195
ATGCAGGTCTGCAGC,3,5535,1622,692,3109,4545,1904,526,162,92,1435,1335,1688,3535,4830,2156,2068,1001,1003
CCCGTTATAGCGACA,2,NA,NA,NA,28,2863,2768,2088,4841,4643,3657,3012,962,1927,3304,1622,1708,2466,2083
GCCTGGGTAGGTGTC,2,3,23,24,51,2416,2104,1825,5110,4882,3866,2087,675,2092,2810,2643,1978,3142,2331
AACCGATACGAGAAG,2,13,7,9,17,297,296,278,546,445,421,322,134,239,213,237,217,239,192
TGTGTAGGGTAATAG,2,2,326,191,87,2216,2119,1650,5001,4765,4191,1833,614,2016,2135,1909,3001,2991,3402
TTAGCATAGACTATT,2,6,12,20,82,2675,3032,1995,5802,5493,4161,2772,645,2655,1945,2174,1513,1881,2004
GAAGTCCCAATGAGA,2,1,46,61,109,1853,2392,1844,5381,5270,4558,2045,769,3577,1735,1950,2089,2272,2634
AGTACGTAGCGAAAG,2,467,298,419,277,5624,3365,2161,5093,4383,3792,2583,507,750,1991,2554,2359,1067,1802
GCTCGCGGGACGGGA,2,339,106,81,126,2328,2938,2371,5031,4689,3953,2236,892,3551,1779,1843,1895,2091,2925
CATGTATCGTTTGCC,8,4166,6776,6896,1751,2415,1416,1022,2671,2376,1847,1228,210,1347,783,638,1090,1013,1746
TTAGCGACCTCTGAC,2,1,NA,24,62,2384,2852,1936,5844,5492,4527,2378,848,2660,2189,2665,2135,2087,2471
GGCTGTAGATGAATG,2,7,1323,1560,223,2579,2019,1933,5214,5025,4250,2330,843,2659,3118,1922,1859,2181,2278
CATCACAGTTCAATC,2,4,172,74,24,3137,2754,2005,5795,4860,5042,2912,856,1714,2003,1614,2262,2904,2492
GCGATCCATCGGAAG,2,5,78,122,308,3700,3449,2327,5445,4768,4981,3108,984,1691,1943,2310,2099,1729,1582
CGGTGGCCGGGGCTA,2,NA,12,23,46,1885,2133,1619,4669,4728,3678,2265,846,2022,4247,3614,2524,3816,3777
GCTGCTTATCACCCT,1,2,NA,1,8,677,924,756,1630,1570,1850,2859,2150,5400,5675,5240,4148,4420,3573
GCTTATGGGAACTAG,2,1,34,109,49,2410,2329,1779,6351,5938,4701,2540,533,3771,2344,2540,1543,2266,1932
GCAACAAGCTCAGAG,2,327,122,283,83,3010,3105,2275,5271,4920,4865,2854,1207,2554,1414,2192,2353,2136,2437
GTCCAGGTCTGCAGC,3,6402,2708,717,3905,6618,2992,294,364,17,2479,2153,1835,2512,2011,3354,2271,699,967
CTTTATGAGCGACAA,2,2,28,NA,69,2471,2898,1892,6309,5869,4688,2016,705,2519,2950,2154,1766,2742,2578
CTTTCGGGTTTTGGA,2,46,50,51,27,2188,1863,1104,5650,5920,3841,1936,403,3905,3231,3021,2829,4024,2733
GGGGCAAGGCTCCTT,2,834,415,376,174,3203,3494,2567,5904,4881,4648,2962,985,2939,2172,1503,1337,1666,2266
AGATGTCTACGACCT,2,5,39,46,126,3195,3227,2464,5596,5268,4181,2904,926,3005,2241,1872,1967,3012,2549
AGAAAAGACAATATG,2,2,207,112,73,2401,3138,2561,5269,5911,4200,3444,1010,2241,2125,3097,2524,3137,1347
GGCGACCGGCCCAGT,2,1,105,102,58,2276,2190,1591,5063,5501,4017,2328,681,3355,3604,2670,3434,3598,3584
AAATCAGGTCTCGCA,2,4,44,37,42,2769,3367,2363,4925,5128,3747,3546,1103,4068,4772,2113,1900,2439,1989
ATGGCCCCGTGATAG,2,7,70,182,102,3596,2663,2356,5747,5111,4568,3623,1027,3640,2190,2422,2573,2727,2532
ACCGAGGGTTATGTA,2,297,146,188,100,3324,3298,2613,6058,5985,4692,2840,1073,2504,3594,2927,2932,2731,1875
GCACTAGTACTTACC,2,2,29,96,36,2944,2820,2144,5475,5549,4333,2594,1104,2966,3622,2878,4069,2643,2852
AGGGAGTTGCGGATC,2,67,136,162,75,2959,2426,1814,6470,6407,4964,2496,559,2659,2679,2507,3371,3616,3218
AGGGGGGCTGCTGTT,2,3,27,17,135,2689,2624,2277,5717,5427,4251,2744,1169,3134,3187,2428,2458,5220,3330
GCACCGGGGAATTTG,2,NA,237,80,94,2219,2895,2558,6456,6201,5090,2285,1236,2720,3220,2098,3681,3707,3645
ACGCTGTCTAATCAG,2,5,161,199,132,3111,3018,2562,6189,5518,5246,3107,1412,3762,3492,2189,1870,2693,3675
TATATGTAAGGTAGT,2,264,196,121,203,4224,3474,2728,7019,6630,6007,3205,687,3227,2954,2415,1923,3090,1736
TATTTGAAACTCTGG,2,116,58,94,46,3438,2652,2154,5759,6317,5003,2671,980,3404,2756,2806,3225,4286,4109
TCCTTAGTTGGTGTA,2,67,30,64,44,2130,2188,1399,6467,6789,4637,2362,331,3927,2947,3523,4313,4664,4035
GAAGATCGCTCTATT,2,3,40,3,106,2832,2923,2194,6460,6636,5041,2791,900,2990,4209,2666,2957,3746,3879
TGTACTTTGTCACGA,2,839,1901,1759,326,2848,2541,1693,6155,5928,4359,2450,573,2628,3658,2700,3618,3638,2947
ATTAACAGTTGTATT,2,4,35,21,89,3947,2865,2508,6663,6519,5409,3275,1066,2955,3132,2231,3235,2902,4029
GAATGTCATGGAGGT,2,1,23,77,103,4592,3433,2580,7312,6689,5241,2931,1177,3122,3076,2821,2827,3009,2217
CTAGGCTCGACTGGC,2,8,3,50,153,6261,4436,3523,6613,5808,4842,3865,1474,3472,2303,999,3677,2801,1086
AAACCGGCACCAGTG,2,4,9,8,21,2988,2696,1715,7834,8089,5398,2858,568,3890,3768,3664,4015,3508,3558
TCGCAGGTCTGAAGC,3,3583,605,40,2936,1241,2032,379,50,15,1720,1351,845,11479,14174,6258,3102,847,1546
CCTTGCTTGCGATAA,2,3,395,290,288,4995,4493,2895,6887,6717,5533,3512,1310,3629,2792,2222,2636,3255,2603
TTAAATGTCACGGAT,2,4,20,29,8,3264,2828,2073,7374,7085,5468,2475,683,3676,4014,3532,3164,3689,4017
CAGATCATTTGCTTC,2,5,NA,1,75,4071,3467,2734,7517,7098,5544,4578,1187,3503,1964,3177,3218,4870,3467
TTAAAGACGTTGGCA,2,4,73,155,101,4174,2819,2299,7397,7188,5548,3234,712,5970,3586,3025,3620,4390,3270
AAGTGAATGCTGATG,2,3,28,38,73,3601,3896,3250,7776,7483,6383,3913,1558,2576,4430,3788,3537,4127,2565
GGGCTGAGCAGGTTT,2,2,53,23,100,3914,3716,3142,7252,7991,6036,2830,1329,4349,2909,3326,3942,4014,3295
CTCTGCATATCACGT,2,2,126,85,75,4547,4085,2996,8293,7597,6330,3254,1172,3208,2748,3021,3146,4352,3418
GGAAGGGAAGGCGAA,2,7,1,2,38,5224,4585,3570,8171,7729,6008,3327,1457,2699,3695,3368,2449,3346,3321
CGGGTGACCATCTTA,2,4,59,129,206,3868,4248,3606,8529,7996,5977,4056,1687,3194,3459,3448,3014,3284,3036
ACCCAGGTCTGAAGC,3,7711,3807,206,1483,5610,2501,24,1381,40,4678,5349,745,6852,5989,4170,7863,91,1307
CCCAGTAGGCTGCGT,2,1,1,15,63,3632,4776,3602,7691,7541,6785,3945,1592,3603,3871,3986,3027,3852,2984
TTTCTCGCGAATAGT,2,126,38,54,52,3298,3225,2251,8769,8528,6292,2594,785,4766,4253,4413,4632,5157,4393
CTTTGAAGCCAATCA,2,3,2,18,215,3225,4088,3069,8313,7582,5938,3265,1339,4637,3401,4378,3977,6189,4756
TAAGTACTTATCGGT,2,227,142,249,192,5366,4572,3456,8154,8062,7457,4114,1250,4673,3856,3559,2970,3397,3083
CGTACGGGTCAAAAC,2,2,293,323,112,4768,4977,3461,7612,7105,6765,4335,1574,5812,4753,3895,3833,3708,3218
GGCAGCAGGTTCCAC,2,391,216,180,350,5257,3791,3235,7170,7382,6068,3892,1272,4250,3462,4139,3986,5154,5471
ACTGGGGCGGATGGG,2,336,717,756,330,4399,4502,3589,7913,7610,6698,4308,1479,2910,3527,2998,4728,3854,5133
GTCATCAAAACGTGG,2,5,121,91,46,4617,3639,2518,10191,9714,6575,3154,689,5712,5236,3733,3622,4512,3265
CGGAACATCGGACGG,2,3,201,255,104,4008,4171,2884,8592,8253,6929,3725,1065,4257,4825,4021,4344,5877,5509
TGCTCGAGGGTTGGA,2,NA,1,16,16,3717,4190,3069,8831,9494,7118,4256,1186,3978,5872,4016,3973,5076,3653
TGTTATATCGTTGGA,2,1,104,79,87,4785,3875,2814,9702,9090,6963,3632,970,3698,5242,4999,4389,5080,5092
TCTCAGGTCTGAAGC,3,233,5089,1266,1248,6074,3915,263,43,12,1574,3160,1207,13645,12131,2928,7161,2658,7693
TGCCAGGTCTGCAGC,3,4423,2014,118,1776,5076,872,106,189,47,646,1613,605,2152,443,1942,1085,381,157
TTGCAGGTCTGAAGC,3,4826,561,149,1863,1278,3206,483,123,13,566,433,324,831,1218,739,561,207,237
ATCCAGGTCTGCAGC,3,1072,985,170,1381,2002,1055,30,281,12,623,1082,357,1095,4285,807,988,298,243
GAATGTCGGGAGGTA,2,1,98,271,148,4677,4338,3387,8517,8083,6779,4334,1653,3884,4730,4571,4357,5569,5660
TAAGTTCAAAATATT,2,1,77,337,121,6343,5843,4052,10186,9373,7757,4980,1534,4293,3923,4843,4293,4632,4197
AATTGAAGCTCAAAG,2,1827,2232,2628,735,5138,4666,4056,8696,8433,7603,4336,1596,5351,4107,3245,3618,5961,5104
GAATGAAGTCGAGAG,2,4,110,106,74,5481,5448,4111,11033,10024,9272,5494,1717,4440,4924,3572,4700,4757,5116
GCGTAGGAGACGGCT,2,242,277,272,199,6261,5114,3892,10970,10949,8218,5176,1249,5358,5308,4068,4306,5177,3980
AGATTTGCTAATATC,2,7,100,138,95,5684,5335,4238,10892,9532,8990,6103,1640,4678,5489,3792,5582,5734,5081
TTCAGTACAGAAATT,2,1,11,15,30,4349,3960,3078,10854,11025,7955,4551,1228,6456,5769,5684,5312,5896,5653
ATTAATTGTCCGCCC,2,2,196,118,66,5240,5459,3757,11004,10364,8672,4714,1276,5697,4369,6327,5580,4908,4974
GGTTTTAATAACCGG,2,105,72,102,71,4978,4517,3579,11818,12376,7847,3819,1196,6251,6104,5385,4527,5761,4800
TCCCAGGTCTGCAGC,3,14601,8931,1629,9412,13079,4599,562,522,37,1346,2921,1542,5166,3849,9584,4006,954,610
TCTAGCAAGGACGTG,2,4,3,43,146,5356,5110,3627,10920,10674,8236,5992,1362,6582,5611,5763,4532,5843,5644
ACGCAGGCCTATAGC,2,10,60,27,163,7675,6114,4229,11494,10471,9417,5017,1208,5998,6035,3965,3929,4743,4546
TCCCTACGGTGTATA,2,1,141,100,274,5908,5179,4460,11182,10208,9646,5731,2201,5149,4854,6189,4778,5117,4809
TCGTAACTAAGGCTT,1,2,97,79,19,12,20,136,19034,5543,2210,1230,772,3603,5333,7030,8531,11206,21304
TTAGTCCGAATTTCC,2,5,49,20,63,4858,4704,3498,12365,11744,8084,4823,1067,7122,6280,6308,6684,8079,6559
GGTAGGTTTCTATGT,2,201,150,300,239,6520,4737,3506,10588,10395,8798,5790,1566,6228,6400,6288,7044,5933,6197
AGTCTGACTAAACGC,1,NA,227,206,64,1559,3617,2074,5387,5645,4722,6385,4676,14582,15850,12703,6395,6314,4047
GAGTCACATGTGCAA,2,5,17,2,417,8576,7227,5221,13448,12652,10747,5883,1803,5914,5249,4060,3909,5098,3265
GATATTATTGGATTC,2,1,50,228,70,5100,4697,3205,12020,12318,9254,4827,1040,7107,6886,6672,6678,7172,6780
GCGATCTTATGTGTG,2,3,75,75,73,7788,6184,5795,12092,12025,10418,6181,2748,5884,5136,5051,5905,5638,4879
AGTCAGGTCTGAAGC,3,3548,3432,1267,3376,17579,2908,321,1242,36,783,4844,960,16342,14358,12181,4498,2836,5550
CCACGTTTTAGTGTA,2,5,16,52,342,7352,6293,5725,12369,12063,9503,8444,2360,5879,5663,5050,4964,4961,6104
TGTTATACTGATGAT,2,98,18,29,189,6500,6480,4311,14130,13605,11812,5629,1712,6970,6774,5097,6342,6999,5394
TGCCAGATCTCGCGT,2,253,402,620,140,6212,6318,5099,12950,13026,10928,6854,1830,6647,7090,5328,6617,7177,6153
CGTTAACGGTAATAT,2,6,140,294,163,5941,5401,3877,13835,13328,10176,5429,1462,8295,7476,6682,7483,9090,8068
AGGGAATTAGAGTTA,2,12,53,55,459,8473,6945,6669,13371,12596,10483,7505,2648,5166,5664,6025,5397,6848,5951
GAGCCGGTCCGTAAC,2,7,6,22,156,6714,6741,5285,13659,12979,10657,6284,2299,5026,5595,6218,9199,9329,8290
TGGAAGGGGTTTTTT,2,14,65,117,133,9247,6860,5030,15155,14448,11167,6068,1802,6628,6485,4473,6433,6356,5387
GAGTCTGACTTGGTC,2,5,6,53,59,6256,6296,4455,14140,13867,10728,5860,1863,6740,6501,6667,8225,7592,7010
ACGCAGGTCTGAAGC,3,10006,6217,359,3987,7208,3052,243,2800,136,6196,10778,6488,6966,16885,16810,4318,2512,1938
ATCCAGGTCTGAAGC,3,4790,9883,1106,6998,13764,7278,47,2482,72,4661,6980,1561,8663,11949,7969,14211,3296,2157
GTTCAGGTCTGAAGC,3,15915,6460,337,4181,8424,3453,501,2343,62,4622,4587,1717,15235,12296,9187,14443,3012,1220
AAGCAGGTCTGAAGC,3,10037,7079,4322,1281,14297,7273,1645,1305,28,59,7883,2552,10278,14056,8419,10910,923,6600
AATAGGTTAGAGAAA,2,304,456,518,297,8506,7396,6160,14057,13417,10642,6549,2433,8257,6067,6853,4780,8110,6330
ATACACCGGTTTGCT,2,449,1174,1257,314,7393,6299,4810,14928,15105,11162,7480,1565,5772,7545,6556,7666,6715,7415
GGTGTGAAATACGTA,2,7,2,46,175,6516,7031,5485,13836,14259,11199,6326,2429,7907,7394,8041,7625,7645,7845
CTGAAGCTGTGGTTC,2,388,405,303,286,10724,8456,5805,16176,15477,12944,7203,1996,5747,7118,5888,6205,5715,5395
AGTGTTAGCCACGCT,2,8,250,139,184,8223,7761,6559,15104,13954,11839,8889,3137,7828,7394,7042,7012,5915,6749
ACCCGACGAGTTGCG,2,6,325,235,222,8446,7115,5912,16489,16370,13205,7842,2874,9436,8439,7595,7687,8190,8729
TTCGAGGTGCAGATA,2,6,31,30,100,6899,6714,4744,17173,17985,12269,6808,1653,8654,9744,8034,8324,9158,11458
ATATGAAGATCTTGT,2,7,366,318,205,8237,8504,6992,15595,14719,12795,8269,2857,7101,7148,8678,7685,9513,7887
GTTGTCCCTCACCTT,2,98,80,125,104,6221,5743,4389,16800,17940,11929,6105,1549,9454,10874,8389,9581,11194,9499
TTGATAACGGATCCC,2,11,164,232,252,8177,7046,5756,16553,15502,12255,9286,2280,7616,9319,7971,8080,9683,8766
ACGGGGTGGTAATGT,2,6,86,135,341,8984,8487,7372,16321,15408,13191,9066,3910,10352,6312,6748,7205,8717,7435
CTAGGCCCTGATTTC,2,7,112,92,220,8005,8776,6714,17573,16110,14857,8801,3184,10424,8801,8492,7714,8780,8619
TTGCACGCAAAATGC,2,1075,993,1005,379,9355,8269,7452,17608,16803,13281,9102,3123,8466,8215,7576,7265,10431,9027
CGGTTAAACATGCAC,1,4,2,22,4,2329,6654,3305,6724,7124,6697,9055,9098,22376,20715,19013,10350,9543,6170
GCTCAGGTCTGAAGC,3,21936,21152,952,9370,13540,6584,39,61,25,3754,7170,1513,9512,4969,25447,8967,2334,4727
GGTTATCAACGGGTA,2,10,NA,18,223,10319,8917,7146,16843,16052,15113,8140,3526,9412,10396,8933,7533,12104,9517
TGTCAGGTCTGAAGC,3,16393,7260,405,4657,18963,7195,1889,4101,72,3557,11547,3257,21326,11634,11531,12476,5402,4683
GTCAACCTGTGTTAT,2,2,36,34,32,6764,6060,4051,20356,22399,14847,6261,1286,10566,12868,10857,12008,10637,12150
GAGGCAATATTGACA,2,3,94,144,69,4230,10036,3966,8084,9050,9193,10172,8865,22597,21681,17088,10943,12650,5939
TGCCAGGTCTGAAGC,3,25338,14473,699,6129,29253,4756,448,1100,468,3234,8432,1518,20631,3020,19035,11001,3192,291
CTATTTCGATTCTTT,2,10,2,7,409,14415,12872,10253,21978,20601,16905,10792,3840,7709,9907,7929,5507,6567,6207
AGGCAGGTCTGAAGC,3,16109,2368,171,4711,10027,8362,642,2548,500,6369,8870,5257,24891,24156,14500,14027,9417,3467
ATGCTACGAGTTGAG,1,4,3,1,265,2930,2165,2019,7710,6304,6169,9049,5750,24396,18448,19852,19013,19416,14242
ACGCCTAACGGGCAC,2,6,5,27,440,11275,11269,8873,21026,19838,15566,12087,3461,10540,9636,7836,8038,9518,10804
GCTAGAGATCTCATG,2,12,186,358,402,13216,11805,9515,20191,20075,16867,9471,3303,8269,12379,9132,9050,9300,10920
TCGGACGGGGGACAT,2,17,35,17,290,12954,11103,8919,22611,21404,17671,9958,4184,10732,12380,9096,9044,10158,10258
CTAATGCGAACTATA,2,7,113,127,135,12278,10153,9098,20181,19456,16085,12921,4483,10738,11636,9120,8919,10684,9060
CCATTGGGTAACCCG,2,303,195,372,449,10443,11725,8679,20704,20345,16805,12882,3839,9683,11459,10715,8882,13408,10537
GCGTGGCGGGAAGTA,2,14,32,103,243,11683,10197,8556,21745,22149,17109,11336,4114,13377,10713,10402,11580,12852,11807
AACATGACCTGGGGG,2,1184,2143,2279,876,12697,11237,9063,22292,20131,18847,11495,4044,12395,9703,9148,8599,11120,12707
CCCATTAGTGACGGT,2,13,15,121,401,14707,13914,9227,24301,23372,19924,11621,3119,10111,10983,9119,9164,11985,8991
TGGCAAGGCTAGTGG,2,128,4,23,298,14525,12070,9799,23633,23013,18101,11390,3730,13655,14918,9646,10579,12402,10265
AGTGGGATACGACGA,4,8433,12393,12883,3830,12809,8671,7506,18819,18347,15707,8399,3217,10696,8803,8486,8718,8962,10164
ACGGGATCCCCGATT,2,11,79,154,288,13115,13227,9984,23317,22992,19536,12095,5141,9562,10575,11951,10254,12570,12317
ACGAGGACTGGGCCA,1,8,17,9,85,3289,3903,3981,7882,8178,8156,14490,7318,20070,21691,20388,18583,25831,24711
CATCAGGTCTGAAGC,3,27143,6958,6357,5849,24070,9148,1241,9683,168,6146,10531,3532,2113,37989,16630,11021,7338,4444
GAACGCCTCAAGATG,2,10,138,174,181,13096,10966,7878,25979,25018,19562,11478,2969,15872,12963,9921,11722,13431,14090
CCGATACGTTGCCCT,2,285,76,40,309,13553,12893,10568,25577,23360,20985,10788,5541,12805,11869,11259,12327,10654,12112
ACCTTGTGGGGAATC,2,14,14,50,125,16112,11570,7363,29138,29436,20020,9649,2382,15177,13059,11364,13150,15391,11957
TTCAGAAATTCGGGC,2,2,110,58,38,4042,7284,3820,14391,15225,11506,12346,5302,30036,33256,25847,18448,16401,13102
ATACGACAAGGTGAA,2,10,77,131,376,15279,13785,11354,25382,23928,21485,13017,5474,13542,12483,10545,13033,13154,15472
AACGGCGACAGCTCT,2,20,62,70,567,17052,15979,12304,26791,24844,22000,14495,6410,13804,11305,10923,12279,12962,11706
CGACAGGTCTGAAGC,3,9437,13870,3381,5812,33597,4693,276,1075,112,13834,17791,5972,31371,17486,24166,16304,7886,7269
ATGTAGTCAGGATGG,2,14,43,77,136,14796,13793,10692,28823,25708,23316,16147,4454,13746,14177,10872,12216,12821,14081
ACGCCAGTACAACAG,2,188,55,32,121,15634,15917,12447,27235,26143,22766,16655,5632,12440,13095,12061,11339,12653,12687
AATGGGGAGCAGGGT,2,24,59,46,303,16979,15463,12795,27098,25998,22174,15126,5857,13661,14831,11964,12867,13648,13684
AGATAGATCTGGGGT,2,20,42,51,228,19798,18623,16195,30806,28535,26024,17736,7226,12495,15450,13201,12649,15682,13227
AGAGAACTGTTGCGG,2,14,8,30,498,17892,15436,12450,29857,27936,25031,15566,5026,16089,13253,13072,14047,17807,18458
CTATTTCATCGAGCC,2,6,5,54,202,14003,12944,9448,33331,31721,24487,14234,3627,13780,18425,14880,15631,19380,18284
TATGAGATCCTACAT,2,12,5,49,184,14288,15254,11282,31777,30757,24438,14638,5554,18052,16452,16058,15631,20652,18720
TCCCGATCGGGGATT,2,13,29,25,339,13697,13856,11553,29882,30102,23285,13334,5464,17271,18287,16478,17783,20256,20325
CAGCTGGCCTGTAGA,2,171,189,141,666,23138,19421,14372,31451,30828,27056,18158,6254,16047,13812,12740,13477,14877,12574
GTAAGCGGCCACAAA,2,8,118,97,433,15000,14430,12033,33276,30607,24324,17212,5583,17422,14676,18543,19845,21153,22502
CTACAGGTCTGAAGC,3,23950,20179,2319,14704,28711,9208,503,1470,352,10846,11710,2656,42056,44566,25943,18618,4480,496
AACGGATATAGGTGT,2,14,29,90,439,16536,17688,14883,31991,31867,27977,17163,6969,14105,14565,14862,17886,17683,20366
GGACAGGTCTGAAGC,3,23895,17731,2114,12759,38163,12169,2129,5979,261,29302,12250,8052,47709,19370,24937,26863,5245,5170
CCTATATATAGTGAA,2,21,4,3,377,17905,19347,16092,36370,35464,30411,22044,7657,19462,19903,20213,18524,22475,22958
ATTGTGTAGCTACAC,2,348,17,59,513,20485,20701,16890,39203,36188,33099,21439,8179,16930,16131,17653,18487,19383,21820
AACCGCCCGCTCCTA,2,14,4,48,476,21996,21250,16853,38243,36152,33073,23525,8070,18215,16054,18725,18642,21312,17431
CAAGCCGAATGCACT,2,4238,5205,5549,2043,20016,21257,16848,38746,36304,31306,19832,6708,17943,18093,18448,15822,17886,17771
AGTCTTGACAAAAGT,2,16,10,43,561,20803,21643,16875,44699,41457,33742,18762,6881,20269,19285,15773,19130,19717,19002
CAAAGGGAATGAAAT,2,17,110,109,506,24233,22942,19055,43387,41399,32317,22408,8383,19671,21589,18219,18693,22886,19531
ACACAGGTCTGAAGC,3,34429,14023,5927,10267,31194,21472,1097,1463,1088,18381,10785,6197,68756,46370,21103,21210,12243,9150
GACATAGTACATCGA,2,9,32,91,485,20603,20599,16403,45633,44854,37716,21336,5648,22107,19854,20016,21688,25824,21071
GTCCAGGTCTGAAGC,3,43487,24059,5990,19124,43333,20548,1997,3473,214,23127,13725,9256,30179,25823,38862,24043,8187,12261
TAACTACAAACTACA,2,20,41,145,421,28181,25981,19425,48319,45287,38758,24521,7159,22368,19583,23286,21606,24689,20780
ATGGTAATGATTGAC,2,20,76,102,359,28944,26310,20779,50901,47929,39000,26224,9642,25750,26711,19900,24213,24574,26943
GTAGGTGGCAAGCGT,3,46306,13792,9960,12625,72942,64831,644,618,1355,2146,2287,6332,77027,32475,32391,15916,10422,5760
ATGCAGGTCTGAAGC,3,44146,20324,8185,19107,46232,20100,4086,3332,1260,20903,13146,12589,71578,116611,42919,41998,20468,20856
AGACAAGTTTCTGCC,1,158,86,75,104,13824,29218,11891,32142,33176,31037,39985,22609,81918,88019,73724,43041,42650,27498
TAACCCGTGAGGAGG,2,34,33,140,727,40497,37041,29024,76120,72392,63088,35078,12107,36718,33147,33360,33118,37879,34993
ACATCGACAGGCGGG,2,3264,5665,6997,2098,37510,38401,29884,78636,73378,65296,36242,12572,33279,35997,33467,31458,40495,42456
TTAGGACGTACTGCA,2,190,66,319,615,31682,33729,27616,74982,72864,62236,36434,12499,40823,40927,37514,34963,43694,42730
GGAGGGACTTCTTTC,1,15,30,30,95,17546,35659,13390,40072,44281,35613,33975,20183,96034,103008,77790,47375,42437,28519
AGGAGGAGAATGGAA,2,42,143,163,924,40816,44793,38604,81546,76531,65809,47475,19147,44529,40294,43772,39832,50333,48886
ATTATTGCTTAGCTT,2,31,16,7,674,41341,43150,32660,93250,89098,71354,40197,12256,51256,41837,39289,41888,47724,47525
CCCGGTAGATCAGTT,2,64,64,282,2541,73004,62754,51465,104660,95804,84237,55968,22233,40696,43048,36206,35292,38873,36935
TCCCAGGTCTGAAGC,3,112738,99731,18511,53081,109605,44598,4322,6578,662,14309,25253,10025,80968,61331,158878,67864,14072,10313
AACCGATTCGAGAAG,2,1957,3081,3406,2648,84629,79606,64893,163190,152202,122276,79626,26644,75983,67118,67774,63147,77278,71728
GTTGTTCTGGTTGAG,1,14,6,3,14,2354,4581,8188,68803,83801,51066,31901,11376,157970,210184,217304,256721,344202,368938
GCTGCTTATCAACCT,1,104,94,55,616,72689,97092,70240,252939,282496,231642,298745,174384,908516,1037632,927158,740289,773367,643721
