Var1.1.x,Var1.2.x,zmatrix,id,Var1.1.y,Var1.2.y,pmatrix,Var1.1.x.x,Var1.2.x.x,omatrix,Var1.1.y.y,Var1.2.y.y,cmatrix
gf1.C1,gf1.C2,-1.5340517314765527,gf1.C1_gf1.C2,gf1.C1,gf1.C2,0.9030311817628862,gf1.C1,gf1.C2,0,gf1.C1,gf1.C2,0.840140101237077
gf1.C1,gf1.C3,-0.5341189251331396,gf1.C1_gf1.C3,gf1.C1,gf1.C3,0.22675547652282588,gf1.C1,gf1.C3,0,gf1.C1,gf1.C3,0.5534054669553967
gf1.C1,gf1.C4,-0.7047909549159636,gf1.C1_gf1.C4,gf1.C1,gf1.C4,0.31790879546894124,gf1.C1,gf1.C4,0,gf1.C1,gf1.C4,0.7644516165393647
gf1.C1,gf1.C5,-0.47292083824177616,gf1.C1_gf1.C5,gf1.C1,gf1.C5,0.19635878698072048,gf1.C1,gf1.C5,0,gf1.C1,gf1.C5,0.8135099138068431
gf1.C1,gf1.C6,-0.37428974317489383,gf1.C1_gf1.C6,gf1.C1,gf1.C6,0.14985096906884926,gf1.C1,gf1.C6,0,gf1.C1,gf1.C6,0.476904736314522
gf1.C1,gf1.C7,-10.620037442028966,gf1.C1_gf1.C7,gf1.C1,gf1.C7,25.61894875427205,gf1.C1,gf1.C7,0,gf1.C1,gf1.C7,0.05347724310954305
gf1.C1,gf2.C1,8.936659993144666,gf1.C1_gf2.C1,gf1.C1,gf2.C1,18.396736313378604,gf1.C1,gf2.C1,0.3333333333333333,gf1.C1,gf2.C1,0.928468972484148
gf1.C1,gf2.C2,-1.3232574984276892,gf1.C1_gf2.C2,gf1.C1,gf2.C2,0.731071737470679,gf1.C1,gf2.C2,0,gf1.C1,gf2.C2,0.7429186015374455
gf1.C1,gf2.C3,-0.396099424443887,gf1.C1_gf2.C3,gf1.C1,gf2.C3,0.1598740220368155,gf1.C1,gf2.C3,0,gf1.C1,gf2.C3,0.39556095349752607
gf1.C1,gf2.C4,6.031628602311641,gf1.C1_gf2.C4,gf1.C1,gf2.C4,8.789640066153986,gf1.C1,gf2.C4,0.19047619047619047,gf1.C1,gf2.C4,0.840256369541106
gf1.C1,gf2.C5,-0.3850912461001457,gf1.C1_gf2.C5,gf1.C1,gf2.C5,0.15479661698841365,gf1.C1,gf2.C5,0,gf1.C1,gf2.C5,0.5353374135494435
gf1.C1,gf2.C6,-2.4389706884945896,gf1.C1_gf2.C6,gf1.C1,gf2.C6,1.831821934056781,gf1.C1,gf2.C6,0.047619047619047616,gf1.C1,gf2.C6,0.02777143835001039
gf1.C1,gf3.C1,1.555887327656032,gf1.C1_gf3.C1,gf1.C1,gf3.C1,0.9217792902891101,gf1.C1,gf3.C1,0.047619047619047616,gf1.C1,gf3.C1,0.7217683251607466
gf1.C1,gf3.C2,-0.30301560691268425,gf1.C1_gf3.C2,gf1.C1,gf3.C2,0.11811458528547053,gf1.C1,gf3.C2,0,gf1.C1,gf3.C2,-0.5995800898461987
gf1.C1,gf3.C3,1.902482283858612,gf1.C1_gf3.C3,gf1.C1,gf3.C3,1.2433020393379342,gf1.C1,gf3.C3,0.047619047619047616,gf1.C1,gf3.C3,0.5169686648638383
gf1.C1,gf3.C4,1.1198650051985828,gf1.C1_gf3.C4,gf1.C1,gf3.C4,0.5804220821146836,gf1.C1,gf3.C4,0.047619047619047616,gf1.C1,gf3.C4,0.42694941159655087
gf1.C1,gf3.C5,2.9039997511328535,gf1.C1_gf3.C5,gf1.C1,gf3.C5,2.4336468376520317,gf1.C1,gf3.C5,0.14285714285714285,gf1.C1,gf3.C5,0.5578256198604167
gf1.C1,gf3.C6,-4.422791957599412,gf1.C1_gf3.C6,gf1.C1,gf3.C6,5.011291460884541,gf1.C1,gf3.C6,0.047619047619047616,gf1.C1,gf3.C6,-0.4849866935654643
gf1.C1,gf4.C1,13.245633109073232,gf1.C1_gf4.C1,gf1.C1,gf4.C1,39.32036148893594,gf1.C1,gf4.C1,0.5,gf1.C1,gf4.C1,0.9721735144593842
gf1.C1,gf4.C2,-1.2141289367835315,gf1.C1_gf4.C2,gf1.C1,gf4.C2,0.6483998429414004,gf1.C1,gf4.C2,0,gf1.C1,gf4.C2,0.7079487267832407
gf1.C1,gf4.C3,-0.5500057374275008,gf1.C1_gf4.C3,gf1.C1,gf4.C3,0.23484169572031627,gf1.C1,gf4.C3,0,gf1.C1,gf4.C3,0.41775777567708583
gf1.C1,gf4.C4,3.538226553767661,gf1.C1_gf4.C4,gf1.C1,gf4.C4,3.394884369983467,gf1.C1,gf4.C4,0.14285714285714285,gf1.C1,gf4.C4,0.8929676653041433
gf1.C1,gf4.C5,-0.368599290492969,gf1.C1_gf4.C5,gf1.C1,gf4.C5,0.1472599805622193,gf1.C1,gf4.C5,0,gf1.C1,gf4.C5,-0.625903333715746
gf1.C1,gf4.C6,-4.622318447875746,gf1.C1_gf4.C6,gf1.C1,gf4.C6,5.420816966212236,gf1.C1,gf4.C6,0.09523809523809523,gf1.C1,gf4.C6,0.10153950128545874
gf1.C2,gf1.C3,-1.2549111432290243,gf1.C2_gf1.C3,gf1.C2,gf1.C3,0.6787931322285562,gf1.C2,gf1.C3,0,gf1.C2,gf1.C3,0.7667558135582359
gf1.C2,gf1.C4,-1.8387522430084988,gf1.C2_gf1.C4,gf1.C2,gf1.C4,1.1807744304931358,gf1.C2,gf1.C4,0,gf1.C2,gf1.C4,0.6534286241295881
gf1.C2,gf1.C5,-1.1610463285670416,gf1.C2_gf1.C5,gf1.C2,gf1.C5,0.6097308633526255,gf1.C2,gf1.C5,0,gf1.C2,gf1.C5,0.46699390330097135
gf1.C2,gf1.C6,-0.9225410069598103,gf1.C2_gf1.C6,gf1.C2,gf1.C6,0.4482494535973042,gf1.C2,gf1.C6,0,gf1.C2,gf1.C6,0.48941731060392524
gf1.C2,gf1.C7,-26.93234662013103,gf1.C2_gf1.C7,gf1.C2,gf1.C7,159.03696313495055,gf1.C2,gf1.C7,0,gf1.C2,gf1.C7,0.003174212513883945
gf1.C2,gf2.C1,-0.8325101625395976,gf1.C2_gf2.C1,gf1.C2,gf2.C1,0.3924151964479827,gf1.C2,gf2.C1,0,gf1.C2,gf2.C1,0.835478122203063
gf1.C2,gf2.C2,6.830259957910611,gf1.C2_gf2.C2,gf1.C2,gf2.C2,11.07180446133314,gf1.C2,gf2.C2,0.2459016393442623,gf1.C2,gf2.C2,0.9792163864134379
gf1.C2,gf2.C3,-1.0171679958497633,gf1.C2_gf2.C3,gf1.C2,gf2.C3,0.5099382044341888,gf1.C2,gf2.C3,0,gf1.C2,gf2.C3,0.5049474105256326
gf1.C2,gf2.C4,0.38296209155857036,gf1.C2_gf2.C4,gf1.C2,gf2.C4,0.1538188957673638,gf1.C2,gf2.C4,0.08333333333333333,gf1.C2,gf2.C4,0.6687928316282125
gf1.C2,gf2.C5,-0.9208468699985509,gf1.C2_gf2.C5,gf1.C2,gf2.C5,0.4471732034163868,gf1.C2,gf2.C5,0,gf1.C2,gf2.C5,0.7316842750720357
gf1.C2,gf2.C6,-6.2882152589085125,gf1.C2_gf2.C6,gf1.C2,gf2.C6,9.49331043039373,gf1.C2,gf2.C6,0.040983606557377046,gf1.C2,gf2.C6,-0.043686118596002244
gf1.C2,gf3.C1,4.484887284083352,gf1.C2_gf3.C1,gf1.C2,gf3.C1,5.136959888444196,gf1.C2,gf3.C1,0.28,gf1.C2,gf3.C1,0.8196068327708173
gf1.C2,gf3.C2,2.0317509967943495,gf1.C2_gf3.C2,gf1.C2,gf3.C2,1.374905055872069,gf1.C2,gf3.C2,0.2222222222222222,gf1.C2,gf3.C2,-0.43472049676816615
gf1.C2,gf3.C3,-1.1961376739577851,gf1.C2_gf3.C3,gf1.C2,gf3.C3,0.6351811230242683,gf1.C2,gf3.C3,0,gf1.C2,gf3.C3,0.5413512056263182
gf1.C2,gf3.C4,-1.4947472394458292,gf1.C2_gf3.C4,gf1.C2,gf3.C4,0.8697292230539314,gf1.C2,gf3.C4,0,gf1.C2,gf3.C4,0.12244200071199307
gf1.C2,gf3.C5,-0.5081697350182985,gf1.C2_gf3.C5,gf1.C2,gf3.C5,0.21372122697618892,gf1.C2,gf3.C5,0.04285714285714286,gf1.C2,gf3.C5,0.1777002885671476
gf1.C2,gf3.C6,-10.170921129781886,gf1.C2_gf3.C6,gf1.C2,gf3.C6,23.572890381334776,gf1.C2,gf3.C6,0.08196721311475409,gf1.C2,gf3.C6,-0.7057521095695538
gf1.C2,gf4.C1,-0.7266670422445827,gf1.C2_gf4.C1,gf1.C2,gf4.C1,0.33028346626033406,gf1.C2,gf4.C1,0,gf1.C2,gf4.C1,0.8974828731625668
gf1.C2,gf4.C2,6.264563197638322,gf1.C2_gf4.C2,gf1.C2,gf4.C2,9.427277160010618,gf1.C2,gf4.C2,0.21818181818181817,gf1.C2,gf4.C2,0.9600381515128092
gf1.C2,gf4.C3,-0.5645011737083193,gf1.C2_gf4.C3,gf1.C2,gf4.C3,0.24229043450834986,gf1.C2,gf4.C3,0.038461538461538464,gf1.C2,gf4.C3,0.6285589371060295
gf1.C2,gf4.C4,0.12760734312989408,gf1.C2_gf4.C4,gf1.C2,gf4.C4,0.04650138869143329,gf1.C2,gf4.C4,0.07142857142857142,gf1.C2,gf4.C4,0.6390117804219764
gf1.C2,gf4.C5,-0.9133977893422937,gf1.C2_gf4.C5,gf1.C2,gf4.C5,0.44245265740201434,gf1.C2,gf4.C5,0,gf1.C2,gf4.C5,-0.8960117617340932
gf1.C2,gf4.C6,-12.05810109009896,gf1.C2_gf4.C6,gf1.C2,gf4.C6,32.75500762543783,gf1.C2,gf4.C6,0.09016393442622951,gf1.C2,gf4.C6,0.03510157755469956
gf1.C3,gf1.C4,-0.627330310062859,gf1.C3_gf1.C4,gf1.C3,gf1.C4,0.275361491005826,gf1.C3,gf1.C4,0,gf1.C3,gf1.C4,0.8129141828990022
gf1.C3,gf1.C5,-0.4238165544090614,gf1.C3_gf1.C5,gf1.C3,gf1.C5,0.17282490765884514,gf1.C3,gf1.C5,0,gf1.C3,gf1.C5,0.2938782682678245
gf1.C3,gf1.C6,-0.3425741278981562,gf1.C3_gf1.C6,gf1.C3,gf1.C6,0.1355370568107958,gf1.C3,gf1.C6,0,gf1.C3,gf1.C6,0.8603013162201809
gf1.C3,gf1.C7,-9.623633960493544,gf1.C3_gf1.C7,gf1.C3,gf1.C7,21.19691436499049,gf1.C3,gf1.C7,0,gf1.C3,gf1.C7,0.5827287922647212
gf1.C3,gf2.C1,-0.32116472854623174,gf1.C3_gf2.C1,gf1.C3,gf2.C1,0.12604872823356242,gf1.C3,gf2.C1,0,gf1.C3,gf2.C1,0.3502745160038203
gf1.C3,gf2.C2,2.3113035967007343,gf1.C3_gf2.C2,gf1.C3,gf2.C2,1.681600811756964,gf1.C3,gf2.C2,0.23529411764705882,gf1.C3,gf2.C2,0.8346949531274344
gf1.C3,gf2.C3,-0.37256445693559936,gf1.C3_gf2.C3,gf1.C3,gf2.C3,0.1490643537819846,gf1.C3,gf2.C3,0,gf1.C3,gf2.C3,0.9102288819315958
gf1.C3,gf2.C4,-0.6099082003000844,gf1.C3_gf2.C4,gf1.C3,gf2.C4,0.26606272096932404,gf1.C3,gf2.C4,0,gf1.C3,gf2.C4,0.7249788751809166
gf1.C3,gf2.C5,-0.32633744328600467,gf1.C3_gf2.C5,gf1.C3,gf2.C5,0.12832838934853455,gf1.C3,gf2.C5,0,gf1.C3,gf2.C5,0.9842144823801404
gf1.C3,gf2.C6,0.5206915021943168,gf1.C3_gf2.C6,gf1.C3,gf2.C6,0.2199840652242402,gf1.C3,gf2.C6,0.35294117647058826,gf1.C3,gf2.C6,0.5318523340401566
gf1.C3,gf3.C1,3.9274109680729503,gf1.C3_gf3.C1,gf1.C3,gf3.C1,4.066182862648839,gf1.C3,gf3.C1,0.11764705882352941,gf1.C3,gf3.C1,0.2792529511786914
gf1.C3,gf3.C2,-0.282703717974552,gf1.C3_gf3.C2,gf1.C3,gf3.C2,0.10935324813998211,gf1.C3,gf3.C2,0,gf1.C3,gf3.C2,0.0483988351943182
gf1.C3,gf3.C3,-0.4060219907547199,gf1.C3_gf3.C3,gf1.C3,gf3.C3,0.16448290037652066,gf1.C3,gf3.C3,0,gf1.C3,gf3.C3,0.10700278368879468
gf1.C3,gf3.C4,-0.5511351921262151,gf1.C3_gf3.C4,gf1.C3,gf3.C4,0.23541965926404712,gf1.C3,gf3.C4,0,gf1.C3,gf3.C4,0.4070763837392044
gf1.C3,gf3.C5,-0.7635780427678894,gf1.C3_gf3.C5,gf1.C3,gf3.C5,0.35152412273497746,gf1.C3,gf3.C5,0,gf1.C3,gf3.C5,-0.06624145288619943
gf1.C3,gf3.C6,-1.9478057488882485,gf1.C3_gf3.C6,gf1.C3,gf3.C6,1.2887141473540737,gf1.C3,gf3.C6,0.29411764705882354,gf1.C3,gf3.C6,-0.18921169632703272
gf1.C3,gf4.C1,-0.28878730220296955,gf1.C3_gf4.C1,gf1.C3,gf4.C1,0.11196427422226243,gf1.C3,gf4.C1,0,gf1.C3,gf4.C1,0.5337925049228781
gf1.C3,gf4.C2,1.9991259581186678,gf1.C3_gf4.C2,gf1.C3,gf4.C2,1.3410853788052561,gf1.C3,gf4.C2,0.17647058823529413,gf1.C3,gf4.C2,0.7859115199198429
gf1.C3,gf4.C3,-0.49184709174923447,gf1.C3_gf4.C3,gf1.C3,gf4.C3,0.205632259768338,gf1.C3,gf4.C3,0,gf1.C3,gf4.C3,0.9227721099434493
gf1.C3,gf4.C4,-0.6456818562764987,gf1.C3_gf4.C4,gf1.C3,gf4.C4,0.28526345732321856,gf1.C3,gf4.C4,0,gf1.C3,gf4.C4,0.5792068223253176
gf1.C3,gf4.C5,-0.31863130324218125,gf1.C3_gf4.C5,gf1.C3,gf4.C5,0.12493519672728162,gf1.C3,gf4.C5,0,gf1.C3,gf4.C5,-0.7812319631318516
gf1.C3,gf4.C6,-3.0263261153880894,gf1.C3_gf4.C6,gf1.C3,gf4.C6,2.6063455677277556,gf1.C3,gf4.C6,0.23529411764705882,gf1.C3,gf4.C6,0.5919533188872071
gf1.C4,gf1.C5,-0.5711164435167511,gf1.C4_gf1.C5,gf1.C4,gf1.C5,0.24571229170550796,gf1.C4,gf1.C5,0,gf1.C4,gf1.C5,0.708277485186046
gf1.C4,gf1.C6,-0.4131769474128702,gf1.C4_gf1.C6,gf1.C4,gf1.C6,0.1678252543915263,gf1.C4,gf1.C6,0,gf1.C4,gf1.C6,0.913841705604548
gf1.C4,gf1.C7,-12.681198763580335,gf1.C4_gf1.C7,gf1.C4,gf1.C7,36.123936401006155,gf1.C4,gf1.C7,0,gf1.C4,gf1.C7,0.6753672974471527
gf1.C4,gf2.C1,2.326818937703697,gf1.C4_gf2.C1,gf1.C4,gf2.C1,1.699515298311332,gf1.C4,gf2.C1,0.1111111111111111,gf1.C4,gf2.C1,0.4922160009895804
gf1.C4,gf2.C2,-1.6439536929154868,gf1.C4_gf2.C2,gf1.C4,gf2.C2,0.99919396835804275,gf1.C4,gf2.C2,0,gf1.C4,gf2.C2,0.6349644984085165
gf1.C4,gf2.C3,-0.5056081339364809,gf1.C4_gf2.C3,gf1.C4,gf2.C3,0.21244617966051488,gf1.C4,gf2.C3,0,gf1.C4,gf2.C3,0.8431408543246491
gf1.C4,gf2.C4,20.863868083079424,gf1.C4_gf2.C4,gf1.C4,gf2.C4,95.94285605188846,gf1.C4,gf2.C4,0.5517241379310345,gf1.C4,gf2.C4,0.9808955230604669
gf1.C4,gf2.C5,-0.47385430897817543,gf1.C4_gf2.C5,gf1.C4,gf2.C5,0.19681351259115454,gf1.C4,gf2.C5,0,gf1.C4,gf2.C5,0.8240651276388877
gf1.C4,gf2.C6,-3.5708994884696903,gf1.C4_gf2.C6,gf1.C4,gf2.C6,3.4488460516889035,gf1.C4,gf2.C6,0,gf1.C4,gf2.C6,0.6523078243113004
gf1.C4,gf3.C1,1.126133568844694,gf1.C4_gf3.C1,gf1.C4,gf3.C1,0.58484464226882,gf1.C4,gf3.C1,0.04,gf1.C4,gf3.C1,0.20774488907590372
gf1.C4,gf3.C2,-0.3491946724204393,gf1.C4_gf3.C2,gf1.C4,gf3.C2,0.13849954215960716,gf1.C4,gf3.C2,0,gf1.C4,gf3.C2,-0.23827816265218327
gf1.C4,gf3.C3,-0.5565555097789499,gf1.C4_gf3.C3,gf1.C4,gf3.C3,0.23819904352464139,gf1.C4,gf3.C3,0,gf1.C4,gf3.C3,0.20688369020684905
gf1.C4,gf3.C4,0.689890415392294,gf1.C4_gf3.C4,gf1.C4,gf3.C4,0.30957078973415164,gf1.C4,gf3.C4,0.034482758620689655,gf1.C4,gf3.C4,0.7645769191781918
gf1.C4,gf3.C5,8.829817962306878,gf1.C4_gf3.C5,gf1.C4,gf3.C5,17.97944721536302,gf1.C4,gf3.C5,0.3103448275862069,gf1.C4,gf3.C5,0.44261527522350574
gf1.C4,gf3.C6,-5.499834410354129,gf1.C4_gf3.C6,gf1.C4,gf3.C6,7.420047194152493,gf1.C4,gf3.C6,0,gf1.C4,gf3.C6,0.047344803973104366
gf1.C4,gf4.C1,2.2712462983799013,gf1.C4_gf4.C1,gf1.C4,gf4.C1,1.6357854623201253,gf1.C4,gf4.C1,0.125,gf1.C4,gf4.C1,0.6644707267331267
gf1.C4,gf4.C2,-1.3317362462168176,gf1.C4_gf4.C2,gf1.C4,gf4.C2,0.7376750064834328,gf1.C4,gf4.C2,0,gf1.C4,gf4.C2,0.5494013876159574
gf1.C4,gf4.C3,-0.6490984575805435,gf1.C4_gf4.C3,gf1.C4,gf4.C3,0.2871191243925088,gf1.C4,gf4.C3,0,gf1.C4,gf4.C3,0.6999096900311744
gf1.C4,gf4.C4,18.109176829846206,gf1.C4_gf4.C4,gf1.C4,gf4.C4,72.56903548052094,gf1.C4,gf4.C4,0.5172413793103449,gf1.C4,gf4.C4,0.9064475650886886
gf1.C4,gf4.C5,1.9792094655203847,gf1.C4_gf4.C5,gf1.C4,gf4.C5,1.32064090860476,gf1.C4,gf4.C5,0.09090909090909091,gf1.C4,gf4.C5,-0.49477965249216727
gf1.C4,gf4.C6,-5.4339797327120785,gf1.C4_gf4.C6,gf1.C4,gf4.C6,7.258762944010336,gf1.C4,gf4.C6,0.10344827586206896,gf1.C4,gf4.C6,0.71051927620918
gf1.C5,gf1.C6,-0.2870396358995036,gf1.C5_gf1.C6,gf1.C5,gf1.C6,0.11121304719902293,gf1.C5,gf1.C6,0,gf1.C5,gf1.C6,0.4029064376733308
gf1.C5,gf1.C7,-8.43352405986304,gf1.C5_gf1.C7,gf1.C5,gf1.C7,16.474425691848786,gf1.C5,gf1.C7,0,gf1.C5,gf1.C7,0.2122984058156866
gf1.C5,gf2.C1,-0.2834106703005394,gf1.C5_gf2.C1,gf1.C5,gf2.C1,0.10965609356595535,gf1.C5,gf2.C1,0,gf1.C5,gf2.C1,0.6716961563026894
gf1.C5,gf2.C2,-1.1030976393845455,gf1.C5_gf2.C2,gf1.C5,gf2.C2,0.568660740587609,gf1.C5,gf2.C2,0,gf1.C5,gf2.C2,0.36557677523892607
gf1.C5,gf2.C3,-0.3053625807984145,gf1.C5_gf2.C3,gf1.C5,gf2.C3,0.11913497098984058,gf1.C5,gf2.C3,0,gf1.C5,gf2.C3,0.3187850294904684
gf1.C5,gf2.C4,3.25565065785311,gf1.C5_gf2.C4,gf1.C5,gf2.C4,2.9464112459087937,gf1.C5,gf2.C4,0.15384615384615385,gf1.C5,gf2.C4,0.8082995626600823
gf1.C5,gf2.C5,-0.28703963589950354,gf1.C5_gf2.C5,gf1.C5,gf2.C5,0.11121304719902293,gf1.C5,gf2.C5,0,gf1.C5,gf2.C5,0.34717262438379604
gf1.C5,gf2.C6,-2.3711086663483965,gf1.C5_gf2.C6,gf1.C5,gf2.C6,1.7511733111826275,gf1.C5,gf2.C6,0,gf1.C5,gf2.C6,0.20545801696181132
gf1.C5,gf3.C1,-0.398482818282668,gf1.C5_gf3.C1,gf1.C5,gf3.C1,0.1609782825999199,gf1.C5,gf3.C1,0,gf1.C5,gf3.C1,0.37857515538534625
gf1.C5,gf3.C2,-0.24171685937236664,gf1.C5_gf3.C2,gf1.C5,gf3.C2,0.09205171191198767,gf1.C5,gf3.C2,0,gf1.C5,gf3.C2,-0.46590487944756553
gf1.C5,gf3.C3,-0.38607262301593925,gf1.C5_gf3.C3,gf1.C5,gf3.C3,0.1552477434811231,gf1.C5,gf3.C3,0,gf1.C5,gf3.C3,0.29143727206574654
gf1.C5,gf3.C4,-0.4698486345542141,gf1.C5_gf3.C4,gf1.C5,gf3.C4,0.1948641538319746,gf1.C5,gf3.C4,0,gf1.C5,gf3.C4,0.6646768155707491
gf1.C5,gf3.C5,-0.6956990946035544,gf1.C5_gf3.C5,gf1.C5,gf3.C5,0.3128124618332677,gf1.C5,gf3.C5,0,gf1.C5,gf3.C5,0.6356116641905395
gf1.C5,gf3.C6,-3.753898576334292,gf1.C5_gf3.C6,gf1.C5,gf3.C6,3.7591879237541015,gf1.C5,gf3.C6,0,gf1.C5,gf3.C6,-0.08562846941635693
gf1.C5,gf4.C1,-0.25696689075137813,gf1.C5_gf4.C1,gf1.C5,gf4.C1,0.09843034981323266,gf1.C5,gf4.C1,0,gf1.C5,gf4.C1,0.7228615653518835
gf1.C5,gf4.C2,-0.9415626411320367,gf1.C5_gf4.C2,gf1.C5,gf4.C2,0.46040129983540024,gf1.C5,gf4.C2,0,gf1.C5,gf4.C2,0.30836647028747866
gf1.C5,gf4.C3,-0.439681859408337,gf1.C5_gf4.C3,gf1.C5,gf4.C3,0.1803458314413592,gf1.C5,gf4.C3,0,gf1.C5,gf4.C3,0.2176042045483072
gf1.C5,gf4.C4,3.171744724576376,gf1.C5_gf4.C4,gf1.C5,gf4.C4,2.8195124451828506,gf1.C5,gf4.C4,0.15384615384615385,gf1.C5,gf4.C4,0.9185933167433683
gf1.C5,gf4.C5,-0.2656937104103257,gf1.C5_gf4.C5,gf1.C5,gf4.C5,0.10211180157899791,gf1.C5,gf4.C5,0,gf1.C5,gf4.C5,-0.22593526296112665
gf1.C5,gf4.C6,-4.424603082943105,gf1.C5_gf4.C6,gf1.C5,gf4.C6,5.0149340437752645,gf1.C5,gf4.C6,0,gf1.C5,gf4.C6,0.2612119726942308
gf1.C6,gf1.C7,-6.636347772197918,gf1.C6_gf1.C7,gf1.C6,gf1.C7,10.492750559816436,gf1.C6,gf1.C7,0,gf1.C6,gf1.C7,0.8618492303909089
gf1.C6,gf2.C1,-0.20844295449662426,gf1.C6_gf2.C1,gf1.C6,gf2.C1,0.07837431961340183,gf1.C6,gf2.C1,0,gf1.C6,gf2.C1,0.16677269262345396
gf1.C6,gf2.C2,-0.8529556635666493,gf1.C6_gf2.C2,gf1.C6,gf2.C2,0.40485235502607264,gf1.C6,gf2.C2,0,gf1.C6,gf2.C2,0.5253517617892709
gf1.C6,gf2.C3,-0.2574714988607688,gf1.C6_gf2.C3,gf1.C6,gf2.C3,0.09864260007330165,gf1.C6,gf2.C3,0,gf1.C6,gf2.C3,0.950910059855497
gf1.C6,gf2.C4,2.251494179270994,gf1.C6_gf2.C4,gf1.C6,gf2.C4,1.6134251484409128,gf1.C6,gf2.C4,0.125,gf1.C6,gf2.C4,0.8320160651315837
gf1.C6,gf2.C5,-0.2411283001699658,gf1.C6_gf2.C5,gf1.C6,gf2.C5,0.09180692542632313,gf1.C6,gf2.C5,0,gf1.C6,gf2.C5,0.8685402340891674
gf1.C6,gf2.C6,-1.8116439404619458,gf1.C6_gf2.C6,gf1.C6,gf2.C6,1.1546462306619885,gf1.C6,gf2.C6,0,gf1.C6,gf2.C6,0.8421792878204619
gf1.C6,gf3.C1,-0.34241332661582907,gf1.C6_gf3.C1,gf1.C6,gf3.C1,0.13546527023341606,gf1.C6,gf3.C1,0,gf1.C6,gf3.C1,-0.0699550927327579
gf1.C6,gf3.C2,-0.1875139746345051,gf1.C6_gf3.C2,gf1.C6,gf3.C2,0.0699389630825422,gf1.C6,gf3.C2,0,gf1.C6,gf3.C2,-0.006460232371233943
gf1.C6,gf3.C3,-0.28135830486192415,gf1.C6_gf3.C3,gf1.C6,gf3.C3,0.10877731372257035,gf1.C6,gf3.C3,0,gf1.C6,gf3.C3,0.01537144683870062
gf1.C6,gf3.C4,-0.3778406095032781,gf1.C6_gf3.C4,gf1.C6,gf3.C4,0.15147281684240657,gf1.C6,gf3.C4,0,gf1.C6,gf3.C4,0.6760568782506955
gf1.C6,gf3.C5,-0.5542302955074624,gf1.C6_gf3.C5,gf1.C6,gf3.C5,0.23700558330784482,gf1.C6,gf3.C5,0,gf1.C6,gf3.C5,0.21923242413176824
gf1.C6,gf3.C6,-0.12471474736070859,gf1.C6_gf3.C6,gf1.C6,gf3.C6,0.04539602724373474,gf1.C6,gf3.C6,0.5,gf1.C6,gf3.C6,0.2442585183419449
gf1.C6,gf4.C1,-0.1875139746345051,gf1.C6_gf4.C1,gf1.C6,gf4.C1,0.0699389630825422,gf1.C6,gf4.C1,0,gf1.C6,gf4.C1,0.3670220521180605
gf1.C6,gf4.C2,-0.6997853717992394,gf1.C6_gf4.C2,gf1.C6,gf4.C2,0.3150995909681592,gf1.C6,gf4.C2,0,gf1.C6,gf4.C2,0.4356190213573239
gf1.C6,gf4.C3,-0.33234338026909316,gf1.C6_gf4.C3,gf1.C6,gf4.C3,0.13098548950708294,gf1.C6,gf4.C3,0,gf1.C6,gf4.C3,0.7770008566972707
gf1.C6,gf4.C4,-0.4278792484667361,gf1.C6_gf4.C4,gf1.C6,gf4.C4,0.1747433251808645,gf1.C6,gf4.C4,0,gf1.C6,gf4.C4,0.6658447569980779
gf1.C6,gf4.C5,-0.20402205763103165,gf1.C6_gf4.C5,gf1.C6,gf4.C5,0.0765817481845656,gf1.C6,gf4.C5,0,gf1.C6,gf4.C5,-0.42069353741587356
gf1.C6,gf4.C6,-2.005181215906643,gf1.C6_gf4.C6,gf1.C6,gf4.C6,1.3473313948712577,gf1.C6,gf4.C6,0.25,gf1.C6,gf4.C6,0.8788874646415894
gf1.C7,gf2.C1,-3.9067882940312892,gf1.C7_gf2.C1,gf1.C7,gf2.C1,4.029044267435481,gf1.C7,gf2.C1,0,gf1.C7,gf2.C1,-0.3034940380820903
gf1.C7,gf2.C2,-14.855240971610355,gf1.C7_gf2.C2,gf1.C7,gf2.C2,49.1915446910018,gf1.C7,gf2.C2,0.06756756756756757,gf1.C7,gf2.C2,0.076282375999844
gf1.C7,gf2.C3,-0.3577022370721082,gf1.C7_gf2.C3,gf1.C7,gf2.C3,0.142326138264986,gf1.C7,gf2.C3,0.5714285714285714,gf1.C7,gf2.C3,0.8362147718863203
gf1.C7,gf2.C4,-6.124839341980471,gf1.C7_gf2.C4,gf1.C7,gf2.C4,9.042033010297247,gf1.C7,gf2.C4,0.1111111111111111,gf1.C7,gf2.C4,0.5659114428026185
gf1.C7,gf2.C5,-2.662439945365966,gf1.C7_gf2.C5,gf1.C7,gf2.C5,2.1102703156481706,gf1.C7,gf2.C5,0.25,gf1.C7,gf2.C5,0.6267588351713161
gf1.C7,gf2.C6,15.465077183284567,gf1.C7_gf2.C6,gf1.C7,gf2.C6,53.22401356027987,gf1.C7,gf2.C6,0.8432122370936902,gf1.C7,gf2.C6,0.9961407949929525
gf1.C7,gf3.C1,-5.104000125794494,gf1.C7_gf3.C1,gf1.C7,gf3.C1,6.478145593515848,gf1.C7,gf3.C1,0.04,gf1.C7,gf3.C1,-0.5415114387592863
gf1.C7,gf3.C2,0.09314409302232778,gf1.C7_gf3.C2,gf1.C7,gf3.C2,0.03348794218539565,gf1.C7,gf3.C2,0.5555555555555556,gf1.C7,gf3.C2,0.3157259884471141
gf1.C7,gf3.C3,-3.21027506669118,gf1.C7_gf3.C3,gf1.C7,gf3.C3,2.87743024670642,gf1.C7,gf3.C3,0.19047619047619047,gf1.C7,gf3.C3,-0.3266927958462731
gf1.C7,gf3.C4,-3.992664826721503,gf1.C7_gf3.C4,gf1.C7,gf3.C4,4.1848548486967,gf1.C7,gf3.C4,0.2,gf1.C7,gf3.C4,0.7139186377954392
gf1.C7,gf3.C5,-6.295456143994648,gf1.C7_gf3.C5,gf1.C7,gf3.C5,9.513573475095559,gf1.C7,gf3.C5,0.15714285714285714,gf1.C7,gf3.C5,0.07436183315472722
gf1.C7,gf3.C6,16.38887735348138,gf1.C7_gf3.C6,gf1.C7,gf3.C6,59.638939798147135,gf1.C7,gf3.C6,0.6554934823091247,gf1.C7,gf3.C6,0.673985879812791
gf1.C7,gf4.C1,-3.5210958094029543,gf1.C7_gf4.C1,gf1.C7,gf4.C1,3.3667666273020034,gf1.C7,gf4.C1,0,gf1.C7,gf4.C1,-0.09987106332438689
gf1.C7,gf4.C2,-11.352911777093091,gf1.C7_gf4.C2,gf1.C7,gf4.C2,29.14427889307263,gf1.C7,gf4.C2,0.09090909090909091,gf1.C7,gf4.C2,-0.016683949767374306
gf1.C7,gf4.C3,-0.645634592391375,gf1.C7_gf4.C3,gf1.C7,gf4.C3,0.285237813588857,gf1.C7,gf4.C3,0.5384615384615384,gf1.C7,gf4.C3,0.5768264032140384
gf1.C7,gf4.C4,-8.099294740585428,gf1.C7_gf4.C4,gf1.C7,gf4.C4,15.257442108820275,gf1.C7,gf4.C4,0.023809523809523808,gf1.C7,gf4.C4,0.4012076191520282
gf1.C7,gf4.C5,-1.6123115043616023,gf1.C7_gf4.C5,gf1.C7,gf4.C5,0.9710459759454831,gf1.C7,gf4.C5,0.36363636363636365,gf1.C7,gf4.C5,-5.700906149903595e-4
gf1.C7,gf4.C6,19.462155807128834,gf1.C7_gf4.C6,gf1.C7,gf4.C6,83.63844663331456,gf1.C7,gf4.C6,0.7518587360594795,gf1.C7,gf4.C6,0.9966056455729596
gf2.C1,gf2.C2,-1.4631587451809382,gf2.C1_gf2.C2,gf2.C1,gf2.C2,0.8433783316756269,gf2.C1,gf2.C2,0,gf2.C1,gf2.C2,0.7238656612156885
gf2.C1,gf2.C3,-0.41166030802641485,gf2.C1_gf2.C3,gf2.C1,gf2.C3,0.16711544362086123,gf2.C1,gf2.C3,0,gf2.C1,gf2.C3,0.10243073589398421
gf2.C1,gf2.C4,-0.6443364765355803,gf2.C1_gf2.C4,gf2.C1,gf2.C4,0.28453378720718786,gf2.C1,gf2.C4,0,gf2.C1,gf2.C4,0.5996467663375501
gf2.C1,gf2.C5,-0.38124294142978743,gf2.C1_gf2.C5,gf2.C1,gf2.C5,0.15303047373418305,gf2.C1,gf2.C5,0,gf2.C1,gf2.C5,0.32017420843232935
gf2.C1,gf2.C6,-4.718577461907119,gf2.C1_gf2.C6,gf2.C1,gf2.C6,5.624337236519284,gf2.C1,gf2.C6,0,gf2.C1,gf2.C6,-0.32581006510471355
gf2.C1,gf3.C1,2.633745677223708,gf2.C1_gf3.C1,gf2.C1,gf3.C1,2.0734069470984138,gf2.C1,gf3.C1,0.1111111111111111,gf2.C1,gf3.C1,0.9075811726082846
gf2.C1,gf3.C2,-0.21947622039928316,gf2.C1_gf3.C2,gf2.C1,gf3.C2,0.08287323131731196,gf2.C1,gf3.C2,0,gf2.C1,gf3.C2,-0.7145580311454425
gf2.C1,gf3.C3,-0.3238323691586699,gf2.C1_gf3.C3,gf2.C1,gf3.C3,0.12722336346965113,gf2.C1,gf3.C3,0,gf2.C1,gf3.C3,0.67147452516246
gf2.C1,gf3.C4,2.1165899637795276,gf2.C1_gf3.C4,gf2.C1,gf3.C4,1.464773465092957,gf2.C1,gf3.C4,0.1111111111111111,gf2.C1,gf3.C4,0.11612008554695175
gf2.C1,gf3.C5,1.277380131362626,gf2.C1_gf3.C5,gf2.C1,gf3.C5,0.6957937613753189,gf2.C1,gf3.C5,0.1111111111111111,gf2.C1,gf3.C5,0.5093900166403784
gf2.C1,gf3.C6,-3.300267028067112,gf2.C1_gf3.C6,gf2.C1,gf3.C6,3.0150549111879084,gf2.C1,gf3.C6,0,gf2.C1,gf3.C6,-0.7280371519607645
gf2.C1,gf4.C1,9.313429582502641,gf2.C1_gf4.C1,gf2.C1,gf4.C1,19.90738501050172,gf2.C1,gf4.C1,0.25,gf2.C1,gf4.C1,0.9687995575449155
gf2.C1,gf4.C2,-0.8026790838538412,gf2.C1_gf4.C2,gf2.C1,gf4.C2,0.37452266646332355,gf2.C1,gf4.C2,0,gf2.C1,gf4.C2,0.7164250683325388
gf2.C1,gf4.C3,-0.3742897431748938,gf2.C1_gf4.C3,gf2.C1,gf4.C3,0.14985096906884926,gf2.C1,gf4.C3,0,gf2.C1,gf4.C3,0.20542050780758392
gf2.C1,gf4.C4,1.6790087852443312,gf2.C1_gf4.C4,gf2.C1,gf4.C4,1.0308155947387836,gf2.C1,gf4.C4,0.1111111111111111,gf2.C1,gf4.C4,0.6925420813493791
gf2.C1,gf4.C5,-0.25041604073632,gf2.C1_gf4.C5,gf2.C1,gf4.C5,0.09568181524959636,gf2.C1,gf4.C5,0,gf2.C1,gf4.C5,-0.6181713087748033
gf2.C1,gf4.C6,-3.7671664823974487,gf2.C1_gf4.C6,gf2.C1,gf4.C6,3.7822242548461102,gf2.C1,gf4.C6,0,gf2.C1,gf4.C6,-0.255330794285086
gf2.C2,gf2.C3,-1.8755363861386225,gf2.C2_gf2.C3,gf2.C2,gf2.C3,1.2166756140370834,gf2.C2,gf2.C3,0,gf2.C2,gf2.C3,0.5886787773201376
gf2.C2,gf2.C4,-3.0554035645568556,gf2.C2_gf2.C4,gf2.C2,gf2.C4,2.6482850936731075,gf2.C2,gf2.C4,0,gf2.C2,gf2.C4,0.6232486340552129
gf2.C2,gf2.C5,-1.7786354094670658,gf2.C2_gf2.C5,gf2.C2,gf2.C5,1.1232075910088402,gf2.C2,gf2.C5,0,gf2.C2,gf2.C5,0.8094787151256335
gf2.C2,gf2.C6,-21.249446158404634,gf2.C2_gf2.C6,gf2.C2,gf2.C6,99.47680388423855,gf2.C2,gf2.C6,0,gf2.C2,gf2.C6,0.02391926990724158
gf2.C2,gf3.C1,6.2193329683827585,gf2.C2_gf3.C1,gf2.C2,gf3.C1,9.301662096908116,gf2.C2,gf3.C1,0.4,gf2.C2,gf3.C1,0.7540593482406474
gf2.C2,gf3.C2,1.5482126748474418,gf2.C2_gf3.C2,gf2.C2,gf3.C2,0.9151696509755358,gf2.C2,gf3.C2,0.2222222222222222,gf2.C2,gf3.C2,-0.2906001403849363
gf2.C2,gf3.C3,-1.2757612883027074,gf2.C2_gf3.C3,gf2.C2,gf3.C3,0.6945628209492356,gf2.C2,gf3.C3,0,gf2.C2,gf3.C3,0.4632086599589992
gf2.C2,gf3.C4,-1.6681780864462161,gf2.C2_gf3.C4,gf2.C2,gf3.C4,1.020996521039158,gf2.C2,gf3.C4,0,gf2.C2,gf3.C4,0.10300301266735712
gf2.C2,gf3.C5,-1.9486536529244014,gf2.C2_gf3.C5,gf2.C2,gf3.C5,1.2895712046843681,gf2.C2,gf3.C5,0.014285714285714285,gf2.C2,gf3.C5,0.04463940570066205
gf2.C2,gf3.C6,-12.194281325048214,gf2.C2_gf3.C6,gf2.C2,gf3.C6,33.476991859618366,gf2.C2,gf3.C6,0.08108108108108109,gf2.C2,gf3.C6,-0.6625186005025441
gf2.C2,gf4.C1,-0.8765895315072796,gf2.C2_gf4.C1,gf2.C2,gf4.C1,0.41940614074863586,gf2.C2,gf4.C1,0,gf2.C2,gf4.C1,0.8068048889614261
gf2.C2,gf4.C2,7.693222494766696,gf2.C2_gf4.C2,gf2.C2,gf4.C2,13.843224692277321,gf2.C2,gf4.C2,0.2818181818181818,gf2.C2,gf4.C2,0.9779426420741221
gf2.C2,gf4.C3,-0.1184718073848145,gf2.C2_gf4.C3,gf2.C2,gf4.C3,0.04301858980308446,gf2.C2,gf4.C3,0.07692307692307693,gf2.C2,gf4.C3,0.7123733238668144
gf2.C2,gf4.C4,-2.0770614968687906,gf2.C2_gf4.C4,gf2.C2,gf4.C4,1.4225554963045357,gf2.C2,gf4.C4,0,gf2.C2,gf4.C4,0.5651261350917721
gf2.C2,gf4.C5,-1.001661228535276,gf2.C2_gf4.C5,gf2.C2,gf4.C5,0.4996163535484605,gf2.C2,gf4.C5,0,gf2.C2,gf4.C5,-0.915547995693132
gf2.C2,gf4.C6,-13.623420332664283,gf2.C2_gf4.C6,gf2.C2,gf4.C6,41.536658124785,gf2.C2,gf4.C6,0.08108108108108109,gf2.C2,gf4.C6,0.09926220022264076
gf2.C3,gf2.C4,-0.8603088465788639,gf2.C3_gf2.C4,gf2.C3,gf2.C4,0.40936007595624896,gf2.C3,gf2.C4,0,gf2.C3,gf2.C4,0.7468429258258467
gf2.C3,gf2.C5,-0.4718230370296203,gf2.C3_gf2.C5,gf2.C3,gf2.C5,0.19582436242388757,gf2.C3,gf2.C5,0,gf2.C3,gf2.C5,0.9430454784286043
gf2.C3,gf2.C6,-6.098364174760593,gf2.C3_gf2.C6,gf2.C3,gf2.C6,8.969969749362244,gf2.C3,gf2.C6,0,gf2.C3,gf2.C6,0.8055025277153003
gf2.C3,gf3.C1,-0.42530855580001825,gf2.C3_gf3.C1,gf2.C3,gf3.C1,0.17352883668247016,gf2.C3,gf3.C1,0,gf2.C3,gf3.C1,-0.04847271904207551
gf2.C3,gf3.C2,3.4860281704345555,gf2.C3_gf3.C2,gf2.C3,gf3.C2,3.3095829508703556,gf2.C3,gf3.C2,0.1111111111111111,gf2.C3,gf3.C2,0.1565733103385013
gf2.C3,gf3.C3,-0.3930452087005695,gf2.C3_gf3.C3,gf2.C3,gf3.C3,0.15846153504027027,gf2.C3,gf3.C3,0,gf2.C3,gf3.C3,-0.0693408427577984
gf2.C3,gf3.C4,-0.5049720361224399,gf2.C3_gf3.C4,gf2.C3,gf3.C4,0.21212988294824503,gf2.C3,gf3.C4,0,gf2.C3,gf3.C4,0.5932580457024761
gf2.C3,gf3.C5,-0.7026578953829168,gf2.C3_gf3.C5,gf2.C3,gf3.C5,0.31671067772939693,gf2.C3,gf3.C5,0,gf2.C3,gf3.C5,0.017467188966126757
gf2.C3,gf3.C6,0.30870340958245995,gf2.C3_gf3.C6,gf2.C3,gf3.C6,0.12059033136703556,gf2.C3,gf3.C6,0.5714285714285714,gf2.C3,gf3.C6,0.18771250113531424
gf2.C3,gf4.C1,-0.2435928020487725,gf2.C3_gf4.C1,gf2.C3,gf4.C1,0.09283262024554745,gf2.C3,gf4.C1,0,gf2.C3,gf4.C1,0.31034854133063206
gf2.C3,gf4.C2,1.280577968629388,gf2.C3_gf4.C2,gf2.C3,gf4.C2,0.6982281196684933,gf2.C3,gf4.C2,0.14285714285714285,gf2.C3,gf4.C2,0.5065413356345567
gf2.C3,gf4.C3,-0.44243758545784134,gf2.C3_gf4.C3,gf2.C3,gf4.C3,0.18166021073097388,gf2.C3,gf4.C3,0,gf2.C3,gf4.C3,0.8602467216882258
gf2.C3,gf4.C4,-0.5700633412546597,gf2.C3_gf4.C4,gf2.C3,gf4.C4,0.24516661289744288,gf2.C3,gf4.C4,0,gf2.C3,gf4.C4,0.5757478664324618
gf2.C3,gf4.C5,-0.2808907054169963,gf2.C3_gf4.C5,gf2.C3,gf4.C5,0.10857727490180413,gf2.C3,gf4.C5,0,gf2.C3,gf4.C5,-0.49348992143633463
gf2.C3,gf4.C6,0.9483192447532423,gf2.C3_gf4.C6,gf2.C3,gf4.C6,0.4647477203864251,gf2.C3,gf4.C6,0.7142857142857143,gf2.C3,gf4.C6,0.8410032636346173
gf2.C4,gf2.C5,-0.76516879027994,gf2.C4_gf2.C5,gf2.C4,gf2.C5,0.35244975942160917,gf2.C4,gf2.C5,0,gf2.C4,gf2.C5,0.7440822456315224
gf2.C4,gf2.C6,-9.227908795126343,gf2.C4_gf2.C6,gf2.C4,gf2.C6,19.559143064455213,gf2.C4,gf2.C6,0,gf2.C4,gf2.C6,0.5509217103158203
gf2.C4,gf3.C1,0.8069063040851522,gf2.C4_gf3.C1,gf2.C4,gf3.C1,0.37703985306055404,gf2.C4,gf3.C1,0.04,gf2.C4,gf3.C1,0.2989221012911225
gf2.C4,gf3.C2,-0.3662033875232279,gf2.C4_gf3.C2,gf2.C4,gf3.C2,0.14617205779150316,gf2.C4,gf3.C2,0,gf2.C4,gf3.C2,-0.3591674215674765
gf2.C4,gf3.C3,-0.6106411897067964,gf2.C4_gf3.C3,gf2.C4,gf3.C3,0.2664519507928847,gf2.C4,gf3.C3,0,gf2.C4,gf3.C3,0.2992333679986754
gf2.C4,gf3.C4,0.4347413023856831,gf2.C4_gf3.C4,gf2.C4,gf3.C4,0.17799532512001007,gf2.C4,gf3.C4,0.02857142857142857,gf2.C4,gf3.C4,0.7663109387557726
gf2.C4,gf3.C5,12.494344600513925,gf2.C4_gf3.C5,gf2.C4,gf3.C5,35.09607419840849,gf2.C4,gf3.C5,0.4166666666666667,gf2.C4,gf3.C5,0.5581574878697398
gf2.C4,gf3.C6,-5.809018853392255,gf2.C4_gf3.C6,gf2.C4,gf3.C6,8.201763730635829,gf2.C4,gf3.C6,0.08333333333333333,gf2.C4,gf3.C6,-0.015067127246458423
gf2.C4,gf4.C1,4.728879243838221,gf2.C4_gf4.C1,gf2.C4,gf4.C1,5.646347996721484,gf2.C4,gf4.C1,0.25,gf2.C4,gf4.C1,0.7466106265416785
gf2.C4,gf4.C2,-1.606188614716096,gf2.C4_gf4.C2,gf2.C4,gf4.C2,0.9656424136782572,gf2.C4,gf4.C2,0,gf2.C4,gf4.C2,0.5411141628349934
gf2.C4,gf4.C3,-0.7556937537733864,gf2.C4_gf4.C3,gf2.C4,gf4.C3,0.3469488518478275,gf2.C4,gf4.C3,0,gf2.C4,gf4.C3,0.6101971651918268
gf2.C4,gf4.C4,23.72717853541141,gf2.C4_gf4.C4,gf2.C4,gf4.C4,123.72341089824641,gf2.C4,gf4.C4,0.6388888888888888,gf2.C4,gf4.C4,0.962174178369812
gf2.C4,gf4.C5,1.659403416165642,gf2.C4_gf4.C5,gf2.C4,gf4.C5,1.0130737006294626,gf2.C4,gf4.C5,0.09090909090909091,gf2.C4,gf4.C5,-0.46425694785202754
gf2.C4,gf4.C6,-6.273030367848339,gf2.C4_gf4.C6,gf2.C4,gf4.C6,9.450889023274193,gf2.C4,gf4.C6,0.1111111111111111,gf2.C4,gf4.C6,0.611591238686377
gf2.C5,gf2.C6,-5.436936367377054,gf2.C5_gf2.C6,gf2.C5,gf2.C6,7.265964776329999,gf2.C5,gf2.C6,0,gf2.C5,gf2.C6,0.5804370362755099
gf2.C5,gf3.C1,-0.3951839927709562,gf2.C5_gf3.C1,gf2.C5,gf3.C1,0.1594503577105932,gf2.C5,gf3.C1,0,gf2.C5,gf3.C1,0.24234398420486958
gf2.C5,gf3.C2,-0.24359280204877248,gf2.C5_gf3.C2,gf2.C5,gf3.C2,0.09283262024554745,gf2.C5,gf3.C2,0,gf2.C5,gf3.C2,0.05542803366988325
gf2.C5,gf3.C3,-0.35038202247890715,gf2.C5_gf3.C3,gf2.C5,gf3.C3,0.13903226415595848,gf2.C5,gf3.C3,0,gf2.C5,gf3.C3,0.10209871708401164
gf2.C5,gf3.C4,-0.4987317198645803,gf2.C5_gf3.C4,gf2.C5,gf3.C4,0.2090337353920083,gf2.C5,gf3.C4,0,gf2.C5,gf3.C4,0.4486826145135574
gf2.C5,gf3.C5,0.835350511333056,gf2.C5_gf3.C5,gf2.C5,gf3.C5,0.3941345205146363,gf2.C5,gf3.C5,0.08333333333333333,gf2.C5,gf3.C5,-0.04271610442783391
gf2.C5,gf3.C6,-3.7491608897180755,gf2.C5_gf3.C6,gf2.C5,gf3.C6,3.7509797138468484,gf2.C5,gf3.C6,0,gf2.C5,gf3.C6,-0.12722031784647303
gf2.C5,gf4.C1,-0.20950455093564221,gf2.C5_gf4.C1,gf2.C5,gf4.C1,0.07880563101370096,gf2.C5,gf4.C1,0,gf2.C5,gf4.C1,0.5058071234052041
gf2.C5,gf4.C2,-0.8906800650146147,gf2.C5_gf4.C2,gf2.C5,gf4.C2,0.4281737820178592,gf2.C5,gf4.C2,0,gf2.C5,gf4.C2,0.7451570970592282
gf2.C5,gf4.C3,-0.42272989558488466,gf2.C5_gf4.C3,gf2.C5,gf4.C3,0.17231265741298077,gf2.C5,gf4.C3,0,gf2.C5,gf4.C3,0.9101310001141375
gf2.C5,gf4.C4,-0.5269964937886151,gf2.C5_gf4.C4,gf2.C5,gf4.C4,0.2231564783953459,gf2.C5,gf4.C4,0,gf2.C5,gf4.C4,0.6016144041365522
gf2.C5,gf4.C5,-0.25141382324845296,gf2.C5_gf4.C5,gf2.C5,gf4.C5,0.09609962611121962,gf2.C5,gf4.C5,0,gf2.C5,gf4.C5,-0.72153220194906
gf2.C5,gf4.C6,-3.575811290584576,gf2.C5_gf4.C6,gf2.C5,gf4.C6,3.4569961052202585,gf2.C5,gf4.C6,0.08333333333333333,gf2.C5,gf4.C6,0.636109198779875
gf2.C6,gf3.C1,-2.883534851212912,gf2.C6_gf3.C1,gf2.C6,gf3.C1,2.4053432723718005,gf2.C6,gf3.C1,0,gf2.C6,gf3.C1,-0.5737325567448297
gf2.C6,gf3.C2,1.294900259689716,gf2.C6_gf3.C2,gf2.C6,gf3.C2,0.709176271513826,gf2.C6,gf3.C2,0.4444444444444444,gf2.C6,gf3.C2,0.2929257872358658
gf2.C6,gf3.C3,-1.7100849290376396,gf2.C6_gf3.C3,gf2.C6,gf3.C3,1.059233721873199,gf2.C6,gf3.C3,0.09523809523809523,gf2.C6,gf3.C3,-0.3120858351359086
gf2.C6,gf3.C4,-3.5997243686658007,gf2.C6_gf3.C4,gf2.C6,gf3.C4,3.4968160286840018,gf2.C6,gf3.C4,0,gf2.C6,gf3.C4,0.7181368834751635
gf2.C6,gf3.C5,-3.4841104930667166,gf2.C6_gf3.C5,gf2.C6,gf3.C5,3.3064703792196344,gf2.C6,gf3.C5,0.08571428571428572,gf2.C6,gf3.C5,0.11889660798483082
gf2.C6,gf3.C6,14.550284551890329,gf2.C6_gf3.C6,gf2.C6,gf3.C6,47.23537097938755,gf2.C6,gf3.C6,0.7380497131931166,gf2.C6,gf3.C6,0.713718020742133
gf2.C6,gf4.C1,-1.8241829962045992,gf2.C6_gf4.C1,gf2.C6,gf4.C1,1.1666972373015851,gf2.C6,gf4.C1,0,gf2.C6,gf4.C1,-0.12843359789893705
gf2.C6,gf4.C2,-5.148017148728966,gf2.C6_gf4.C2,gf2.C6,gf4.C2,6.579624311651263,gf2.C6,gf4.C2,0.07272727272727272,gf2.C6,gf4.C2,-0.07156921705250419
gf2.C6,gf4.C3,-0.6838200374399919,gf2.C6_gf4.C3,gf2.C6,gf4.C3,0.30619497994768596,gf2.C6,gf4.C3,0.23076923076923078,gf2.C6,gf4.C3,0.5271182399593308
gf2.C6,gf4.C4,-4.1045764789030965,gf2.C6_gf4.C4,gf2.C6,gf4.C4,4.392484654458474,gf2.C6,gf4.C4,0,gf2.C6,gf4.C4,0.38614180001913434
gf2.C6,gf4.C5,-0.7847271068585303,gf2.C6_gf4.C5,gf2.C6,gf4.C5,0.363899845742005,gf2.C6,gf4.C5,0.18181818181818182,gf2.C6,gf4.C5,0.06251422115960881
gf2.C6,gf4.C6,14.354299237244973,gf2.C6_gf4.C6,gf2.C6,gf4.C6,45.999424833968455,gf2.C6,gf4.C6,0.8011472275334608,gf2.C6,gf4.C6,0.9955608007547968
gf3.C1,gf3.C2,-0.4197084733401957,gf3.C1_gf3.C2,gf3.C1,gf3.C2,0.17089029763447805,gf3.C1,gf3.C2,0,gf3.C1,gf3.C2,-0.5864589919982133
gf3.C1,gf3.C3,-0.6790361110520241,gf3.C1_gf3.C3,gf3.C1,gf3.C3,0.3035431482197607,gf3.C1,gf3.C3,0,gf3.C1,gf3.C3,0.6698812932277561
gf3.C1,gf3.C4,-0.8860951812858764,gf3.C1_gf3.C4,gf3.C1,gf3.C4,0.42531345441194846,gf3.C1,gf3.C4,0,gf3.C1,gf3.C4,-0.2221715266495794
gf3.C1,gf3.C5,-1.2491617941350746,gf3.C1_gf3.C5,gf3.C1,gf3.C5,0.6744722216479004,gf3.C1,gf3.C5,0,gf3.C1,gf3.C5,0.22189122189798205
gf3.C1,gf3.C6,-13.048875303348362,gf3.C1_gf3.C6,gf3.C1,gf3.C6,38.19049119844163,gf3.C1,gf3.C6,0,gf3.C1,gf3.C6,-0.9234440238134085
gf3.C1,gf4.C1,3.1413177173470554,gf3.C1_gf4.C1,gf3.C1,gf4.C1,2.7742012024518794,gf3.C1,gf4.C1,0.125,gf3.C1,gf4.C1,0.8391981648039426
gf3.C1,gf4.C2,3.9257211069926057,gf3.C1_gf4.C2,gf3.C1,gf4.C2,4.0631330426450365,gf3.C1,gf4.C2,0.24,gf3.C1,gf4.C2,0.7761337634700688
gf3.C1,gf4.C3,-0.55699531106386,gf3.C1_gf4.C3,gf3.C1,gf4.C3,0.2384249753817498,gf3.C1,gf4.C3,0,gf3.C1,gf4.C3,0.15162756018082657
gf3.C1,gf4.C4,-0.7358001479054693,gf3.C1_gf4.C4,gf3.C1,gf4.C4,0.3354968599271119,gf3.C1,gf4.C4,0,gf3.C1,gf4.C4,0.38766632254297795
gf3.C1,gf4.C5,2.326298259295104,gf3.C1_gf4.C5,gf3.C1,gf4.C5,1.698912576354455,gf3.C1,gf4.C5,0.09090909090909091,gf3.C1,gf4.C5,-0.6831318128248725
gf3.C1,gf4.C6,-4.872884607466899,gf3.C1_gf4.C6,gf3.C1,gf4.C6,5.95868443997468,gf3.C1,gf4.C6,0.04,gf3.C1,gf4.C6,-0.507978277357223
gf3.C2,gf3.C3,-0.40023164165980574,gf3.C2_gf3.C3,gf3.C2,gf3.C3,0.1617896586721888,gf3.C2,gf3.C3,0,gf3.C2,gf3.C3,-0.7527088057878035
gf3.C2,gf3.C4,-0.493042121696644,gf3.C2_gf3.C4,gf3.C2,gf3.C4,0.20622160730034172,gf3.C2,gf3.C4,0,gf3.C2,gf3.C4,0.02628979400890763
gf3.C2,gf3.C5,-0.744985747420822,gf3.C2_gf3.C5,gf3.C2,gf3.C5,0.3407682472743219,gf3.C2,gf3.C5,0,gf3.C2,gf3.C5,-0.7368954268205885
gf3.C2,gf3.C6,-7.724094637249271,gf3.C2_gf3.C6,gf3.C2,gf3.C6,13.948264460638669,gf3.C2,gf3.C6,0,gf3.C2,gf3.C6,0.42338476954226034
gf3.C2,gf4.C1,-0.1637308051674718,gf3.C2_gf4.C1,gf3.C2,gf4.C1,0.060509169253760035,gf3.C2,gf4.C1,0,gf3.C2,gf4.C1,-0.6167659006276098
gf3.C2,gf4.C2,0.7985309204422874,gf3.C2_gf4.C2,gf3.C2,gf4.C2,0.3720584119471373,gf3.C2,gf4.C2,0.1111111111111111,gf3.C2,gf4.C2,-0.22764017354615707
gf3.C2,gf4.C3,2.6579521094024448,gf3.C2_gf4.C3,gf3.C2,gf4.C3,2.1044831806271884,gf3.C2,gf4.C3,0.1111111111111111,gf3.C2,gf4.C3,0.25634917323447426
gf3.C2,gf4.C4,-0.4062146139590655,gf3.C2_gf4.C4,gf3.C2,gf4.C4,0.16457267347531304,gf3.C2,gf4.C4,0,gf3.C2,gf4.C4,-0.41722112939122424
gf3.C2,gf4.C5,-0.20689774979894915,gf3.C2_gf4.C5,gf3.C2,gf4.C5,0.07774711949827873,gf3.C2,gf4.C5,0,gf3.C2,gf4.C5,0.09880009629550923
gf3.C2,gf4.C6,0.9291341109181392,gf3.C2_gf4.C6,gf3.C2,gf4.C6,0.4524473106817451,gf3.C2,gf4.C6,0.6666666666666666,gf3.C2,gf4.C6,0.27193607463145897
gf3.C3,gf3.C4,-0.8017349731654605,gf3.C3_gf3.C4,gf3.C3,gf3.C4,0.37396129912367454,gf3.C3,gf3.C4,0,gf3.C3,gf3.C4,-0.029243042173866307
gf3.C3,gf3.C5,-1.1503150816504464,gf3.C3_gf3.C5,gf3.C3,gf3.C5,0.6020354607995799,gf3.C3,gf3.C5,0,gf3.C3,gf3.C5,0.6238597995420659
gf3.C3,gf3.C6,-12.579105470155456,gf3.C3_gf3.C6,gf3.C3,gf3.C6,35.56046586418916,gf3.C3,gf3.C6,0,gf3.C3,gf3.C6,-0.4777772029092655
gf3.C3,gf4.C1,-0.29352456396501214,gf3.C3_gf4.C1,gf3.C3,gf4.C1,0.11400520260373069,gf3.C3,gf4.C1,0,gf3.C3,gf4.C1,0.6155499206622158
gf3.C3,gf4.C2,-1.0768180150225601,gf3.C3_gf4.C2,gf3.C3,gf4.C2,0.5504266133778625,gf3.C3,gf4.C2,0,gf3.C3,gf4.C2,0.38049251657171335
gf3.C3,gf4.C3,-0.5024176506152996,gf3.C3_gf4.C3,gf3.C3,gf4.C3,0.2108610223118522,gf3.C3,gf4.C3,0,gf3.C3,gf4.C3,-0.1769922089646654
gf3.C3,gf4.C4,-0.6367521634442858,gf3.C3_gf4.C4,gf3.C3,gf4.C4,0.2804314989548617,gf3.C3,gf4.C4,0,gf3.C3,gf4.C4,0.34869625782680735
gf3.C3,gf4.C5,-0.33560190672395224,gf3.C3_gf4.C5,gf3.C3,gf4.C5,0.13243170743699234,gf3.C3,gf4.C5,0,gf3.C3,gf4.C5,-0.18534704221647225
gf3.C3,gf4.C6,-3.039124528787533,gf3.C3_gf4.C6,gf3.C3,gf4.C6,2.624763106628198,gf3.C3,gf4.C6,0.19047619047619047,gf3.C3,gf4.C6,-0.27723523339096
gf3.C4,gf3.C5,-1.5179743833743424,gf3.C4_gf3.C5,gf3.C4,gf3.C5,0.8893400790907642,gf3.C4,gf3.C5,0,gf3.C4,gf3.C5,0.49638581175674124
gf3.C4,gf3.C6,-15.063357274339833,gf3.C4_gf3.C6,gf3.C4,gf3.C6,50.549611660671374,gf3.C4,gf3.C6,0,gf3.C4,gf3.C6,0.50607314099058065
gf3.C4,gf4.C1,-0.35392944079370225,gf3.C4_gf4.C1,gf3.C4,gf4.C1,0.1406264408728516,gf3.C4,gf4.C1,0,gf3.C4,gf4.C1,0.29872360971424994
gf3.C4,gf4.C2,-0.6311936643451033,gf3.C4_gf4.C2,gf3.C4,gf4.C2,0.27743689951987616,gf3.C4,gf4.C2,0.02857142857142857,gf3.C4,gf4.C2,0.011046385359697153
gf3.C4,gf4.C3,-0.668514676308402,gf3.C4_gf4.C3,gf3.C4,gf4.C3,0.29773742600024566,gf3.C4,gf4.C3,0,gf3.C4,gf4.C3,0.3480601984556557
gf3.C4,gf4.C4,1.5821808852630437,gf3.C4_gf4.C4,gf3.C4,gf4.C4,0.9445900048517948,gf3.C4,gf4.C4,0.05714285714285714,gf3.C4,gf4.C4,0.7728367318230579
gf3.C4,gf4.C5,1.882394822212759,gf3.C4_gf4.C5,gf3.C4,gf4.C5,1.2234264475284147,gf3.C4,gf4.C5,0.09090909090909091,gf3.C4,gf4.C5,0.04153886993963718
gf3.C4,gf4.C6,-4.7600162434241575,gf3.C4_gf4.C6,gf3.C4,gf4.C6,5.713145394082344,gf3.C4,gf4.C6,0.11428571428571428,gf3.C4,gf4.C6,0.7481934171614743
gf3.C5,gf3.C6,-22.192401385534332,gf3.C5_gf3.C6,gf3.C5,gf3.C6,108.3907395785351,gf3.C5,gf3.C6,0,gf3.C5,gf3.C6,0.10706533499004955
gf3.C5,gf4.C1,7.701167182888682,gf3.C5_gf4.C1,gf3.C5,gf4.C1,13.870216852850906,gf3.C5,gf4.C1,0.5,gf3.C5,gf4.C1,0.4913791251981555
gf3.C5,gf4.C2,-2.0653487664390244,gf3.C5_gf4.C2,gf3.C5,gf4.C2,1.4101619175906905,gf3.C5,gf4.C2,0,gf3.C5,gf4.C2,-0.05559375071297201
gf3.C5,gf4.C3,-0.9749102388467754,gf3.C5_gf4.C3,gf3.C5,gf4.C3,0.48200648973343724,gf3.C5,gf4.C3,0,gf3.C5,gf4.C3,-0.2694137957071021
gf3.C5,gf4.C4,8.333851721297236,gf3.C5_gf4.C4,gf3.C5,gf4.C4,16.10649389542414,gf3.C5,gf4.C4,0.2619047619047619,gf3.C5,gf4.C4,0.628078743286177
gf3.C5,gf4.C5,1.0040897956809811,gf3.C5_gf4.C5,gf3.C5,gf4.C5,0.5012273635733997,gf3.C5,gf4.C5,0.09090909090909091,gf3.C5,gf4.C5,0.22983342549103303
gf3.C5,gf4.C6,-5.525591629837422,gf3.C5_gf4.C6,gf3.C5,gf4.C6,7.483627086744392,gf3.C5,gf4.C6,0.18571428571428572,gf3.C5,gf4.C6,0.13203580009193505
gf3.C6,gf4.C1,-2.8521861340146075,gf3.C6_gf4.C1,gf3.C6,gf4.C1,2.362313504303271,gf3.C6,gf4.C1,0,gf3.C6,gf4.C1,-0.6353565459956512
gf3.C6,gf4.C2,-9.644681958498076,gf3.C6_gf4.C2,gf3.C6,gf4.C2,21.28590987767303,gf3.C6,gf4.C2,0.08181818181818182,gf3.C6,gf4.C2,-0.735205466398198
gf3.C6,gf4.C3,0.6488814113072376,gf3.C6_gf4.C3,gf3.C6,gf4.C3,0.2870011257444803,gf3.C6,gf4.C3,0.5769230769230769,gf3.C6,gf4.C3,-0.141373434328822
gf3.C6,gf4.C4,-6.695885450268229,gf3.C6_gf4.C4,gf3.C6,gf4.C4,10.668836799932233,gf3.C6,gf4.C4,0,gf3.C6,gf4.C4,-0.08037497778618086
gf3.C6,gf4.C5,-2.2232466781760127,gf3.C6_gf4.C5,gf3.C6,gf4.C5,1.581712452709744,gf3.C6,gf4.C5,0.18181818181818182,gf3.C6,gf4.C5,0.7157608005422395
gf3.C6,gf4.C6,14.097822838022413,gf3.C6_gf4.C6,gf3.C6,gf4.C6,44.407082342297,gf3.C6,gf4.C6,0.6219739292364991,gf3.C6,gf4.C6,0.6596063518095396
gf4.C1,gf4.C2,-0.8447478887557355,gf4.C1_gf4.C2,gf4.C1,gf4.C2,0.39984245383566364,gf4.C1,gf4.C2,0,gf4.C1,gf4.C2,0.7870655240890853
gf4.C1,gf4.C3,-0.4269800089564126,gf4.C1_gf4.C3,gf4.C1,gf4.C3,0.1743182570319888,gf4.C1,gf4.C3,0,gf4.C1,gf4.C3,0.3908901128334793
gf4.C1,gf4.C4,-0.5231105654376049,gf4.C1_gf4.C4,gf4.C1,gf4.C4,0.22119973764109954,gf4.C1,gf4.C4,0,gf4.C1,gf4.C4,0.8078506574827201
gf4.C1,gf4.C5,-0.2574714988607688,gf4.C1_gf4.C5,gf4.C1,gf4.C5,0.09864260007330165,gf4.C1,gf4.C5,0,gf4.C1,gf4.C5,-0.6947584882382416
gf4.C1,gf4.C6,-6.616266881889287,gf4.C1_gf4.C6,gf4.C1,gf4.C6,10.433700354280976,gf4.C1,gf4.C6,0,gf4.C1,gf4.C6,-0.0495566274054291
gf4.C2,gf4.C3,-1.6392724314361995,gf4.C2_gf4.C3,gf4.C2,gf4.C3,0.9950060558703061,gf4.C2,gf4.C3,0,gf4.C2,gf4.C3,0.7251881063806715
gf4.C2,gf4.C4,-1.9439497320929222,gf4.C2_gf4.C4,gf4.C2,gf4.C4,1.2848199800162465,gf4.C2,gf4.C4,0,gf4.C2,gf4.C4,0.4899237831525636
gf4.C2,gf4.C5,-1.0635128104079865,gf4.C2_gf4.C5,gf4.C2,gf4.C5,0.5412874453267521,gf4.C2,gf4.C5,0,gf4.C2,gf4.C5,-0.9637918357697457
gf4.C2,gf4.C6,-25.190655525332787,gf4.C2_gf4.C6,gf4.C2,gf4.C6,139.29491598444332,gf4.C2,gf4.C6,0,gf4.C2,gf4.C6,0.00519010316303159
gf4.C3,gf4.C4,-0.9416455324190903,gf4.C3_gf4.C4,gf4.C3,gf4.C4,0.460454527138351,gf4.C3,gf4.C4,0,gf4.C3,gf4.C4,0.4582319120610405
gf4.C3,gf4.C5,-0.5136572685199459,gf4.C3_gf4.C5,gf4.C3,gf4.C5,0.2164596995026693,gf4.C3,gf4.C5,0,gf4.C3,gf4.C5,-0.7777803537408814
gf4.C3,gf4.C6,-11.854525609049311,gf4.C3_gf4.C6,gf4.C3,gf4.C6,31.69063482390363,gf4.C3,gf4.C6,0,gf4.C3,gf4.C6,0.5808266815514382
gf4.C4,gf4.C5,-0.6291833385508212,gf4.C4_gf4.C5,gf4.C4,gf4.C5,0.27635633685663286,gf4.C4,gf4.C5,0,gf4.C4,gf4.C5,-0.40249969395056917
gf4.C4,gf4.C6,-15.985620322632125,gf4.C4_gf4.C6,gf4.C4,gf4.C6,56.79329098586823,gf4.C4,gf4.C6,0,gf4.C4,gf4.C6,0.45156454269709756
gf4.C5,gf4.C6,-7.774812824090954,gf4.C5_gf4.C6,gf4.C5,gf4.C6,14.1217135352334,gf4.C5,gf4.C6,0,gf4.C5,gf4.C6,-0.011697861883115612
