C1,C2,C3,C4,C5,C6,C7,C8,C9,C10,time
-5.544915615603818,-3.2258562136044615,-4.255339174777632,-4.835028455373908,-4.378414252643053,-4.170778441568357,-4.817989723249408,-4.180026914580911,-4.6943687322909895,-3.37081764660742,20
-5.587727758279022,-3.1583560243617015,-4.203097186296652,-4.927405233739787,-4.355755616074784,-4.181503106244393,-4.787830454200744,-4.144565898557831,-4.799653270617539,-3.3516900514607766,21
-5.6252867170088,-3.1012249146255946,-4.161783450234051,-5.00198393699453,-4.340054727708781,-4.196766810424384,-4.765127563811275,-4.117795998139487,-4.892321842434667,-3.337359545511539,22
-5.65759249179315,-3.0544628843961417,-4.131397966589826,-5.05876456513814,-4.331311587545042,-4.216569554108331,-4.749881052081,-4.0997172133258815,-4.972374447742374,-3.3278261287597064,23
-5.684645082632074,-3.0180699336733414,-4.1119407353639765,-5.097747118170615,-4.3295261955835675,-4.24091133729623,-4.742090919009919,-4.090329544117012,-5.03981108654066,-3.323089801205279,24
-5.7064444895255715,-2.9920460624571934,-4.103411756556505,-5.118931596091955,-4.334698551824357,-4.269792159988087,-4.741757164598032,-4.089632990512881,-5.094631758829525,-3.3231505628482565,25
-5.722990712473644,-2.976391270747699,-4.105811030167409,-5.122317998902164,-4.346828656267413,-4.303212022183898,-4.748879788845339,-4.0976275525134875,-5.13683646460897,-3.3280084136886394,26
-5.73428375147629,-2.9711055585448567,-4.119138556196693,-5.10790632660124,-4.365916508912733,-4.341170923883665,-4.763458791751841,-4.114313230118832,-5.166425203878995,-3.3376633537264278,27
-5.740323606533508,-2.976188925848667,-4.143394334644351,-5.075696579189184,-4.391962109760318,-4.383668865087385,-4.785494173317536,-4.139690023328914,-5.183397976639597,-3.352115382961621,28
-5.741110277645302,-2.9916413726591307,-4.178578365510388,-5.025688756665997,-4.424965458810168,-4.430705845795061,-4.814985933542426,-4.173757932143733,-5.187754782890781,-3.3713645013942197,29
-5.736643764811669,-3.0174628989762464,-4.2246906487948,-4.957882859031679,-4.464926556062282,-4.482281866006693,-4.851934072426509,-4.216516956563291,-5.179495622632542,-3.3954107090242234,30
-5.727819585670159,-3.0567902191693435,-4.292222164931101,-4.857571510341937,-4.5204404143676395,-4.546875409662782,-4.905710605758066,-4.27678224455137,-5.149794633381689,-3.423480596047959,31
-5.715135250019409,-3.111365952332494,-4.387001236382354,-4.716583946183274,-4.596282040865672,-4.6291967456191605,-4.981522208975029,-4.359451100532294,-5.09374855820311,-3.4551444903522754,32
-5.697993746101053,-3.1790989555528117,-4.502033876192882,-4.544725083851887,-4.686721426989061,-4.723593551248827,-5.073120871551878,-4.458646759196873,-5.0172413054189375,-3.490917998472954,33
-5.6757980621567254,-3.257898085917412,-4.630326097407012,-4.351799840643966,-4.78602856417049,-4.824413503924784,-5.174258582963095,-4.568492455235921,-4.926156783351301,-3.5313167269457777,34
-5.6479511864280605,-3.3456722005134054,-4.7648839130690694,-4.1476131338557085,-4.888473443842636,-4.9260042810200275,-5.278687332683158,-4.683111423340246,-4.82637890032233,-3.5768562823065273,35
-5.613856107156695,-3.4403301564279096,-4.89871333622338,-3.941969880783308,-4.988326057438181,-5.022713559907559,-5.380159110186551,-4.796626898200661,-4.723791564654156,-3.628052271090986,36
-5.572915812584262,-3.539780810748038,-5.024820379914267,-3.744674998722959,-5.0798563963898085,-5.108889017960378,-5.4724259049477535,-4.903162114507977,-4.624278684668908,-3.6854202998349352,37
-5.524533290952395,-3.6419330205609035,-5.136211057186058,-3.5655334049708562,-5.157334452130197,-5.1788783325514816,-5.549239706441245,-4.996840306953006,-4.533724168688717,-3.749475975074157,38
-5.468111530502731,-3.744695642953622,-5.225891381083078,-3.4143500168231937,-5.215030216092027,-5.227029181053871,-5.6043525041415085,-5.0717847102265585,-4.458011925035711,-3.8207349033444347,39
-5.403053519476901,-3.845977535013305,-5.286867364649652,-3.3009297515761666,-5.247213679707982,-5.247689240840545,-5.631516287523024,-5.1221185590194445,-4.403025862032024,-3.8997126911815476,40
-5.3216692645283175,-3.961908413572274,-5.3191371711070285,-3.222542616247144,-5.249123016699661,-5.23275909451053,-5.627211836005338,-5.14650251994843,-4.366281502778613,-3.992052786664107,41
-5.2203056704360655,-4.103617825076662,-5.329952803532159,-3.167503885686759,-5.224054999130359,-5.183600733639429,-5.595963445366518,-5.150286942195322,-4.34029675147899,-4.100355735650528,42
-5.104421072630299,-4.261514371034304,-5.323201034752918,-3.132186378941102,-5.178367515945295,-5.10875394906512,-5.543588379618819,-5.13762958429849,-4.3234590881091055,-4.220572791346305,43
-4.979473806541173,-4.426006652953033,-5.30276863759718,-3.1129629150562637,-5.118418456089694,-5.016758531625474,-5.475903902774499,-5.112688204796311,-4.314155992644919,-4.348655206956928,44
-4.850922207598836,-4.587503272340685,-5.2725423848928195,-3.1062063130783315,-5.050565708508773,-4.916154272158361,-5.398727278845812,-5.079620562227154,-4.31077494506238,-4.480554235687892,45
-4.724224611233441,-4.7364128307050954,-5.236409049467713,-3.108289392053398,-4.981167162147758,-4.815480961501656,-5.317875771845017,-5.0425844151293955,-4.311703425337446,-4.61222113074469,46
-4.604839352875141,-4.863143929554099,-5.198255404149734,-3.1155849710275505,-4.916580705951866,-4.7232783904932285,-5.239166645784367,-5.005737522041405,-4.315328913446068,-4.7396071453328155,47
-4.498224767954087,-4.95810517039553,-5.161968221766759,-3.1244658690468796,-4.863164228866319,-4.648086349970954,-5.1684171646761206,-4.973237641501557,-4.320038889364205,-4.8586635326577605,48
-4.409839191900435,-5.011705154737223,-5.131434275146661,-3.131304905157476,-4.827275619836341,-4.598444630772702,-5.111444592532535,-4.949242532048225,-4.324220833067808,-4.9653415459250185,49
-4.3451409601443345,-5.014352484087014,-5.1105403371173175,-3.132474898405429,-4.81527276780715,-4.582893023736348,-5.074066193365864,-4.937909952219782,-4.326262224532831,-5.055592438340081,50
-4.307560870620857,-4.94720132989514,-5.096813735057106,-3.1327585956901607,-4.8339045761075194,-4.609426117238461,-5.05894487069836,-4.941912890431953,-4.3303659434618424,-5.136572029615522,51
-4.293344426181176,-4.809728422885089,-5.084850034576959,-3.1385745996117014,-4.880327069162095,-4.673629269878601,-5.061527297140785,-4.95842459065368,-4.340539166010833,-5.2164544755266995,52
-4.29717201962961,-4.619826203474574,-5.0741383658535835,-3.148749512767054,-4.946508817559905,-4.765428427829127,-5.07680639033816,-4.983353194753162,-4.354875816835895,-5.292718533373295,53
-4.313724043770468,-4.395387112081306,-5.064167859063685,-3.16210993775322,-5.024418391889978,-4.874749537262393,-5.099775067935515,-5.012606844598597,-4.371469820593122,-5.362842960454985,54
-4.3376808914080645,-4.154303589122995,-5.054427644383968,-3.1774824771672003,-5.106024362741341,-4.991518544350758,-5.1254262475778685,-5.042093682058181,-4.388415101938603,-5.42430651407145,55
-4.363722955346714,-3.9144680750173513,-5.04440685199114,-3.1936937336059983,-5.183295300703024,-5.10566139526658,-5.148752846910246,-5.067721849000114,-4.403805585528432,-5.474587951522369,56
-4.386530628390728,-3.6937730101820834,-5.033594612061905,-3.2095703096666153,-5.248199776364055,-5.207104036182216,-5.164747783577672,-5.085399487292593,-4.415735196018702,-5.511166030107422,57
-4.400784303344421,-3.5101108350349044,-5.021480054772969,-3.223938807946053,-5.292706360313463,-5.285772413270021,-5.16840397522517,-5.091034738803814,-4.4222978580655035,-5.531519507126286,58
-4.401164373012106,-3.3813739899935267,-5.00755231030104,-3.2356258310413133,-5.308783623140278,-5.331592472702353,-5.1547143394977635,-5.080535745401977,-4.42158749632493,-5.53312713987864,59
-4.382351230198096,-3.3254549154756585,-4.991300508822823,-3.243457981549399,-5.288400135433525,-5.334490160651571,-5.118671794040478,-5.049810648955279,-4.411698035453073,-5.513467685664166,60
-4.343151332302425,-3.349236392309312,-4.971525214402151,-3.2477150852731884,-5.225080503930636,-5.28943064403696,-5.055137177686683,-4.993470446533146,-4.39027830904705,-5.463261447886745,61
-4.288418229787307,-3.4379870642250143,-4.948089864669013,-3.24976945755813,-5.123556177689708,-5.204063960301605,-4.966447930748967,-4.912764656051571,-4.357998784276719,-5.379967661608129,62
-4.221902955050322,-3.577178165994254,-4.922077900149353,-3.2500864353150836,-4.992605990780774,-5.087343361403563,-4.858811873091184,-4.81355920064861,-4.317485836157286,-5.271173481614797,63
-4.147356540489051,-3.7522809323885173,-4.89457276136911,-3.249131355454904,-4.841008777273862,-4.948222099300885,-4.738436824577178,-4.701720003462308,-4.271365839703951,-5.144466062693223,64
-4.068530018501073,-3.9487665981792883,-4.866657888854227,-3.2473695548884502,-4.677543371239005,-4.79565342595163,-4.611530605070805,-4.583112987630717,-4.222265169931923,-5.007432559629886,65
-3.9891744214839724,-4.1521063981380575,-4.8394167231306415,-3.24526637052658,-4.510988606746234,-4.638590593313851,-4.484301034435912,-4.463604076291886,-4.172810201856401,-4.867660127211264,66
-3.9130407818353286,-4.3477715670363075,-4.813932704724298,-3.2432871392801506,-4.350123317865581,-4.4859868533456035,-4.362955932536352,-4.349059192583868,-4.125627310492591,-4.732735920223836,67
-3.843880131952722,-4.521233339645526,-4.791289274161136,-3.2418971980600184,-4.203726338667074,-4.346795458004941,-4.253703119235971,-4.245344259644711,-4.083342870855698,-4.610247093454077,68
-3.785443504233735,-4.6579629507372,-4.7725698719670975,-3.2415618837770426,-4.0805765032207475,-4.22996965924992,-4.162750414398624,-4.158325200612468,-4.048583257960924,-4.507780801688468,69
-3.7414819310759473,-4.743431635082816,-4.758857938668123,-3.2427465333420806,-3.989452645596633,-4.144462709038595,-4.096305637888158,-4.093867938625187,-4.023974846823475,-4.432924199713483,70
-3.7114012711937834,-4.779807439294313,-4.751123000053642,-3.245381804002097,-3.927723917911912,-4.086815726995042,-4.054174745947061,-4.050943354492357,-4.009139972445084,-4.383546929826189,71
-3.69098148657184,-4.78336170135604,-4.748780113609402,-3.2489466003941465,-3.884824761936842,-4.045822259027988,-4.029812197369758,-4.022896535779794,-4.00114517277391,-4.350597299450087,72
-3.678534764512955,-4.760720593098101,-4.750581017405814,-3.25322863051422,-3.8576319462210598,-4.018814196522461,-4.019898565848007,-4.007154715760029,-3.9987831272447956,-4.331280461061315,73
-3.672373292319969,-4.718510286350603,-4.75527744951329,-3.2580156023583093,-3.843022239314204,-4.003123430863495,-4.021114425073569,-4.001145127705598,-4.000846515292583,-4.322801567136011,74
-3.6708092572957187,-4.663356952943647,-4.7616211480022415,-3.2630952239224054,-3.837872409765909,-3.9960818534361136,-4.030140348738201,-4.002295004889035,-4.00612801635211,-4.322365770150307,75
-3.6721548467430445,-4.601886764707337,-4.768363850943082,-3.2682552032024987,-3.839059226125816,-3.9950213556253504,-4.043656910533663,-4.008031580582875,-4.0134203098582235,-4.327178222580342,76
-3.6747222479647847,-4.540725893471778,-4.7742572964062235,-3.2732832481945806,-3.8434594569435605,-3.9972738288162333,-4.058344684151714,-4.015782088059652,-4.021516075245762,-4.334444076902251,77
-3.676823648263777,-4.486500511067073,-4.778053222462078,-3.277967066894643,-3.84794987076878,-4.000171164393792,-4.0708842432841115,-4.0229737605919,-4.029207991949567,-4.34136848559217,78
-3.676771234942863,-4.445836789323327,-4.778503367181059,-3.282094367298676,-3.8494072361511136,-4.001045253743056,-4.077956161622617,-4.0270338314521545,-4.03528873940448,-4.345156601126236,79
-3.6728771953048787,-4.425360900070642,-4.774359468633577,-3.285452857402672,-3.844708321640197,-3.997227988249056,-4.076241012858988,-4.025389533912949,-4.038550997045345,-4.343013575980585,80
-3.666614086082234,-4.423606523052627,-4.765957370824109,-3.2880916995641716,-3.837475736730332,-3.991652281030067,-4.067615001620031,-4.02052777455155,-4.040280778740568,-4.337449081313812,81
-3.660550318627028,-4.43288745030303,-4.754778147608049,-3.290258360874855,-3.8329609489409497,-3.988714455715472,-4.056562831832888,-4.016498222517146,-4.042444572780911,-4.33275573927581,82
-3.6546418621716312,-4.4505000220871676,-4.741291381832184,-3.292038006431922,-3.8304840138593845,-3.987941519456959,-4.043677826139822,-4.013072254940148,-4.044855770234746,-4.328813128829663,83
-3.648844685948418,-4.473740578670353,-4.7259666563432985,-3.293515801332573,-3.829364987072972,-3.988860479406216,-4.029553307183098,-4.010021248950975,-4.047327762170443,-4.325500828938454,84
-3.6431147591897597,-4.4999054603178985,-4.70927355398818,-3.2947769106740066,-3.828923924169044,-3.9909983427149314,-4.0147825976049765,-4.007116581680036,-4.049673939656376,-4.322698418565264,85
-3.637408051128029,-4.526291007295125,-4.691681657613614,-3.2959064995534217,-3.828480880734937,-3.9938821165347926,-3.9999590200477217,-4.004129630257748,-4.051707693760913,-4.3202854766731775,86
-3.6316805309955993,-4.550193559867344,-4.673660550066388,-3.2969897330680187,-3.8273559123579832,-3.997038808017489,-3.985675897153597,-4.000831771814525,-4.053242415552427,-4.318141582225277,87
-3.6258881680248423,-4.5689094582998715,-4.655679814193288,-3.298111776314997,-3.824869074625519,-3.9999954243147076,-3.9725265515648642,-3.9969943834807817,-4.05409149609929,-4.316146314184645,88
-3.619986931448131,-4.579735042858024,-4.638209032841099,-3.299357794391556,-3.820340423124878,-4.002278972578138,-3.961104305923787,-3.9923888423869323,-4.054068326469872,-4.314179251514367,89
-3.613932790497838,-4.579966653807114,-4.6217177888566106,-3.300812952394895,-3.813090013443394,-4.003416459959466,-3.952002482872628,-3.98678652566339,-4.052986297732544,-4.312119973177523,90
-3.607360336820506,-4.569424288507766,-4.604530807781765,-3.302214156920622,-3.8021226729700026,-4.004113881615378,-3.9444268742982342,-3.979064652564169,-4.040561512116902,-4.308899596124239,91
-3.6001122273121258,-4.550811740774073,-4.585230406780235,-3.3033269256062385,-3.7875906555709524,-4.005253968179319,-3.9373209559161366,-3.9688365463914392,-4.011274213457372,-4.30404917751324,92
-3.592456529079238,-4.525751045551554,-4.564672556131399,-3.304279340111782,-3.7705351565495433,-4.006628830018117,-3.930884576111625,-3.95697774034785,-3.9720840052295734,-4.298348206620507,93
-3.5846613092283857,-4.495864237785734,-4.543713226114637,-3.305199482097296,-3.751997371209079,-4.0080305774986,-3.925317583269988,-3.9443637676360526,-3.929950490909127,-4.292576172722023,94
-3.57699463486611,-4.46277335242213,-4.523208387009321,-3.3062154332228157,-3.733018494852858,-4.009251320987593,-3.9208198257765154,-3.9318701614586957,-3.8918332739716504,-4.287512565093767,95
-3.5697245730989526,-4.428100424406264,-4.504014009094831,-3.3074552751483832,-3.7146397227841845,-4.010083170851925,-3.9175911520164974,-3.920372455018431,-3.8646919578927643,-4.283936873011721,96
-3.5631191910334565,-4.393467488683659,-4.486986062650544,-3.3090470895340367,-3.6979022503063588,-4.010318237458424,-3.915831410375222,-3.9107461815179074,-3.855486146148088,-4.282628585751867,97
-3.5574465557761625,-4.360496580199832,-4.47298051795584,-3.3111189580398164,-3.6838472727226823,-4.0097486311739194,-3.9157404492379806,-3.9038668741597764,-3.871175442213242,-4.284367192590188,98
-3.552974734433613,-4.330809733900306,-4.462853345290093,-3.313798962325762,-3.6735159853364565,-4.008166462365235,-3.9175181169900606,-3.9006100661466876,-3.918719449563844,-4.289932182802663,99
-3.5499717941123485,-4.306028984730602,-4.4574605149326825,-3.317215184051912,-3.667949583450983,-4.0053638413992,-3.921364262016752,-3.9018512906812903,-4.005077771675515,-4.300103045665274,100
-3.549091461478272,-4.286725829019847,-4.461908196210085,-3.3209762218669447,-3.6675282762152417,-4.000664275717378,-3.928919839491246,-3.9086156250494595,-4.153229484278417,-4.317072731094534,101
-3.550418922494544,-4.2715356544147935,-4.478145476976919,-3.324731805150455,-3.6713835328419084,-3.9939075253698526,-3.94088924099909,-3.9205645962739326,-4.368723373988672,-4.341251185350449,102
-3.553369433213594,-4.2591763328374,-4.502292705304761,-3.3286717116588562,-3.678683438729829,-3.9856600796362334,-3.956067469544105,-3.936528412162654,-4.632373610610816,-4.370743392224244,103
-3.5573582496878564,-4.248365736209629,-4.530470229265201,-3.3329857191485663,-3.688596079277849,-3.9764884277961308,-3.973249528130116,-3.9553372805235685,-4.924994363949402,-4.403654335507145,104
-3.5618006279697614,-4.2378217364534345,-4.558798396929816,-3.3378636053759987,-3.700289539884817,-3.966959059129151,-3.991230419760946,-3.975821409164622,-5.227399803808974,-4.438088998990374,105
-3.566111824111741,-4.22626220549078,-4.58339755637019,-3.3434951480975688,-3.7129319059495764,-3.957638462914906,-4.008805147440417,-3.9968110058937585,-5.520404099994081,-4.472152366465157,106
-3.569707094166227,-4.212405015243621,-4.6003880556579055,-3.350070125069692,-3.7256912628709746,-3.9490931284330038,-4.024768714172352,-4.017136278518922,-5.784821422309271,-4.5039494217227185,107
-3.5720016941856496,-4.194968037633919,-4.605890242864547,-3.3577783140487827,-3.7377356960478574,-3.9418895449630535,-4.037916122960574,-4.0356274348480605,-6.001465940559083,-4.531585148554283,108
-3.5724108802224426,-4.172669144583633,-4.596024466061695,-3.366809492791257,-3.7482332908790714,-3.936594201784665,-4.047042376808909,-4.051114682689116,-6.151151824548068,-4.553164530751075,109
-3.5703499083290353,-4.144226208014722,-4.566911073320932,-3.3773534390535294,-3.756352132763462,-3.9337735881774467,-4.050942478721176,-4.062428229850034,-6.214693244080772,-4.566792552104319,110
-3.5639659720578742,-4.110997814828199,-4.510669959437776,-3.3893148693543687,-3.760921552373013,-3.9303975090762244,-4.038984824611282,-4.067613165157739,-6.178098648488298,-4.568994030360609,111
-3.5528361356244615,-4.07506834982778,-4.426946630928096,-3.4024440418642166,-3.762153904111874,-3.9241950524140847,-4.0065125942792825,-4.066796544678209,-6.053491370564687,-4.559803510706784,112
-3.538520461075817,-4.03624438178948,-4.323149853444002,-3.4166990468169947,-3.7612918089771417,-3.9168716319680272,-3.9612829665582296,-4.06193152707797,-5.860857905308905,-4.542590568094433,113
-3.5225790104589603,-3.994332479489314,-4.206688392637602,-3.4320379744466294,-3.7595778879659134,-3.9101326615150525,-3.911053120281174,-4.054971271023549,-5.620184747719915,-4.520724777475149,114
-3.50657184582091,-3.9491392117032924,-4.084971014161004,-3.448418914987041,-3.758254762075285,-3.9056835548321596,-3.8635802342811645,-4.047868935181467,-5.351458392796678,-4.497575713800518,115
-3.492059029208685,-3.90047114720743,-3.965406483666317,-3.4657999586721564,-3.7585650523023553,-3.9052297256963495,-3.826621487391252,-4.042577678218254,-5.07466533553815,-4.476512952022132,116
-3.480600622669305,-3.8481348547777405,-3.855403566805653,-3.4841391957358976,-3.7617513796442186,-3.910476587884622,-3.8079340584444887,-4.041050658800432,-4.809792070943303,-4.460906067091581,117
-3.47375668824979,-3.7919369031902375,-3.7623710292311188,-3.503394716412188,-3.7690563650979736,-3.923129555173976,-3.815275126273923,-4.04524103559453,-4.576825094011094,-4.454124633960455,118
-3.4730872879971573,-3.7316838612209344,-3.693717636594823,-3.523524610934951,-3.7817226296607163,-3.944894041341413,-3.856401869712607,-4.05710196726707,-4.395750899740487,-4.459538227580346,119
-3.4801524839584275,-3.667182297645845,-3.656852154548875,-3.544486969538111,-3.800992794329544,-3.977475460163932,-3.9390714675935903,-4.078586612484581,-4.286555983130443,-4.480516422902841,120
-3.4978977464638747,-3.5890048367192913,-3.657872837735409,-3.567640719812603,-3.8260699088629413,-4.028620513213043,-4.0790405650415815,-4.111511131810073,-4.243550828848156,-4.519980724483611,121
-3.526341605796372,-3.4921146428148515,-3.6924844410200905,-3.5937842835108014,-3.8552225791297445,-4.100864346333805,-4.277018372039731,-4.154859005457713,-4.242847859487593,-4.576059816385262,122
-3.5626537139318364,-3.382904094887409,-3.7525054803903246,-3.6220349921087927,-3.8882917602925753,-4.188095039713545,-4.518190914708761,-4.206334371570753,-4.277136476937865,-4.644934042819802,123
-3.604003722846186,-3.2677655718918537,-3.829754471833518,-3.6515101770826646,-3.925118407514058,-4.284200673539592,-4.787744219169401,-4.263641368292453,-4.339106083088084,-4.722783747999236,124
-3.6475612845153385,-3.1530914527830713,-3.916049931337074,-3.681327169908502,-3.9655434759568142,-4.383069327999272,-5.070864311542369,-4.324484133766067,-4.421446079827361,-4.8057892761355685,125
-3.6904960509152116,-3.045274116515948,-4.003210374888401,-3.710603302062392,-4.0094079207834685,-4.478589083279917,-5.352737217948398,-4.38656680613485,-4.516845869044813,-4.890130971440806,126
-3.7299776740217223,-2.950705942045374,-4.083054318474901,-3.73845590502042,-4.056552697156642,-4.564648019568849,-5.618548964508199,-4.4475935235420545,-4.617994852629547,-4.971989178126952,127
-3.7631758058107883,-2.8757793083262344,-4.147400278083983,-3.7640023102586717,-4.106818760238958,-4.635134217053398,-5.853485577342504,-4.50526842413094,-4.717582432470678,-5.047544240406013,128
-3.7872600982583275,-2.8268865943134167,-4.188066769703048,-3.786359849253235,-4.160047065193039,-4.68393575592089,-6.042733082572034,-4.55729564604476,-4.808298010457316,-5.112976502489991,129
-3.799400203340257,-2.810420178961809,-4.196872309319506,-3.804645853480195,-4.216078567181508,-4.704940716358656,-6.171477506317513,-4.601379327426771,-4.882830988478577,-5.164466308590896,130
-3.798010915326055,-2.835798685053382,-4.171007330703839,-3.818787564501564,-4.282976191368715,-4.692506906287418,-6.243055681590238,-4.633593433813132,-4.954510091063489,-5.2058020833766045,131
-3.7851467400941115,-2.9016255470693486,-4.117395465667527,-3.8296599209136315,-4.365384276010648,-4.649838061765168,-6.274684044086101,-4.654137728723522,-5.038321526176506,-5.243049631739043,132
-3.763436897033707,-2.9980703615134545,-4.042455027259465,-3.837801799743895,-4.458015895907397,-4.584091155185127,-6.272368023952724,-4.666905047276465,-5.129440920859877,-5.275805368226291,133
-3.735510605534125,-3.1153027248894505,-3.9526043285285506,-3.843752078019855,-4.555584125859052,-4.502423158940521,-6.2421130513377365,-4.6757882245904945,-5.22304390215586,-5.3036657073864255,134
-3.7039970849846475,-3.243492233701085,-3.8542616825236777,-3.84804963276901,-4.6528020406657,-4.41199104542457,-6.189924556388758,-4.684680095784138,-5.3143060971067,-5.326227063767525,135
-3.671525554774556,-3.3728084844521073,-3.7538454022937424,-3.85123334101886,-4.7443827151274345,-4.319951787030497,-6.12180796925341,-4.697473495975923,-5.3984031327546544,-5.3430858519176665,136
-3.6407252342931344,-3.4934210736462625,-3.6577738008876426,-3.8538420797969035,-4.825039224044339,-4.23346235615153,-6.043768720079323,-4.7180612602843786,-5.470510636141973,-5.353838486384928,137
-3.614225342929664,-3.595499597787301,-3.572465191354274,-3.85641472613064,-4.889484642216505,-4.159679725180888,-5.961812239014115,-4.750336223828034,-5.525804234310905,-5.3580813817173905,138
-3.5946551000734273,-3.6692136533789714,-3.5043378867425323,-3.859490157047569,-4.932432044444023,-4.105760866511796,-5.881943956205411,-4.7981912217254195,-5.559459554303707,-5.355410952463127,139
-3.5846437251137067,-3.7047328369250216,-3.4598102001013125,-3.863607249575189,-4.94859450552698,-4.078862752537476,-5.810169301800836,-4.865519089095061,-5.566652223162627,-5.345423613170219,140
-3.5845019570235803,-3.6914267290700153,-3.4388737703558494,-3.8684187345205663,-4.9325395663604565,-4.079326951572545,-5.7371313584072015,-4.966618652746904,-5.540544788146428,-5.321610577063003,141
-3.591675830680689,-3.633584033797786,-3.434867924117604,-3.8731728491183697,-4.886731931352738,-4.099921178346969,-5.651403985097428,-5.105396691156144,-5.482341717836531,-5.2807743845495905,142
-3.6044975093311553,-3.543753032620985,-3.44423250596481,-3.8778017300374965,-4.817730420573721,-4.136441624876987,-5.555888776718292,-5.27015796693919,-5.399281521259175,-5.227478440953707,143
-3.6212991562211045,-3.434482007052269,-3.463407360475703,-3.8822375139468517,-4.732093854093305,-4.184684483178844,-5.4534873281165694,-5.449207242712458,-5.298602707440605,-5.166286151599089,144
-3.640412934596661,-3.318319238604288,-3.488832332228518,-3.886412337515333,-4.636381051981385,-4.24044594526878,-5.347101234139037,-5.630849281092356,-5.187543785407061,-5.101760921809463,145
-3.660171007703948,-3.207813008789695,-3.51694726580149,-3.8902583374118427,-4.537150834307858,-4.299522203163039,-5.2396320896324715,-5.8033888446952995,-5.073343264184783,-5.038466156908559,146
-3.6789055387890905,-3.1155115991211457,-3.5441920057728535,-3.893707650305282,-4.440962021142625,-4.357709448877861,-5.133981489443652,-5.955130696137693,-4.963239652800018,-4.980965262220111,147
-3.694948691098212,-3.053963291111291,-3.5670063967208425,-3.8966924128645517,-4.354373432555582,-4.4108038744294875,-5.0330510284193535,-6.074379598035953,-4.864471460279005,-4.933821643067848,148
-3.7066326278774375,-3.0357163662727857,-3.581830283223694,-3.8991447617585524,-4.283943888616627,-4.454601671834163,-4.939742301406353,-6.149440313006488,-4.784277195647985,-4.9015987047755,149
-3.712289512372891,-3.073319106118281,-3.5851035098596418,-3.900996833656185,-4.236232209395656,-4.484899033108128,-4.856956903251428,-6.168617603665712,-4.729895367933202,-4.888859852666798,150
-3.7118487713558186,-3.1828927433708176,-3.5774127530209237,-3.9016355786851236,-4.208178375326406,-4.495819343061473,-4.781525685077822,-6.1189935565270455,-4.6970259781460495,-4.898197190809797,151
-3.7070008059624144,-3.360380485752291,-3.5627759570665405,-3.9007907903707717,-4.191280636206986,-4.488457320053329,-4.708678947298093,-6.005519947310558,-4.675773536006386,-4.926318356684366,152
-3.6987192409862217,-3.5880635772736467,-3.542779868524869,-3.8989088704786226,-4.1839352161538494,-4.469066156423502,-4.638917458692975,-5.843306072442625,-4.6649833136031464,-4.968960055731946,153
-3.6879777012207873,-3.8482232619458325,-3.5190112339242874,-3.896436220774172,-4.184538339283453,-4.4438990445118005,-4.572741988043208,-5.647461228349631,-4.663500583025267,-5.0218589933939874,154
-3.6757498114596525,-4.1231407837797915,-3.493056799793171,-3.893819243022914,-4.1914862297122495,-4.419209176658027,-4.510653304129528,-5.433094711457948,-4.670170616361682,-5.0807518751119325,155
-3.663009196496364,-4.395097386786476,-3.4665033126598988,-3.8915043389903436,-4.203175111556694,-4.401249745201988,-4.453152175732672,-5.215315818193956,-4.683838685701328,-5.14137540632723,156
-3.6507294811244653,-4.646374314976821,-3.440937519052848,-3.8899379104419554,-4.218001208933242,-4.396273942483489,-4.40073937163338,-5.009233844984038,-4.703350063133141,-5.199466292481324,157
-3.639884290137501,-4.859252812361778,-3.4179461655003958,-3.889566359143244,-4.234360745958349,-4.410534960842337,-4.353915660612387,-4.829958088254572,-4.727550020746053,-5.25076123901566,158
-3.631447248329016,-5.016014122952291,-3.399115998530919,-3.890836086859704,-4.250649946748466,-4.450285992618337,-4.313181811450432,-4.692597844431933,-4.7552838306290015,-5.290996951371686,159
-3.6263919804925537,-5.098939490759307,-3.3860337646727956,-3.89419349535683,-4.265265035420052,-4.521780230151296,-4.279038592928254,-4.6122624099425025,-4.785396764870923,-5.3159101349908475,160
-3.6242164286480953,-5.106156632670266,-3.3781289956071943,-3.8999003684165197,-4.2807865378279075,-4.6440501857936685,-4.252491075305552,-4.589539775004383,-4.825225535589108,-5.325439325027216,161
-3.6236319867245474,-5.055000397611285,-3.373439249572003,-3.9076392063089447,-4.300311254437269,-4.821184685462948,-4.23357831517621,-4.60908770085213,-4.880043589571304,-5.323971568701186,162
-3.6244324573788416,-4.956562727651325,-3.3714633129306772,-3.916987485532009,-4.323009821280232,-5.037021391846484,-4.221352060822243,-4.662120140436794,-4.945601300912128,-5.313916339553683,163
-3.626411643267912,-4.821935564859345,-3.371699972046673,-3.927522682583617,-4.348052874388903,-5.275397967631643,-4.2148640605256595,-4.73985104670943,-5.017649043706203,-5.297683111125632,164
-3.6293633470486903,-4.662210851304293,-3.3736480132834448,-3.938822273961673,-4.374611049795381,-5.520152075505795,-4.213166062568471,-4.833494372621095,-5.091937192048148,-5.27768135695796,165
-3.63308137137811,-4.488480529055133,-3.3768062230044484,-3.9504637361640818,-4.401854983531766,-5.755121378156291,-4.215309815232688,-4.934264071122841,-5.16421612003258,-5.256320550591592,166
-3.6373595189131036,-4.311836540180824,-3.3806733875731387,-3.962024545688746,-4.428955311630162,-5.964143538270492,-4.220347066800324,-5.033374095165719,-5.230236201754121,-5.2360101655674525,167
-3.6419915923106037,-4.1433708267503295,-3.3847482933529722,-3.9730821790335726,-4.455082670122665,-6.1310562185357504,-4.227329565553387,-5.122038397700782,-5.285747811307385,-5.21915967542647,168
-3.646771394227543,-3.9941753308326002,-3.3885297267074037,-3.9832141126964635,-4.479407695041379,-6.239697081639436,-4.235309059773892,-5.191470931679087,-5.326501322786994,-5.208178553709568,169
-3.6514927273208544,-3.8753419944965906,-3.3915164739998893,-3.991997823175324,-4.501101022418405,-6.273903790268911,-4.2433372977438495,-5.2328856500516885,-5.348247110287571,-5.205476273957673,170
-3.656327422709761,-3.77762753268484,-3.3941262132608823,-3.999785413388571,-4.5208537888936595,-6.247144958851369,-4.252204489228248,-5.2536042586927065,-5.354526528730262,-5.209044941553346,171
-3.6615847764088625,-3.684394032293912,-3.3971107649451993,-4.007210668589351,-4.539910040418989,-6.183664093355771,-4.263333011804074,-5.26680582817556,-5.35171401697314,-5.2152703461852,172
-3.66726478841816,-3.595641493323809,-3.4004701290528407,-4.014273588777661,-4.558269776994394,-6.083461193782121,-4.276722865471323,-5.2724903585002485,-5.339809575016206,-5.224152487853233,173
-3.6733674587376535,-3.5113699157745284,-3.404204305583807,-4.0209741739535,-4.5759329986198765,-5.946536260130417,-4.292374050229999,-5.270657849666776,-5.318813202859457,-5.235691366557445,174
-3.6798927873673426,-3.431579299646067,-3.408313294538097,-4.027312424116869,-4.5928997052954355,-5.772889292400654,-4.3102865660801015,-5.261308301675139,-5.288724900502896,-5.249886982297837,175
-3.6868407743072273,-3.356269644938428,-3.412797095915712,-4.033288339267764,-4.6091698970210695,-5.562520290592834,-4.330460413021628,-5.244441714525337,-5.2495446679465205,-5.26673933507441,176
-3.6942114195573077,-3.285440951651611,-3.4176557097166507,-4.038901919406183,-4.62474357379678,-5.315429254706958,-4.35289559105458,-5.22005808821737,-5.20127250519033,-5.286248424887163,177
-3.702004723117584,-3.21909321978562,-3.4228891359409133,-4.044153164532125,-4.639620735622566,-5.0316161847430365,-4.377592100178957,-5.1881574227512415,-5.14390841223433,-5.308414251736096,178
-3.7102206849880557,-3.1572264493404507,-3.4284973745885,-4.049042074645589,-4.653801382498429,-4.711081080701062,-4.404549940394759,-5.14873971812695,-5.077452389078516,-5.33323681562121,179
-3.7188593051687238,-3.099840640316102,-3.4344804256594115,-4.053568649746574,-4.667285514424368,-4.353823942581021,-4.433769111701987,-5.101804974344492,-5.001904435722886,-5.3607161165425055,180
