ID,1,2,3,4,6,8,mean,points
1519,2.261945503851754e-7,3.07857892796685e-5,1.0255331080031988e-6,0,0,3.9834987547582895e-7,8.108966703383176e-6,4
1556,0,3.07857892796685e-5,2.0510662160063976e-6,2.0907996660574772e-7,0,1.9917493773791448e-7,8.311277600004641e-6,4
1840,0,3.5583574621954506e-5,1.845959594405758e-6,2.0907996660574772e-7,0,1.9917493773791448e-7,9.459447280175981e-6,4
1868,4.523891007703508e-7,3.5983390067145004e-5,1.640852972805118e-6,2.0907996660574772e-7,0,0,9.571428026831555e-6,4
1907,8.82158746502184e-6,2.9586342944097004e-5,1.2306397296038387e-6,0,0,1.9917493773791448e-7,9.959436269115149e-6,4
2097,2.261945503851754e-7,3.7582651847907005e-5,2.8714927024089568e-6,2.0907996660574772e-7,0,0,1.0222354766826721e-5,4
2134,0,3.838228273828801e-5,2.4612794592076774e-6,2.0907996660574772e-7,0,1.9917493773791448e-7,1.0312954275459838e-5,4
2189,0,3.938182135126426e-5,2.0510662160063976e-6,2.0907996660574772e-7,0,1.9917493773791448e-7,1.046028561790358e-5,4
2420,4.523891007703508e-7,4.1180990854621506e-5,2.2561728376070373e-6,2.0907996660574772e-7,0,0,1.102465818990116e-5,4
2439,0,4.038135996424051e-5,3.0765993240095965e-6,6.272398998172432e-7,0,1.9917493773791448e-7,1.1071093531451316e-5,4
3023,1.8095564030814032e-6,4.397969897095501e-5,2.0510662160063976e-6,2.0907996660574772e-7,0,0,1.2012350389162139e-5,4
3149,0,4.4779329861336006e-5,3.4868125672108762e-6,2.0907996660574772e-7,0,1.9917493773791448e-7,1.2168599333222636e-5,4
3292,0,4.5778868474312256e-5,3.281705945610236e-6,2.0907996660574772e-7,2.1877735400604307e-7,0,1.2372107935133571e-5,4
3666,0,4.917729975843151e-5,1.640852972805118e-6,2.0907996660574772e-7,2.1877735400604307e-7,0,1.2811502512962104e-5,4
4040,4.523891007703508e-7,4.8377668868050506e-5,3.897025810412156e-6,2.0907996660574772e-7,0,0,1.323404093645969e-5,4
4461,0,5.097646926178876e-5,3.281705945610236e-6,2.0907996660574772e-7,2.1877735400604307e-7,0,1.3671508132002697e-5,4
4633,2.261945503851754e-7,5.197600787476501e-5,2.666386080808317e-6,2.0907996660574772e-7,0,0,1.3769417118141061e-5,4
5018,2.261945503851754e-7,5.257573104255076e-5,3.4868125672108762e-6,2.0907996660574772e-7,0,0,1.412445453168814e-5,4
5187,0,5.337536193293176e-5,3.281705945610236e-6,2.0907996660574772e-7,0,1.9917493773791448e-7,1.4266330695721416e-5,4
5431,2.261945503851754e-7,5.4974623713693756e-5,2.4612794592076774e-6,2.0907996660574772e-7,0,0,1.446779442247309e-5,4
5458,2.261945503851754e-7,5.437490054590801e-5,3.281705945610236e-6,2.0907996660574772e-7,0,0,1.4522970252127293e-5,4
5605,0,5.437490054590801e-5,3.691919188811516e-6,2.0907996660574772e-7,0,1.9917493773791448e-7,1.4618768659765798e-5,4
5631,0,5.437490054590801e-5,3.897025810412156e-6,2.0907996660574772e-7,0,1.9917493773791448e-7,1.4670045315165957e-5,4
5999,0,5.4974623713693756e-5,4.512345675214075e-6,2.0907996660574772e-7,0,1.9917493773791448e-7,1.4973806073312874e-5,4
6396,2.261945503851754e-7,5.697370093964626e-5,3.897025810412156e-6,2.0907996660574772e-7,0,0,1.5326500316762336e-5,4
6421,2.261945503851754e-7,5.737351638483676e-5,3.4868125672108762e-6,2.0907996660574772e-7,0,0,1.532390086725964e-5,4
6430,0,5.617407004926526e-5,4.512345675214075e-6,4.1815993321149545e-7,0,1.9917493773791448e-7,1.5325937648857185e-5,4
6475,0,5.797323955262251e-5,3.0765993240095965e-6,2.0907996660574772e-7,0,1.9917493773791448e-7,1.5364523445243944e-5,4
6888,2.261945503851754e-7,5.8572962720408256e-5,3.897025810412156e-6,2.0907996660574772e-7,0,0,1.5726315761952835e-5,4
7066,2.261945503851754e-7,5.997231677857501e-5,3.281705945610236e-6,2.0907996660574772e-7,0,0,1.592232431029404e-5,4
7162,2.261945503851754e-7,5.997231677857501e-5,3.691919188811516e-6,2.0907996660574772e-7,0,0,1.6024877621094363e-5,4
7254,2.261945503851754e-7,6.017222450117026e-5,3.691919188811516e-6,2.0907996660574772e-7,0,0,1.6074854551743176e-5,4
7550,0,6.057203994636076e-5,4.512345675214075e-6,2.0907996660574772e-7,0,1.9917493773791448e-7,1.6373160131479624e-5,4
7659,0,6.197139400452751e-5,3.4868125672108762e-6,2.0907996660574772e-7,0,1.9917493773791448e-7,1.6466615369020512e-5,4
7773,0,6.217130172712276e-5,3.691919188811516e-6,2.0907996660574772e-7,0,3.9834987547582895e-7,1.6617662689503963e-5,4
7912,0,6.277102489490851e-5,3.691919188811516e-6,2.0907996660574772e-7,0,1.9917493773791448e-7,1.6717799747015922e-5,4
8018,0,6.317084034009901e-5,3.691919188811516e-6,2.0907996660574772e-7,0,1.9917493773791448e-7,1.6817753608313548e-05,4
8100,0,6.277102489490851e-5,4.512345675214075e-6,2.0907996660574772e-7,0,1.9917493773791448e-7,1.692290636861656e-5,4
8141,0,6.277102489490851e-5,4.717452296814714e-6,2.0907996660574772e-7,0,1.9917493773791448e-7,1.6974183024016722e-5,4
8502,0,6.437028667567052e-5,4.512345675214075e-6,2.0907996660574772e-7,0,3.9834987547582895e-7,1.737251554824154e-5,4
8824,2.261945503851754e-7,6.596954845643251e-5,4.717452296814714e-6,2.0907996660574772e-7,0,0,1.7780568817559538e-5,4
8826,0,6.756881023719452e-5,3.0765993240095965e-6,2.0907996660574772e-7,0,1.9917493773791448e-7,1.7763416116386945e-5,4
8850,0,6.497000984345626e-5,5.7429854048179135e-6,2.0907996660574772e-7,0,1.9917493773791448e-7,1.7780312538154458e-5,4
8873,0,6.696908706940876e-5,3.897025810412156e-6,2.0907996660574772e-7,0,1.9917493773791448e-7,1.7818591946041146e-5,4
8995,0,6.836844112757551e-5,2.8714927024089568e-6,2.0907996660574772e-7,0,1.9917493773791448e-7,1.7912047183582034e-5,4
9151,0,6.796862568238501e-5,4.102132432012795e-6,0,2.1877735400604307e-7,1.9917493773791448e-7,1.812217760153544e-5,4
9155,2.261945503851754e-7,6.736890251459926e-5,4.922558918415355e-6,2.0907996660574772e-7,0,0,1.8181683987501387e-5,4
9291,0,7.056742607612327e-5,2.666386080808317e-6,2.0907996660574772e-7,0,1.9917493773791448e-7,1.841051676531881e-5,4
9379,0,7.096724152131376e-5,2.8714927024089568e-6,2.0907996660574772e-7,2.1877735400604307e-7,0,1.8566647886083627e-5,4
9406,0,6.916807201795651e-5,4.717452296814714e-6,2.0907996660574772e-7,2.1877735400604307e-7,0,1.8578345408845756e-5,4
9638,4.523891007703508e-7,7.016761063093276e-5,5.332772161616634e-6,2.0907996660574772e-7,0,0,1.9040462964981375e-5,4
9653,0,7.136705696650426e-5,4.512345675214075e-6,2.0907996660574772e-7,0,1.9917493773791448e-7,1.90719143865155e-5,4
9794,0,7.356604191505202e-5,3.281705945610236e-6,4.1815993321149545e-7,0,1.9917493773791448e-7,1.9366270682902915e-5,4
9832,0,7.136705696650426e-5,5.332772161616634e-6,1.0453998330287387e-6,0,1.9917493773791448e-7,1.9486100974721886e-5,4
9848,0,7.376594963764727e-5,3.897025810412156e-6,2.0907996660574772e-7,0,1.9917493773791448e-7,1.9517807588100773e-5,4
10124,2.261945503851754e-7,7.736428864436176e-5,3.691919188811516e-6,2.0907996660574772e-7,0,0,2.037287058754105e-5,4
10183,0,7.716438092176651e-5,5.1276655400159945e-6,2.0907996660574772e-7,0,1.9917493773791448e-7,2.067507534153154e-5,4
10240,0,7.896355042512376e-5,4.717452296814714e-6,2.0907996660574772e-7,0,1.9917493773791448e-7,2.1022314406570535e-5,4
10272,2.261945503851754e-7,7.976318131550477e-5,4.717452296814714e-6,4.1815993321149545e-7,0,0,2.128124702397904e-5,4
10274,0,7.956327359290951e-5,5.1276655400159945e-6,2.0907996660574772e-7,0,1.9917493773791448e-7,2.1274798509317292e-5,4
10359,3.12148479531542e-5,5.577425460407476e-5,4.102132432012795e-6,2.0907996660574772e-7,0,0,2.2825078738961876e-5,4
10411,2.0357509534665787e-6,8.336152032221926e-5,4.512345675214075e-6,2.0907996660574772e-7,0,0,2.2529674229376415e-5,4
10495,2.261945503851754e-5,6.8768256572766e-5,3.897025810412156e-6,2.0907996660574772e-7,0,0,2.387345434707536e-5,4
10518,0,4.2580344912788254e-5,2.2561728376070373e-6,2.0907996660574772e-7,0,1.9917493773791448e-7,1.1311193163684738e-5,4
10606,0,8.935875200007676e-5,7.794051620824311e-6,2.0907996660574772e-7,0,1.9917493773791448e-7,2.4390264631311183e-5,4
10693,0,9.315699872938652e-5,6.563411891220472e-6,4.1815993321149545e-7,0,1.9917493773791448e-7,2.50844363728891e-5,4
10700,2.261945503851754e-7,9.315699872938652e-5,6.9736251344217525e-6,2.0907996660574772e-7,0,0,2.5141474595199798e-5,4
10744,0,9.695524545869627e-5,4.922558918415355e-6,2.0907996660574772e-7,0,1.9917493773791448e-7,2.557151482036382e-5,4
10870,0,9.915423040724402e-5,6.153198648019193e-6,2.0907996660574772e-7,0,1.9917493773791448e-7,2.642892098990172e-5,4
10880,0,9.935413812983927e-5,5.948092026418553e-6,4.1815993321149545e-7,0,1.9917493773791448e-7,2.6479891256801808e-5,4
10909,0,1.0155312307838702e-4,5.332772161616634e-6,2.0907996660574772e-7,0,1.9917493773791448e-7,2.682353753608683e-5,4
10943,0,1.0315238485914902e-4,4.922558918415355e-6,2.0907996660574772e-7,0,1.9917493773791448e-7,2.7120799670477007e-5,4
10980,2.261945503851754e-7,1.0355220030433952e-4,5.332772161616634e-6,2.0907996660574772e-7,0,0,2.733006174573677e-5,4
11017,0,1.0515146208510152e-4,4.922558918415355e-6,2.0907996660574772e-7,0,1.9917493773791448e-7,2.7620568976965132e-5,4
11142,0,1.0435183119472052e-4,8.40937148562623e-6,2.0907996660574772e-7,0,1.9917493773791448e-7,2.8292364396172602e-5,4
11145,0,1.0555127753029202e-4,7.383838377623032e-6,4.1815993321149545e-7,2.1877735400604307e-7,0,2.8393013298783147e-5,4
11199,0,1.0695063158845876e-4,7.383838377623032e-6,4.1815993321149545e-7,2.1877735400604307e-7,0,2.8742851813324832e-5,4
11214,4.523891007703508e-7,3.998154451905001e-7,1.0255331080031988e-6,1.1833926109885321e-4,0,0,3.0054249688204314e-5,4
11270,2.261945503851754e-7,1.0795017020143501e-4,8.40937148562623e-6,2.0907996660574772e-7,0,0,2.919870405101304e-5,4
11282,0,1.1074887831776852e-4,5.7429854048179135e-6,2.0907996660574772e-7,0,1.9917493773791448e-7,2.9225029656732523e-5,4
11299,1.0857338418488419e-5,1.0135321535579177e-4,5.948092026418553e-6,4.1815993321149545e-7,0,0,2.964420143347756e-5,4
11307,0,1.0874980109181602e-4,8.40937148562623e-6,4.1815993321149545e-7,0,1.9917493773791448e-7,2.9444126862097915e-5,4
11322,0,1.1074887831776852e-4,6.563411891220472e-6,6.272398998172432e-7,0,1.9917493773791448e-7,2.9534676261636038e-5,4
11370,4.523891007703508e-7,1.1254804782112577e-4,5.7429854048179135e-6,4.1815993321149545e-7,0,0,2.9790395564981382e-5,4
11371,0,1.1054897059517327e-4,8.20426486402559e-6,2.0907996660574772e-7,2.1877735400604307e-7,0,2.979527319495266e-5,4
11382,0,1.1154850920814952e-4,7.383838377623032e-6,2.0907996660574772e-7,2.1877735400604307e-7,0,2.9840051226596084e-5,4
11405,0,1.1334767871150677e-4,6.358305269619833e-6,2.0907996660574772e-7,0,1.9917493773791448e-7,3.0028559721367566e-5,4
11422,0,1.1454712504707827e-4,5.537878783217274e-6,2.0907996660574772e-7,0,1.9917493773791448e-7,3.0123314683659802e-5,4
11456,2.261945503851754e-7,1.1214823237593526e-4,8.81958472882751e-6,2.0907996660574772e-7,0,0,3.0350772905438425e-5,4
11469,4.523891007703508e-7,1.1414730960188776e-4,6.768518512821113e-6,2.0907996660574772e-7,0,0,3.0394324295521244e-5,4
11471,0,1.1694601771822127e-4,4.102132432012795e-6,2.0907996660574772e-7,0,1.9917493773791448e-7,3.036410126364443e-5,4
11558,2.261945503851754e-7,1.1634629455043552e-4,7.383838377623032e-6,2.0907996660574772e-7,0,0,3.1041351861262365e-5,4
11560,0,1.1794555633119752e-4,5.948092026418553e-6,2.0907996660574772e-7,0,1.9917493773791448e-7,3.107547581548994e-5,4
11600,0,1.1534675593745927e-4,9.434904593629429e-6,2.0907996660574772e-7,0,3.9834987547582895e-7,3.1347272593292567e-5,4
11619,0,9.355681417457701e-5,5.332772161616634e-6,4.1815993321149545e-7,2.1877735400604307e-7,0,2.4881630905852797e-5,4
11624,0,1.1734583316341177e-4,8.40937148562623e-6,2.0907996660574772e-7,0,1.9917493773791448e-7,3.154086488834542e-5,4
11667,0,1.1874518722157852e-4,7.794051620824311e-6,4.1815993321149545e-7,0,1.9917493773791448e-7,3.178914342833806e-5,4
11737,0,1.2094417217012627e-4,7.178731756022392e-6,2.0907996660574772e-7,2.1877735400604307e-7,0,3.2137690311690115e-5,4
11750,2.261945503851754e-7,1.2034444900234051e-4,7.999158242424951e-6,0,0,1.9917493773791448e-7,3.219224418322214e-5,4
11797,4.41079373251092e-5,1.9990772259525005e-5,3.179152634809917e-5,1.6308237395248323e-5,8.751094160241722e-6,1.65315198322469e-5,2.291351455341172e-5,6
11858,0,1.2354297256386452e-4,8.20426486402559e-6,2.0907996660574772e-7,0,1.9917493773791448e-7,3.3038873083058444e-5,4
11868,0,1.2694140384798377e-4,4.922558918415355e-6,2.0907996660574772e-7,0,1.9917493773791448e-7,3.30680544176857e-5,4
11957,0,1.2554204978981702e-4,9.229797972028789e-6,2.0907996660574772e-7,0,1.9917493773791448e-7,3.379502566654737e-5,4
12011,0,1.2674149612538853e-4,1.0255331080031989e-5,2.0907996660574772e-7,0,1.9917493773791448e-7,3.435127052744105e-5,4
12017,2.261945503851754e-7,1.2874057335134103e-4,8.40937148562623e-6,2.0907996660574772e-7,0,0,3.439630483848955e-5,4
12032,0,1.2954020424172201e-4,7.999158242424951e-6,2.0907996660574772e-7,0,1.9917493773791448e-7,3.4486904347122654e-5,4
12050,0,1.3013992740950776e-4,7.999158242424951e-6,2.0907996660574772e-7,0,1.9917493773791448e-7,3.463683513906909e-5,4
12083,0,1.3033983513210303e-4,8.61447810722687e-6,4.1815993321149545e-7,0,1.9917493773791448e-7,3.4892912027569823e-5,4
12087,2.7143346046221048e-6,1.2894048107393627e-4,8.20426486402559e-6,2.0907996660574772e-7,0,0,3.501704012729743e-5,4
12117,3.573873896085771e-5,9.795478407167252e-6,1.2306397296038387e-6,2.0907996660574772e-7,5.228778760744429e-5,0,1.985234493433577e-5,5
12118,1.9000342232354734e-5,7.396585736024251e-6,2.0510662160063976e-7,2.0907996660574772e-7,2.778472395876747e-5,0,1.0919167703070569e-5,5
12120,0,1.3293863552584127e-4,6.9736251344217525e-6,4.1815993321149545e-7,4.3755470801208613e-7,0,3.519199382537165e-5,4
12137,0,1.3393817413881752e-4,7.383838377623032e-6,2.0907996660574772e-7,0,1.9917493773791448e-7,3.543256685519605e-5,4
12152,0,1.3273872780324603e-4,9.02469135042815e-6,2.0907996660574772e-7,2.1877735400604307e-7,0,3.554781911857149e-5,4
12179,0,1.3493771275179377e-4,7.999158242424951e-6,2.0907996660574772e-7,0,1.9917493773791448e-7,3.583628147464059e-5,4
12199,2.261945503851754e-7,1.3393817413881752e-4,9.84511783683071e-6,2.0907996660574772e-7,0,0,3.6054641623159785e-5,4
12211,0,1.3093955829988877e-4,1.3331930404041584e-5,2.0907996660574772e-7,0,1.9917493773791448e-7,3.61699359020685e-5,4
12232,0,1.3533752819698427e-4,9.434904593629429e-6,6.272398998172432e-7,2.1877735400604307e-7,0,3.640461251110925e-5,4
12267,4.523891007703508e-7,1.4033522126186552e-4,6.768518512821113e-6,4.1815993321149545e-7,0,0,3.699357220216712e-5,4
12271,2.261945503851754e-7,1.3873595948110353e-4,9.02469135042815e-6,4.1815993321149545e-7,0,0,3.710125132878209e-5,4
12298,2.261945503851754e-7,1.4293402165560377e-4,6.358305269619833e-6,2.0907996660574772e-7,0,0,3.743190036055363e-5,4
12323,0,1.4333383710079427e-4,8.20426486402559e-6,2.0907996660574772e-7,0,1.9917493773791448e-7,3.798658921729088e-5,4
12332,0,1.4193448304262752e-4,1.0255331080031989e-5,4.1815993321149545e-7,0,1.9917493773791448e-7,3.8201787248402226e-5,4
12348,0,1.45532822049342e-4,7.794051620824311e-6,2.0907996660574772e-7,0,1.9917493773791448e-7,3.8433782143627496e-5,4
12375,0,1.45532822049342e-4,8.81958472882751e-6,2.0907996660574772e-7,0,1.9917493773791448e-7,3.8690165420628297e-5,4
12390,0,1.4773180699788978e-4,7.794051620824311e-6,4.1815993321149545e-7,2.1877735400604307e-7,0,3.904069897648291e-5,4
12406,0,1.4733199155269927e-4,9.434904593629429e-6,4.1815993321149545e-7,0,1.9917493773791448e-7,3.934605775431953e-5,4
12434,0,1.4893125333346127e-4,1.0460437701632629e-5,2.0907996660574772e-7,0,1.9917493773791448e-7,3.994998648485939e-5,4
12461,2.985768065084315e-5,1.2574195751241228e-4,9.02469135042815e-6,2.0907996660574772e-7,0,0,4.120835237007233e-5,4
12464,0,1.5153005372719954e-4,9.640011215230068e-6,2.0907996660574772e-7,0,1.9917493773791448e-7,4.0394579961693314e-5,4
12472,0,1.5093033055941376e-4,1.1075757566434548e-5,4.1815993321149545e-7,0,3.9834987547582895e-7,4.070564948363391e-5,4
12485,0,5.997231677857501e-7,1.2819163850039984e-4,3.993427362169782e-5,0,1.9917493773791448e-7,4.2231202556905334e-5,4
12487,0,1.505305151142233e-4,1.3331930404041584e-5,4.1815993321149545e-7,0,1.9917493773791448e-7,4.111994509730357e-5,4
12545,1.1445444249489875e-4,6.457019439826575e-5,3.691919188811516e-6,2.0907996660574772e-7,0,0,4.573140901214544e-5,4
12561,2.261945503851754e-7,1.5992617807620004e-4,1.0870650944833908e-5,2.0907996660574772e-7,0,0,4.2808025884506216e-5,4
12567,2.261945503851754e-7,1.6012608579879528e-4,1.1075757566434548e-5,0,2.1877735400604307e-7,0,4.291170381740526e-5,4
12568,2.261945503851754e-7,1.609257166891763e-4,1.0255331080031989e-5,4.1815993321149545e-7,0,0,4.295635056320124e-5,4
12615,0,1.6512377886367653e-4,1.1280864188035187e-5,2.0907996660574772e-7,0,1.9917493773791448e-7,4.420322448901384e-5,4
12621,0,1.6652313292184328e-4,1.0665544323233268e-5,2.0907996660574772e-7,0,1.9917493773791448e-7,4.439923303735505e-5,4
12645,0,1.6712285608962903e-4,1.1896184052837106e-5,2.0907996660574772e-7,0,1.9917493773791448e-7,4.485682376170245e-5,4
12647,0,1.6952174876077203e-4,9.229797972028789e-6,4.1815993321149545e-7,2.1877735400604307e-7,0,4.484712100500459e-5,4
12719,2.261945503851754e-7,1.7631861132901054e-4,1.1691077431236467e-5,2.0907996660574772e-7,0,1.9917493773791448e-7,3.772882764299517e-5,5
12721,4.523891007703508e-7,1.7591879588382004e-4,1.2101290674437746e-5,6.272398998172432e-7,0,0,4.7274928889711346e-5,4
12813,0,1.857142742909873e-4,1.1485970809635827e-5,2.0907996660574772e-7,0,1.9917493773791448e-7,4.94021250012417e-5,4
12833,0,1.8871289012991604e-4,9.640011215230068e-6,2.0907996660574772e-7,0,1.9917493773791448e-7,4.969028906237244e-5,4
12847,0,1.873135360717493e-4,1.2306397296038386e-5,2.0907996660574772e-7,0,1.9917493773791448e-7,5.000704706803283e-5,4
12870,0,1.9251113685922578e-4,9.434904593629429e-6,2.0907996660574772e-7,0,1.9917493773791448e-7,5.058857408929972e-5,4
12891,2.94052915500728e-6,1.9031215191067804e-4,1.2101290674437746e-5,4.1815993321149545e-7,0,0,5.144303291833364e-5,4
12903,0,1.9411039863998777e-4,1.2716610539239665e-5,2.0907996660574772e-7,0,1.9917493773791448e-7,5.1808816020892774e-5,4
12907,2.261945503851754e-7,1.9351067547220203e-4,1.3742143647242865e-5,2.0907996660574772e-7,0,1.9917493773791448e-7,4.1577453714834744e-5,5
12918,0,1.9610947586594027e-4,1.2306397296038386e-5,6.272398998172432e-7,0,1.9917493773791448e-7,5.231057199988345e-5,4
12922,0,1.9750882992410702e-4,1.1075757566434548e-5,8.363198664229909e-7,0,1.9917493773791448e-7,5.240502057367562e-5,4
12924,0,1.9431030636258304e-4,1.4972783376846703e-5,2.0907996660574772e-7,0,1.9917493773791448e-7,5.242283616094335e-5,4
12928,2.261945503851754e-7,1.9750882992410702e-4,1.2716610539239665e-5,2.0907996660574772e-7,0,0,5.2665178745084406e-5,4
12931,2.8048124247761747e-5,1.7491925727084379e-4,1.1280864188035187e-5,2.0907996660574772e-7,0,1.9917493773791448e-7,4.2931300122196876e-5,5
12941,0,1.9990772259525003e-4,1.2921717160840305e-5,4.1815993321149545e-7,0,1.9917493773791448e-7,5.3361693656759933e-5,4
12974,0,2.0470550793753604e-4,1.4152356890444145e-5,2.0907996660574772e-7,0,1.9917493773791448e-7,5.481652993308096e-5,4
12979,0,2.0450560021494077e-4,1.4767676755246064e-5,2.0907996660574772e-7,0,1.9917493773791448e-7,5.4920382968632625e-5,4
12985,0,2.0550513882791702e-4,1.3947250268843505e-5,2.0907996660574772e-7,0,1.9917493773791448e-7,5.4965161000276045e-5,4
12997,0,2.0990310872501253e-4,9.84511783683071e-6,4.1815993321149545e-7,0,1.9917493773791448e-7,5.509139035819816e-5,4
12998,0,2.0690449288608378e-4,1.2921717160840305e-5,4.1815993321149545e-7,0,1.9917493773791448e-7,5.511088622946837e-5,4
13033,2.0425367899781338e-4,4.457942213874076e-5,2.0510662160063976e-6,2.0907996660574772e-7,0,0,6.277331182979157e-5,4
13040,0,2.1749960218363205e-4,1.0665544323233268e-5,4.1815993321149545e-7,2.1877735400604307e-7,0,5.720052094852071e-5,4
13067,1.277999209676241e-4,1.1014915514998276e-4,8.40937148562623e-6,0,0,1.9917493773791448e-7,6.163940563524276e-5,4
13078,0,2.1709978673844154e-4,1.681874297125246e-5,4.1815993321149545e-7,2.1877735400604307e-7,0,5.863886674922789e-5,4
13138,0,2.2909425009415654e-4,1.3537037025642226e-5,2.0907996660574772e-7,0,1.9917493773791448e-7,6.075988550603561e-5,4
13143,1.6964591278888154e-4,8.715976705152902e-5,7.383838377623032e-6,2.0907996660574772e-7,0,0,6.609964954615984e-5,4
13153,2.3184941414480478e-4,3.898200590607375e-5,2.4612794592076774e-6,2.0907996660574772e-7,0,0,6.837544486917299e-5,4
13164,2.2551596673401987e-4,4.5778868474312256e-5,3.0765993240095965e-6,2.0907996660574772e-7,0,0,6.864512862473687e-5,4
13167,0,2.3329231226865678e-4,1.4767676755246064e-5,4.1815993321149545e-7,0,3.9834987547582895e-7,6.221912470814754e-5,4
13194,0,2.424880675080383e-4,1.3331930404041584e-5,6.272398998172432e-7,0,1.9917493773791448e-7,6.416160318740876e-5,4
13198,2.3003985774172338e-4,4.917729975843151e-5,4.307239053613435e-6,2.0907996660574772e-7,0,0,7.093336913009352e-5,4
13209,0,2.432876983984193e-4,1.5382996620047983e-5,8.363198664229909e-7,0,1.9917493773791448e-7,6.492654745565704e-5,4
13212,0,2.4148852889506204e-4,1.8459595944057578e-5,4.1815993321149545e-7,0,1.9917493773791448e-7,6.514136492751726e-5,4
13213,6.785836511555262e-7,2.4468705245658606e-4,1.4767676755246064e-5,4.1815993321149545e-7,0,0,6.513786819904979e-5,4
13243,2.3117083049364924e-4,5.997231677857501e-5,3.281705945610236e-6,2.0907996660574772e-7,0,0,7.365848329611006e-5,4
13264,2.492663945244633e-4,4.757803797766951e-5,2.666386080808317e-6,2.0907996660574772e-7,0,0,7.492997463738671e-5,4
13276,0,2.596801316512298e-4,1.4972783376846703e-5,2.0907996660574772e-7,0,1.9917493773791448e-7,6.876529248310503e-5,4
13278,2.0244412259473198e-4,8.955865972267201e-5,6.358305269619833e-6,4.1815993321149545e-7,0,0,7.469481188005883e-5,4
13292,0,2.642780092709205e-4,1.4152356890444145e-5,4.1815993321149545e-7,0,1.9917493773791448e-7,6.976192525807851e-5,4
13302,1.8615811496699934e-4,1.0894970881441126e-4,6.358305269619833e-6,2.0907996660574772e-7,2.1877735400604307e-7,1.9917493773791448e-7,5.034886021823002e-5,6
13316,0,2.608795779868013e-4,2.1946408511268456e-5,4.1815993321149545e-7,0,1.9917493773791448e-7,7.08608303422548e-5,4
13320,0,2.664769942194683e-4,1.70238495928531e-5,4.1815993321149545e-7,0,1.9917493773791448e-7,7.10295446708177e-5,4
13328,0,2.6947561005839706e-4,1.5998316484849902e-5,6.272398998172432e-7,2.1877735400604307e-7,0,7.157998594926756e-5,4
13347,0,2.728740413425163e-4,1.640852972805118e-5,4.1815993321149545e-7,2.1877735400604307e-7,0,7.247987708944626e-5,4
13364,0,2.770721035170165e-4,1.70238495928531e-5,6.272398998172432e-7,0,1.9917493773791448e-7,7.37305919868562e-5,4
13365,2.510759509275447e-4,6.856834885017077e-5,3.897025810412156e-6,2.0907996660574772e-7,0,0,8.093760138868333e-5,4
13384,0,2.824696120270883e-4,1.5998316484849902e-5,4.1815993321149545e-7,0,1.9917493773791448e-7,7.47713158457219e-5,4
13391,0,2.7967090391075477e-4,1.948512905206078e-5,2.0907996660574772e-7,0,1.9917493773791448e-7,7.48910719667898e-5,4
13397,5.225094113897552e-5,2.3829000533353805e-4,1.5793209863249262e-5,0,0,1.9917493773791448e-7,7.663333281837519e-5,4
13400,0,2.844686892530408e-4,1.5793209863249262e-5,2.0907996660574772e-7,0,1.9917493773791448e-7,7.516753850515843e-5,4
13405,2.8070743702800265e-4,4.8377668868050506e-5,4.102132432012795e-6,2.0907996660574772e-7,0,0,8.334907957366792e-5,4
13410,0,2.824696120270883e-4,1.8664702565658218e-5,4.1815993321149545e-7,0,1.9917493773791448e-7,7.543791236592397e-5,4
13416,0,2.848685046982313e-4,1.763916945765502e-5,2.0907996660574772e-7,0,1.9917493773791448e-7,7.57289822650575e-5,4
13418,2.261945503851754e-7,2.828694274722788e-4,1.969023567366142e-5,4.1815993321149545e-7,0,0,7.580100440738422e-5,4
13424,2.5424267463293714e-4,7.356604191505202e-5,4.512345675214075e-6,2.0907996660574772e-7,0,0,8.313253554745224e-5,4
13437,2.8477893893493584e-4,5.097646926178876e-5,3.4868125672108762e-6,4.1815993321149545e-7,0,0,8.491509517428674e-5,4
13450,2.899814135937949e-4,4.957711520362201e-5,2.8714927024089568e-6,2.0907996660574772e-7,0,0,8.56597753666079e-5,4
13457,2.712072659118253e-4,6.536982528864677e-5,4.512345675214075e-6,4.1815993321149545e-7,0,0,8.537689920222442e-5,4
13462,0,2.8946638231792205e-4,2.1741301889667816e-5,4.1815993321149545e-7,0,1.9917493773791448e-7,7.795625476963482e-5,4
13464,2.6690956945450695e-4,7.156696468909952e-5,3.897025810412156e-6,0,0,1.9917493773791448e-7,8.564318372293913e-5,4
13466,0,2.9266490587944604e-4,1.9074915808859497e-5,4.1815993321149545e-7,0,1.9917493773791448e-7,7.808928913981374e-5,4
13472,0,2.9186527498906503e-4,2.0715768781664618e-5,2.0907996660574772e-7,0,1.9917493773791448e-7,7.824732466876832e-5,4
13481,2.804812424776175e-4,6.377056350788476e-5,3.4868125672108762e-6,2.0907996660574772e-7,0,0,8.698692462982972e-5,4
13491,0,2.9546361399577955e-4,2.1741301889667816e-5,6.272398998172432e-7,2.1877735400604307e-7,0,7.951273328481767e-5,4
13498,1.4476451224651224e-4,1.7831768855496304e-4,1.2716610539239665e-5,2.0907996660574772e-7,0,0,8.400197282683017e-5,4
13502,2.617070947956479e-4,8.216207398664776e-5,5.948092026418553e-6,2.0907996660574772e-7,0,0,8.750658519383e-5,4
13528,0,3.064585387385183e-4,1.8869809187258857e-5,2.0907996660574772e-7,0,1.9917493773791448e-7,8.14341507075302e-5,4
13552,0,3.104566931904233e-4,2.0920875403265257e-5,4.1815993321149545e-7,0,1.9917493773791448e-7,8.29987258661595e-5,4
13556,0,3.120559549711853e-4,1.969023567366142e-5,2.0907996660574772e-7,0,1.9917493773791448e-7,8.303861138729759e-5,4
13643,3.343155454692892e-4,4.897739203583626e-5,2.4612794592076774e-6,2.0907996660574772e-7,0,0,9.649082423273472e-5,4
13646,0,3.240504183269003e-4,2.2971941619271654e-5,4.1815993321149545e-7,2.1877735400604307e-7,0,8.691482430834737e-5,4
13647,2.576355928887148e-4,1.1254804782112577e-4,6.768518512821113e-6,2.0907996660574772e-7,0,0,9.429030979731685e-5,4
13654,3.266249307561933e-4,5.557434688147951e-5,3.4868125672108762e-6,2.0907996660574772e-7,0,0,9.647379254287235e-5,4
13704,3.438157165854666e-4,4.717822253247901e-5,3.691919188811516e-6,4.1815993321149545e-7,0,0,9.877600455999216e-5,4
13737,3.639470315697472e-4,3.4384128286383e-5,2.666386080808317e-6,2.0907996660574772e-7,0,0,1.0030165647588606e-4,4
13746,0,3.388435897989488e-4,2.0920875403265257e-5,2.0907996660574772e-7,0,1.9917493773791448e-7,9.004318002663943e-5,4
13773,3.6417322612013235e-4,3.9181913628669006e-5,1.2306397296038387e-6,0,2.1877735400604307e-7,0,1.012011392081028e-4,4
13789,3.132794522834679e-4,8.156235081886201e-5,5.1276655400159945e-6,2.0907996660574772e-7,0,0,1.0004463715223792e-4,4
13795,3.7978065009670946e-4,2.7187450272954006e-5,1.0255331080031988e-6,0,2.1877735400604307e-7,0,1.0205310270791817e-4,4
13812,0,3.424419288056633e-4,2.3177048240872294e-5,8.363198664229909e-7,0,3.9834987547582895e-7,9.171341169710861e-5,4
13815,3.444943002366221e-4,5.877287044300351e-5,3.281705945610236e-6,2.0907996660574772e-7,0,0,1.016894891479604e-4,4
13825,3.465300511900887e-4,5.697370093964626e-5,4.512345675214075e-6,2.0907996660574772e-7,0,0,1.0205629444288869e-4,4
13906,2.958624719038094e-4,1.0934952425960177e-4,5.537878783217274e-6,8.363198664229909e-7,0,0,1.0289654870326286e-4,4
13907,3.512801367481774e-4,6.137167083674177e-5,4.922558918415355e-6,4.1815993321149545e-7,0,0,1.044981316091365e-4,4
13920,0,3.544363921613783e-4,2.4407687970476132e-5,6.272398998172432e-7,0,3.9834987547582895e-7,9.496741747678688e-5,4
13935,3.673399498255248e-4,5.2375823319955505e-5,2.666386080808317e-6,2.0907996660574772e-7,0,0,1.056478097982236e-4,4
13957,3.270773198569636e-4,8.556050527076701e-5,6.563411891220472e-6,0,0,1.9917493773791448e-7,1.0485010298917226e-4,4
13993,3.759353427401615e-4,5.017683837140776e-5,2.8714927024089568e-6,2.0907996660574772e-7,0,0,1.0729818844514599e-4,4
14001,3.625898642674362e-4,6.217130172712276e-5,3.281705945610236e-6,2.0907996660574772e-7,0,0,1.0706298797669373e-4,4
14084,3.132794522834679e-4,1.0914961653700651e-4,7.999158242424951e-6,0,0,1.9917493773791448e-7,1.0765685050015933e-4,4
14086,3.3702988007391134e-4,9.195755239381502e-5,4.307239053613435e-6,4.1815993321149545e-7,0,0,1.0842820786363783e-4,4
14107,3.087555612757644e-4,1.1734583316341177e-4,7.178731756022392e-6,0,0,1.9917493773791448e-7,1.0836982528323412e-4,4
14108,3.9335232311982e-4,4.597877619690751e-5,3.897025810412156e-6,2.0907996660574772e-7,0,0,1.1085930127343635e-4,4
14116,3.684709225774507e-4,7.016761063093276e-5,2.8714927024089568e-6,2.0907996660574772e-7,0,0,1.1042977646934955e-4,4
14131,1.6557441088194838e-4,2.3589111266239505e-4,1.80493827008563e-5,8.363198664229909e-7,0,0,1.0508780652790568e-4,4
14132,3.535420822520291e-4,8.276179715443352e-5,5.332772161616634e-6,2.0907996660574772e-7,0,0,1.1046143288367125e-4,4
14147,3.854355138563389e-4,5.757342410743201e-5,3.4868125672108762e-6,0,0,1.9917493773791448e-7,1.1167373136717993e-4,4
14154,0,3.808242115439513e-4,2.1536195268067176e-5,8.363198664229909e-7,0,1.9917493773791448e-7,1.0084897540404484e-4,4
14172,3.8995940486404235e-4,5.817314727521776e-5,1.640852972805118e-6,2.0907996660574772e-7,0,0,1.1249562126966775e-4,4
14177,3.978762141275235e-4,4.977702292621726e-5,3.4868125672108762e-6,2.0907996660574772e-7,0,0,1.1283728239688935e-4,4
14183,4.26829116576826e-4,2.7387357995549255e-5,8.20426486402559e-7,2.0907996660574772e-7,0,0,1.1381149525634589e-4,4
14234,3.8679268115864994e-4,6.477010212086101e-5,3.4868125672108762e-6,4.1815993321149545e-7,0,0,1.1386693894498333e-4,4
14246,4.008167432825308e-4,5.457480826850326e-5,2.4612794592076774e-6,0,0,1.9917493773791448e-7,1.1451300148699491e-4,4
14251,0,3.872212586669993e-4,2.502300783527805e-5,2.0907996660574772e-7,0,1.9917493773791448e-7,1.0316313035165525e-4,4
14272,0,3.9021987450592804e-4,2.4202581348875492e-5,4.1815993321149545e-7,0,1.9917493773791448e-7,1.0375994768143824e-4,4
14275,2.3456374874942688e-4,1.9471012180777354e-4,1.2511503917639025e-5,2.0907996660574772e-7,0,0,1.1049861361036129e-4,4
14284,4.094121361971675e-4,4.957711520362201e-5,3.691919188811516e-6,4.1815993321149545e-7,0,0,1.1577483263070312e-4,4
14299,2.739216005164474e-4,1.6412424025070028e-4,1.0255331080031989e-5,0,0,1.9917493773791448e-7,1.121250866962294e-4,4
14308,4.5419865717343216e-4,1.3993540581667503e-5,1.4357463512044784e-6,2.0907996660574772e-7,0,0,1.1745925601822747e-4,4
14315,0,3.924188594544758e-4,2.543322107847933e-5,4.1815993321149545e-7,0,3.9834987547582895e-7,1.0466714758541061e-4,4
14343,3.924475449182793e-4,7.016761063093276e-5,3.4868125672108762e-6,4.1815993321149545e-7,0,0,1.166300320124086e-4,4
14351,3.530896931512588e-4,1.0315238485914902e-4,6.563411891220472e-6,2.0907996660574772e-7,0,0,1.157536424670585e-4,4
14356,4.098645252979378e-4,5.637397777186051e-5,3.4868125672108762e-6,2.0907996660574772e-7,0,1.9917493773791448e-7,9.402671410827057e-5,5
14359,3.818164010501761e-4,8.016299676069526e-5,4.922558918415355e-6,0,0,1.9917493773791448e-7,1.1677528291675615e-4,4
14371,3.3589890732198545e-4,1.1834537177638802e-4,7.999158242424951e-6,0,0,1.9917493773791448e-7,1.1561065306963408e-4,4
14378,3.40422798329689e-4,1.1714592544081651e-4,6.358305269619833e-6,2.0907996660574772e-7,0,0,1.1603402725168277e-4,4
14383,0,4.0081498380347634e-4,2.3382154862472934e-5,1.2544797996344864e-6,0,1.9917493773791448e-7,1.0641269835083042e-4,4
14391,3.684709225774507e-4,9.555589140052951e-5,4.512345675214075e-6,4.1815993321149545e-7,0,0,1.1723932989660144e-4,4
14392,2.994815847099722e-4,1.5093033055941376e-4,1.0460437701632629e-5,2.0907996660574772e-7,0,0,1.1527035823440609e-4,4
14399,4.250195601737446e-4,4.6778407087288505e-5,4.512345675214075e-6,0,0,1.9917493773791448e-7,1.1912737196849627e-4,4
14416,4.297696457318332e-4,4.657849936469326e-5,1.4357463512044784e-6,4.1815993321149545e-7,0,0,1.1955051284523562e-4,4
14427,3.594231405620437e-4,1.0295247713655376e-4,8.20426486402559e-6,2.0907996660574772e-7,0,0,1.176972406323072e-4,4
14438,4.32031591235685e-4,4.4179606693550255e-5,3.897025810412156e-6,2.0907996660574772e-7,0,1.9917493773791448e-7,9.610329572879822e-5,5
14441,3.8159020649979086e-4,8.656004388374326e-5,6.768518512821113e-6,2.0907996660574772e-7,0,0,1.1878196221574025e-4,4
14443,4.137098326544858e-4,6.257111717231326e-5,2.666386080808317e-6,2.0907996660574772e-7,0,0,1.1978910396855328e-4,4
14446,4.209480582668114e-4,5.577425460407476e-5,2.666386080808317e-6,8.363198664229909e-7,0,0,1.2005625470452936e-4,4
14463,0,4.0781175409431006e-4,2.543322107847933e-5,4.1815993321149545e-7,2.1877735400604307e-7,0,1.0847047811500173e-4,4
14477,3.738995917866949e-4,9.755496862648201e-5,5.948092026418553e-6,4.1815993321149545e-7,0,0,1.1945520309320175e-4,4
14483,4.6256785553768366e-4,2.4988465324406254e-5,8.20426486402559e-7,0,0,3.9834987547582895e-7,1.221937743059921e-4,4
14484,4.218528364683521e-4,5.797323955262251e-5,4.102132432012795e-6,2.0907996660574772e-7,0,0,1.2103432210489829e-4,4
14501,3.4245854928315555e-4,6.337074806269427e-5,3.4868125672108762e-6,2.0907996660574772e-7,0,0,1.0238129746991661e-4,4
14512,3.9335232311982e-4,8.715976705152902e-5,5.1276655400159945e-6,0,2.1877735400604307e-7,0,1.2146463326634277e-4,4
14545,4.2479336562335936e-4,6.457019439826575e-5,3.691919188811516e-6,2.0907996660574772e-7,0,0,1.2331613979426058e-4,4
14571,4.2705531112721115e-4,6.516991756605151e-5,3.691919188811516e-6,2.0907996660574772e-7,0,0,1.2403155696217e-4,4
14577,3.967452413755976e-4,8.975856744526726e-5,6.153198648019193e-6,2.0907996660574772e-7,0,0,1.2321652185887246e-4,4
14592,2.261945503851754e-7,4.2560354140528734e-4,2.2971941619271654e-5,0,0,1.9917493773791448e-7,1.1225021312817053e-4,4
14594,2.261945503851754e-7,4.1880667883704883e-4,3.056088661849532e-5,2.0907996660574772e-7,0,0,1.1245070999313377e-4,4
14596,4.3361495308838125e-4,6.117176311414651e-5,4.512345675214075e-6,4.1815993321149545e-7,0,0,1.2492930545273832e-4,4
14600,4.137098326544858e-4,7.816391953474276e-5,5.948092026418553e-6,2.0907996660574772e-7,0,0,1.2450773104556322e-4,4
14609,4.6550838469269095e-4,3.6583113234930755e-5,2.666386080808317e-6,0,0,1.9917493773791448e-7,1.2623926473654198e-4,4
14616,3.6598278252321376e-4,1.2174380306050727e-4,6.153198648019193e-6,4.1815993321149545e-7,0,1.9917493773791448e-7,9.889942382053793e-5,5
14619,4.28186283879137e-4,7.016761063093276e-5,3.0765993240095965e-6,0,0,3.9834987547582895e-7,1.254572109273888e-4,4
14623,4.569129917780543e-4,4.537905302912176e-5,2.666386080808317e-6,4.1815993321149545e-7,0,0,1.2634414770529897e-4,4
14642,3.9222135036789415e-4,1.0355220030433952e-4,3.897025810412156e-6,2.0907996660574772e-7,0,0,1.249699141123129e-4,4
14652,3.7797109369362805e-4,1.1514684821486401e-4,6.153198648019193e-6,2.0907996660574772e-7,0,0,1.2487005513077924e-4,4
14659,4.1393602720487095e-4,8.456096665779076e-5,5.948092026418553e-6,4.1815993321149545e-7,0,0,1.2621581145557295e-4,4
14662,4.4266273510378825e-4,6.237120944971802e-5,3.4868125672108762e-6,2.0907996660574772e-7,0,0,1.2718245927183073e-4,4
14669,1.3571673023110524e-6,3.7982467293097505e-6,4.102132432012795e-7,0,4.189586329215725e-4,1.9917493773791448e-7,8.49446870268265e-5,5
14673,4.356507040418478e-4,6.996770290833751e-5,4.307239053613435e-6,0,0,1.9917493773791448e-7,1.2753120523538417e-4,4
14677,3.567088059574216e-4,1.3333845097103177e-4,1.1485970809635827e-5,4.1815993321149545e-7,0,0,1.2548784691782518e-4,4
14678,4.5532962992535805e-4,5.437490054590801e-5,3.281705945610236e-6,2.0907996660574772e-7,0,0,1.2829882909587051e-4,4
14679,4.4447229150686965e-4,6.377056350788476e-5,3.691919188811516e-6,2.0907996660574772e-7,0,0,1.2803596354254293e-4,4
14682,4.485437934138028e-4,6.037213222376551e-5,4.307239053613435e-6,2.0907996660574772e-7,0,0,1.2835806116444687e-4,4
14685,3.693757007789914e-4,1.27141311570579e-4,7.794051620824311e-6,2.0907996660574772e-7,0,0,1.2613003598425013e-4,4
14697,4.711632484523203e-4,4.397969897095501e-5,2.0510662160063976e-6,2.0907996660574772e-7,0,0,1.2935077340147188e-4,4
14698,3.738995917866949e-4,1.2294324939607877e-4,9.229797972028789e-6,4.1815993321149545e-7,0,0,1.2662269977200348e-4,4
14710,3.9041179396481275e-4,1.1254804782112577e-4,6.563411891220472e-6,2.0907996660574772e-7,0,0,1.274330834109412e-4,4
14711,4.689013029484686e-4,4.6178683919502754e-5,3.4868125672108762e-6,2.0907996660574772e-7,0,0,1.29693969850447e-4,4
14712,4.442460969564845e-4,6.756881023719452e-5,4.102132432012795e-6,2.0907996660574772e-7,0,0,1.2903152989807439e-4,4
14722,4.044358560886936e-4,1.0295247713655376e-4,5.1276655400159945e-6,2.0907996660574772e-7,0,0,1.2818126968296728e-4,4
14725,3.942571013213607e-4,1.1074887831776852e-4,6.768518512821113e-6,0,2.1877735400604307e-7,0,1.279983188764891e-4,4
14730,4.532938789718915e-4,6.237120944971802e-5,4.102132432012795e-6,2.0907996660574772e-7,0,0,1.29994075205057e-4,4
14735,5.064495983124077e-4,1.9191141369144004e-5,8.20426486402559e-7,2.0907996660574772e-7,0,0,1.3166756153364e-4,4
14738,3.309226272135116e-4,1.6672304064443852e-4,9.02469135042815e-6,4.1815993321149545e-7,0,0,1.2677212978539745e-4,4
14749,4.177813345614189e-4,9.415653734236277e-5,6.153198648019193e-6,4.1815993321149545e-7,0,0,1.296273076212531e-4,4
14755,3.8566170840672405e-4,1.2194371078310252e-4,6.768518512821113e-6,4.1815993321149545e-7,0,1.9917493773791448e-7,1.0299825451471942e-4,5
14757,2.196349084240053e-4,2.62278932044968e-4,1.4357463512044784e-5,2.0907996660574772e-7,0,0,1.2412009598690598e-4,4
14762,4.6256785553768366e-4,5.757342410743201e-5,4.717452296814714e-6,2.0907996660574772e-7,0,0,1.3126695297713403e-4,4
14775,4.483175988634176e-4,7.356604191505202e-5,3.691919188811516e-6,2.0907996660574772e-7,0,0,1.3144615998347172e-4,4
14781,3.9538807407328656e-4,1.1934491038936426e-4,7.383838377623032e-6,2.0907996660574772e-7,0,1.9917493773791448e-7,1.0450501554892351e-4,5
14797,4.7274661030501656e-4,5.777333183002726e-5,3.897025810412156e-6,2.0907996660574772e-7,0,1.9917493773791448e-7,1.0696504456995992e-4,5
14798,2.3320658144711584e-4,2.564816080897058e-4,1.743406283605438e-5,4.1815993321149545e-7,0,0,1.2688510307652188e-4,4
14808,4.716156375530907e-4,6.117176311414651e-5,3.691919188811516e-6,4.1815993321149545e-7,0,0,1.3422436994731506e-4,4
14812,3.537682768024143e-4,1.5852682401803328e-4,1.1280864188035187e-5,2.0907996660574772e-7,0,1.9917493773791448e-7,1.0479684398256529e-4,5
14813,4.7206802665386105e-4,6.1571578559337e-5,3.897025810412156e-6,2.0907996660574772e-7,0,0,1.34436427747554e-4,4
14822,4.06245412491775e-4,1.1934491038936426e-4,6.358305269619833e-6,2.0907996660574772e-7,0,0,1.3303942702934122e-4,4
14828,4.860920887777419e-4,5.277563876514601e-5,3.281705945610236e-6,2.0907996660574772e-7,0,0,1.3558962836377598e-4,4
14830,4.7387758305694245e-4,6.317084034009901e-5,3.897025810412156e-6,2.0907996660574772e-7,0,0,1.3528863229351484e-4,4
14831,3.087555612757644e-4,1.9850836853708327e-4,1.5177889998447343e-5,2.0907996660574772e-7,0,0,1.306627249444752e-4,4
14835,4.1981708551488555e-4,1.0815007792403027e-4,7.794051620824311e-6,2.0907996660574772e-7,0,0,1.3399257375658647e-4,4
14854,4.261505329256704e-4,1.0815007792403027e-4,5.7429854048179135e-6,2.0907996660574772e-7,0,0,1.3506316905528108e-4,4
14855,4.347459258403071e-4,1.0095339991060126e-4,5.7429854048179135e-6,4.1815993321149545e-7,0,0,1.3546511777223443e-4,4
14856,3.044578648184461e-4,2.0990310872501253e-4,1.2511503917639025e-5,4.1815993321149545e-7,0,0,1.3182265934857728e-4,4
14864,4.125788599025599e-4,1.2174380306050727e-4,6.153198648019193e-6,2.0907996660574772e-7,0,0,1.35171235394423e-4,4
14870,4.137098326544858e-4,1.1994463355715002e-4,9.84511783683071e-6,2.0907996660574772e-7,0,0,1.3592716600376807e-4,4
14871,4.885802288319788e-4,6.117176311414651e-5,2.4612794592076774e-6,2.0907996660574772e-7,0,0,1.3810558784298468e-4,4
14872,4.664131628942317e-4,7.896355042512376e-5,4.717452296814714e-6,2.0907996660574772e-7,0,0,1.3757581139569398e-4,4
14876,4.863182833281271e-4,6.317084034009901e-5,4.102132432012795e-6,2.0907996660574772e-7,0,0,1.3845008401671115e-4,4
14882,4.872230615296678e-4,6.457019439826575e-5,4.102132432012795e-6,2.0907996660574772e-7,0,0,1.3902611708163802e-4,4
14885,0,4.709825944344091e-4,2.9535353510492127e-5,2.0907996660574772e-7,0,1.9917493773791448e-7,1.252315507123112e-4,4
14889,0,4.749807488863141e-4,2.789450053768701e-5,2.0907996660574772e-7,0,1.9917493773791448e-7,1.258208760820862e-4,4
14893,4.446984860572548e-4,1.0395201574953001e-4,5.537878783217274e-6,0,0,1.9917493773791448e-7,1.3859688888193502e-4,4
14894,3.849831247555685e-4,1.5372903867574727e-4,8.81958472882751e-6,2.0907996660574772e-7,0,0,1.3693520703168726e-4,4
14897,4.5532962992535805e-4,9.755496862648201e-5,4.512345675214075e-6,2.0907996660574772e-7,0,0,1.3940150604841497e-4,4
14899,5.096163220178002e-4,5.2375823319955505e-5,2.8714927024089568e-6,2.0907996660574772e-7,0,0,1.412681795016926e-4,4
14900,4.2162664191796695e-4,1.2594186523500752e-4,7.794051620824311e-6,2.0907996660574772e-7,0,0,1.3889290968510114e-4,4
14901,4.910683688862157e-4,6.916807201795651e-5,3.4868125672108762e-6,2.0907996660574772e-7,0,0,1.4098308335949722e-4,4
14905,4.137098326544858e-4,1.3213900463546026e-4,9.229797972028789e-6,2.0907996660574772e-7,0,0,1.3882192880714515e-4,4
14910,2.7527876781875845e-4,2.4788557601811004e-4,1.763916945765502e-5,2.0907996660574772e-7,0,1.9917493773791448e-7,1.0824235363977343e-4,5
14912,5.064495983124077e-4,5.817314727521776e-5,3.4868125672108762e-6,2.0907996660574772e-7,0,0,1.4207965953036053e-4,4
14917,5.121044620720371e-4,5.577425460407476e-5,2.8714927024089568e-6,2.0907996660574772e-7,0,0,1.4273982233628163e-4,4
14918,4.677703301965427e-4,9.475626051014851e-5,3.0765993240095965e-6,2.0907996660574772e-7,0,0,1.4145306749932665e-4,4
14919,4.989851781496969e-4,6.437028667567052e-5,6.358305269619833e-6,0,0,1.9917493773791448e-7,1.4247823625818129e-4,4
14920,5.324619716067029e-4,3.938182135126426e-5,1.640852972805118e-6,2.0907996660574772e-7,0,0,1.434234314743445e-4,4
14927,4.0556682884061946e-4,1.4673226838491353e-4,7.999158242424951e-6,1.0453998330287387e-6,0,0,1.4033591382524668e-4,4
14928,2.924695536480318e-4,2.4208825206284778e-4,1.3947250268843505e-5,2.0907996660574772e-7,0,0,1.371785339865822e-4,4
14930,0,4.849761350160766e-4,3.138131310489789e-5,4.1815993321149545e-7,0,1.9917493773791448e-7,1.2924369574798098e-4,4
14931,4.6550838469269095e-4,9.655543001350576e-5,8.20426486402559e-6,0,2.1877735400604307e-7,0,1.4262171423105708e-4,4
14932,5.096163220178002e-4,6.017222450117026e-5,5.7429854048179135e-6,2.0907996660574772e-7,0,0,1.4393515297259852e-4,4
14935,5.091639329170298e-4,6.497000984345626e-5,1.845959594405758e-6,2.0907996660574772e-7,0,0,1.440472455803744e-4,4
14938,3.800068446470947e-4,1.7052128737374828e-4,1.0460437701632629e-5,2.0907996660574772e-7,0,3.9834987547582895e-7,1.1231919991291143e-4,5
14941,4.3135300758452946e-4,1.3033983513210303e-4,7.5889449992236715e-6,4.1815993321149545e-7,0,0,1.424249869122669e-4,4
14944,4.7025847025077965e-4,9.955404585243452e-5,4.512345675214075e-6,2.0907996660574772e-7,0,0,1.436334854362585e-4,4
14945,4.813420032196532e-4,8.895893655488627e-5,5.948092026418553e-6,4.1815993321149545e-7,0,0,1.441667979335424e-4,4
14950,4.50127155266499e-4,1.1654620227303077e-4,7.383838377623032e-6,2.0907996660574772e-7,0,0,1.4356656897093965e-4,4
14951,4.227576146698928e-4,1.4033522126186552e-4,7.794051620824311e-6,2.0907996660574772e-7,0,0,1.4277399187979708e-4,4
14954,4.189123073133448e-4,1.4313392937819903e-4,8.61447810722687e-6,2.0907996660574772e-7,0,1.9917493773791448e-7,1.1421379394062288e-4,5
14955,4.716156375530907e-4,1.0335229258174427e-4,4.922558918415355e-6,2.0907996660574772e-7,0,0,1.4502489225496403e-4,4
14956,3.901855994144275e-4,1.6832230242520052e-4,1.2101290674437746e-5,2.0907996660574772e-7,0,0,1.427045681201679e-4,4
14957,4.1755514001103376e-4,1.4473319115896103e-4,1.1485970809635827e-5,2.0907996660574772e-7,0,0,1.434958454865591e-4,4
14958,4.3972220594878095e-4,1.2954020424172201e-4,7.5889449992236715e-6,2.0907996660574772e-7,0,0,1.442651087890831e-4,4
14959,4.159717781583375e-4,1.4993079194643752e-4,9.640011215230068e-6,2.0907996660574772e-7,0,0,1.4393791532165272e-4,4
14963,4.869968669792826e-4,9.395662961976752e-5,4.102132432012795e-6,2.0907996660574772e-7,0,0,1.4631617724941717e-4,4
14972,1.893248386723918e-4,3.424419288056633e-4,2.1536195268067176e-5,6.272398998172432e-7,0,0,1.3848255066148488e-4,4
14974,4.806634195684977e-4,1.0115330763319652e-4,5.537878783217274e-6,2.0907996660574772e-7,0,0,1.4689092148787933e-4,4
14977,5.164021585293554e-4,7.396585736024251e-5,4.307239053613435e-6,2.0907996660574772e-7,0,0,1.487210837274543e-4,4
14978,4.551034353749729e-4,1.2634168068019803e-4,7.5889449992236715e-6,2.0907996660574772e-7,0,0,1.473107852552501e-4,4
14981,5.200212713355182e-4,7.056742607612327e-5,6.358305269619833e-6,2.0907996660574772e-7,0,0,1.4928902066196678e-4,4
14982,4.1506699995679685e-4,1.5892663946322376e-4,1.0870650944833908e-5,0,0,1.9917493773791448e-7,1.462658663256481e-4,4
14983,4.6437741194076506e-4,1.1754574088600702e-4,8.40937148562623e-6,4.1815993321149545e-7,0,0,1.4768767106140246e-4,4
14987,5.164021585293554e-4,7.736428864436176e-5,4.717452296814714e-6,2.0907996660574772e-7,0,0,1.4967324485928442e-4,4
14988,0,5.065661690563636e-4,3.240684621290108e-5,4.1815993321149545e-7,2.1877735400604307e-7,1.9917493773791448e-7,1.0796182549884402e-4,5
14990,4.0850735799562675e-4,1.669229483670338e-4,1.1485970809635827e-5,4.1815993321149545e-7,0,0,1.4683360927637696e-4,4
14992,3.852093193059537e-4,1.8791325923953503e-4,1.0870650944833908e-5,4.1815993321149545e-7,0,1.9917493773791448e-7,1.169221128722544e-4,5
14993,5.245451623432217e-4,7.216668785688526e-5,4.307239053613435e-6,2.0907996660574772e-7,0,0,1.5030704230508155e-4,4
14996,4.8292536507234946e-4,1.0575118525288727e-4,9.02469135042815e-6,2.0907996660574772e-7,0,0,1.4947758041056766e-4,4
15001,4.750085558088683e-4,1.1654620227303077e-4,7.178731756022392e-6,0,0,1.9917493773791448e-7,1.4973316619391484e-4,4
15010,4.731989994057869e-4,1.1894509494417377e-4,6.9736251344217525e-6,2.0907996660574772e-7,0,1.9917493773791448e-7,1.1990519487774522e-4,5
15012,4.082811634452416e-4,1.7292018004489129e-4,1.0460437701632629e-5,4.1815993321149545e-7,0,0,1.4801998528124425e-4,4
15013,4.693536920492389e-4,1.2234352622829303e-4,8.61447810722687e-6,2.0907996660574772e-7,0,0,1.5013019408784115e-4,4
15014,4.428889296541734e-4,1.4473319115896103e-4,9.84511783683071e-6,2.0907996660574772e-7,0,0,1.4941907965414274e-4,4
15018,4.284124784295222e-4,1.5892663946322376e-4,1.1280864188035187e-5,0,0,1.9917493773791448e-7,1.4970478925462977e-4,4
15020,4.7274661030501656e-4,1.2474241889943603e-4,7.5889449992236715e-6,2.0907996660574772e-7,0,0,1.513217635425705e-4,4
15021,4.7681811221194975e-4,1.2014454127974528e-4,8.81958472882751e-6,2.0907996660574772e-7,0,0,1.5149782954678207e-4,4
15023,4.946874816923785e-4,1.0715053931105402e-4,6.153198648019193e-6,0,0,1.9917493773791448e-7,0.00015204759864729741,4
15025,4.399484004991661e-4,1.5252959234017579e-4,1.005022445843135e-5,2.0907996660574772e-7,0,0,1.5068432431609475e-4,4
15027,4.772705013127201e-4,1.2254343395088827e-4,7.5889449992236715e-6,2.0907996660574772e-7,0,1.9917493773791448e-7,1.2156222703343514e-4,5
15029,4.5419865717343216e-4,1.41534667597437e-4,9.434904593629429e-6,4.1815993321149545e-7,0,0,1.5139659732442754e-4,4
15030,5.516885083894428e-4,6.077194766895601e-5,4.512345675214075e-6,2.0907996660574772e-7,0,0,1.5429547042505466e-4,4
15035,4.053406342902343e-4,1.8451482795541578e-4,1.1075757566434548e-5,4.1815993321149545e-7,0,0,1.5033734493632403e-4,4
15036,5.367596680640212e-4,7.456558052802827e-5,5.537878783217274e-6,2.0907996660574772e-7,0,0,1.5426805183546812e-4,4
15038,6.107252860399736e-6,4.797785342286001e-6,2.0510662160063976e-7,2.0907996660574772e-7,5.966058443744795e-4,0,1.2158501383307432e-4,5
15043,4.388174277472403e-4,1.5712746995986653e-4,1.2101290674437746e-5,4.1815993321149545e-7,0,0,1.52116087078689e-4,4
15045,4.069239961429305e-4,1.8411501251022527e-4,1.3742143647242865e-5,0,0,1.9917493773791448e-7,1.5124508180953416e-4,4
15046,4.503533498168842e-4,1.5073042283681853e-4,8.81958472882751e-6,2.0907996660574772e-7,0,0,1.52528109337284e-4,4
15049,4.860920887777419e-4,1.2234352622829303e-4,6.358305269619833e-6,2.0907996660574772e-7,0,0,1.5375075006056514e-4,4
15052,4.374602604449292e-4,1.6152543985696203e-4,1.0255331080031989e-5,2.0907996660574772e-7,0,1.9917493773791448e-7,1.2192985725725337e-4,5
15053,4.1099549804986366e-4,1.8431492023282054e-4,1.1075757566434548e-5,0,0,3.9834987547582895e-7,1.5169613143114864e-4,4
15054,4.833777541731198e-4,1.2334306484126928e-4,8.81958472882751e-6,4.1815993321149545e-7,0,0,1.5398964091910703e-4,4
15055,4.725204157546314e-4,1.3473780502919853e-4,7.383838377623032e-6,2.0907996660574772e-7,0,0,1.5371278478201468e-4,4
15059,4.1393602720487095e-4,1.8351528934243953e-4,1.3126823782440945e-5,2.0907996660574772e-7,0,0,1.526968050740893e-4,4
15060,4.512581280184249e-4,1.5532830045650927e-4,8.40937148562623e-6,2.0907996660574772e-7,0,0,1.5380121998179153e-4,4
15062,4.376864549953144e-4,1.6792248698001004e-4,8.40937148562623e-6,4.1815993321149545e-7,0,0,1.5360911834854055e-4,4
15064,4.1936469641411516e-4,1.813163043938918e-4,1.2306397296038386e-5,4.1815993321149545e-7,0,0,1.533513895093142e-4,4
15066,5.26128524195918e-4,9.315699872938652e-5,6.358305269619833e-6,2.0907996660574772e-7,2.1877735400604307e-7,0,1.252143371031072e-4,5
15068,4.435675133053289e-4,1.6572350203146227e-4,7.794051620824311e-6,2.0907996660574772e-7,0,0,1.5432353673105532e-4,4
15070,4.722942212042462e-4,1.4073503670705603e-4,7.999158242424951e-6,2.0907996660574772e-7,0,0,1.5530937403008323e-4,4
15072,5.286166642501549e-4,9.315699872938652e-5,6.358305269619833e-6,2.0907996660574772e-7,0,0,1.5708526205394173e-4,4
15076,5.118782675216519e-4,1.0994924742738751e-4,7.5889449992236715e-6,2.0907996660574772e-7,0,0,1.574063849787172e-4,4
15078,5.645815977613978e-4,6.976779518574226e-5,4.922558918415355e-6,2.0907996660574772e-7,0,0,1.598702579580403e-4,4
15081,3.709590626316876e-4,2.308934195975138e-4,1.5588103241648622e-5,2.0907996660574772e-7,0,0,1.5441241635936394e-4,4
15082,4.919731470877565e-4,1.3153928146767451e-4,7.999158242424951e-6,2.0907996660574772e-7,0,0,1.5793016669111542e-4,4
15085,4.8224678142119395e-4,1.4173457532003228e-4,9.229797972028789e-6,2.0907996660574772e-7,0,0,1.5835505866996518e-4,4
15086,4.6912749749885375e-4,1.5452866956612829e-4,8.20426486402559e-6,2.0907996660574772e-7,0,0,1.5801737797390336e-4,4
15087,4.5532962992535805e-4,1.629247939151288e-4,1.2101290674437746e-5,0,0,1.9917493773791448e-7,1.5763872236316563e-4,4
15090,4.899373961342899e-4,1.3833614403591302e-4,8.40937148562623e-6,4.1815993321149545e-7,0,0,1.5927526789726018e-4,4
15091,3.481134130427849e-4,2.592803162060393e-4,1.3537037025642226e-5,0,0,3.9834987547582895e-7,1.5533227903748558e-4,4
15092,4.26829116576826e-4,1.9111178280105902e-4,1.3742143647242865e-5,4.1815993321149545e-7,0,0,1.5802530073958485e-4,4
15094,4.664131628942317e-4,1.6172534757955727e-4,9.229797972028789e-6,0,0,1.9917493773791448e-7,1.593918708458889e-4,4
15096,4.594011318322912e-4,1.6712285608962903e-4,1.1075757566434548e-5,8.363198664229909e-7,0,0,1.5960901633869443e-4,4
15097,4.494485716153435e-4,1.7751805766458203e-4,1.0870650944833908e-5,0,0,1.9917493773791448e-7,1.5950911379062434e-4,4
15101,4.080549688948564e-4,2.141011708995128e-4,1.1896184052837106e-5,6.272398998172432e-7,0,0,1.5866989093675588e-4,4
15102,4.218528364683521e-4,2.0270643071158354e-4,1.1075757566434548e-5,6.272398998172432e-7,0,1.9917493773791448e-7,1.2729228791678507e-4,5
15105,3.9832860322829385e-4,2.2709517286820404e-4,1.0460437701632629e-5,4.1815993321149545e-7,2.1877735400604307e-7,0,1.2730423021706962e-4,5
15106,4.831515596227346e-4,1.5232968461758052e-4,1.0255331080031989e-5,4.1815993321149545e-7,0,1.9917493773791448e-7,1.292707820382593e-4,5
15107,4.437937078557141e-4,1.873135360717493e-4,1.1485970809635827e-5,2.0907996660574772e-7,0,0,1.6070057367592624e-4,4
15108,3.7299481358515424e-4,2.460864065147528e-4,1.681874297125246e-5,2.0907996660574772e-7,0,0,1.590272607594413e-4,4
15111,5.286166642501549e-4,1.1994463355715002e-4,9.229797972028789e-6,2.0907996660574772e-7,0,0,1.6450004393648486e-4,4
15114,4.731989994057869e-4,1.6732276381222427e-4,1.2921717160840305e-5,2.0907996660574772e-7,0,0,1.634131400863643e-4,4
15115,3.7797109369362805e-4,2.492849300762768e-4,1.5793209863249262e-5,4.1815993321149545e-7,0,0,1.608668483915914e-4,4
15116,4.7093705390193516e-4,1.7012147192855778e-4,1.2716610539239665e-5,6.272398998172432e-7,0,0,1.6360059406738745e-4,4
15118,0,5.683376553382958e-4,3.486812567210876e-5,4.1815993321149545e-7,0,1.9917493773791448e-7,1.509557789703385e-4,4
15119,5.279380805989994e-4,1.2674149612538853e-4,9.640011215230068e-6,2.0907996660574772e-7,0,0,1.6613216697655594e-4,4
15121,5.340453334593991e-4,1.2494232662203127e-4,7.383838377623032e-6,0,0,1.9917493773791448e-7,1.6664266834919784e-4,4
15122,5.349501116609398e-4,1.2374288028645978e-4,7.5889449992236715e-6,6.272398998172432e-7,0,0,1.6672729421161013e-4,4
15123,4.695798865996241e-4,1.8071658122610602e-4,9.229797972028789e-6,2.0907996660574772e-7,0,0,1.6493383644109117e-4,4
15127,4.580439645299802e-4,1.9111178280105902e-4,1.2511503917639025e-5,2.0907996660574772e-7,0,1.9917493773791448e-7,1.3241510123060437e-4,5
15128,4.937827034908379e-4,1.6272488619253352e-4,1.0665544323233268e-5,2.0907996660574772e-7,0,0,1.668455534933026e-4,4
15130,4.652821901423058e-4,1.8791325923953503e-4,1.1485970809635827e-5,2.0907996660574772e-7,0,0,1.662226250395206e-4,4
15133,3.23684401601186e-4,3.084576159644708e-4,1.8664702565658218e-5,2.0907996660574772e-7,0,0,1.627539500244802e-4,4
15134,5.225094113897552e-4,1.4393356026858002e-4,7.178731756022392e-6,4.1815993321149545e-7,0,0,1.6850996583689227e-4,4
15135,5.349501116609398e-4,1.3193909691286502e-4,9.02469135042815e-6,2.0907996660574772e-7,0,0,1.690307449727097e-4,4
15137,1.995035934397247e-4,4.124096317140008e-4,2.481790121367741e-5,1.0453998330287387e-6,0,0,1.5944413155010792e-4,4
15141,5.437716991259616e-4,1.2854066562874577e-4,8.81958472882751e-6,2.0907996660574772e-7,0,0,1.7033525736253517e-4,4
15146,5.385692244671026e-4,1.331385432484365e-4,1.2101290674437746e-5,2.0907996660574772e-7,0,0,1.7100453458914565e-4,4
15147,5.308786097540067e-4,1.435337448233895e-4,9.02469135042815e-6,0,2.1877735400604307e-7,0,1.7091395582045758e-4,4
15152,4.0850735799562675e-4,2.4948483779887206e-4,1.3537037025642226e-5,6.272398998172432e-7,0,3.9834987547582895e-7,1.3451096451908682e-4,5
15154,5.706888506217975e-4,1.1614638682784026e-4,6.563411891220472e-6,2.0907996660574772e-7,0,0,1.73401932326866e-4,4
15157,3.408751874304593e-4,3.132554013067568e-4,1.3947250268843505e-5,8.363198664229909e-7,0,0,1.6722853971812065e-4,4
15159,4.802110304677273e-4,1.355374359195795e-4,6.563411891220472e-6,4.1815993321149545e-7,0,0,1.556825095529347e-4,4
15164,4.824729759715791e-4,1.9590956814334503e-4,1.2511503917639025e-5,6.272398998172432e-7,0,0,1.728803219830951e-4,4
15168,4.657345792430761e-4,2.1430107862210803e-4,1.1280864188035187e-5,4.1815993321149545e-7,0,0,1.729336704966077e-4,4
15169,4.987589835993118e-4,1.857142742909873e-4,1.1485970809635827e-5,8.363198664229909e-7,0,0,1.7419888714158947e-4,4
15171,4.66865551995002e-4,2.121020936735603e-4,1.3947250268843505e-5,2.0907996660574772e-7,0,3.9834987547582895e-7,1.387044651558975e-4,5
15179,4.4741282066187695e-4,2.3609102038499029e-4,1.722895621445374e-5,6.272398998172432e-7,0,0,1.7534000929028456e-4,4
15181,5.231879950409107e-4,1.7491925727084379e-4,1.4972783376846703e-5,2.0907996660574772e-7,0,0,1.7832227891380174e-4,4
15182,4.729728048554017e-4,2.1889895624179877e-4,1.5588103241648622e-5,2.0907996660574772e-7,0,0,1.769172360763637e-4,4
15183,5.227356059401404e-4,1.7831768855496304e-4,1.2101290674437746e-5,0,2.1877735400604307e-7,0,1.783433406308868e-4,4
15184,4.392698168480106e-4,2.524834536378008e-4,1.2716610539239665e-5,2.0907996660574772e-7,0,0,1.761697402479142e-4,4
15185,5.064495983124077e-4,1.9510993725296402e-4,1.0460437701632629e-5,4.1815993321149545e-7,0,0,1.7810953330005396e-4,4
15187,5.032828746070153e-4,1.9930799942746428e-4,1.0255331080031989e-5,2.0907996660574772e-7,0,0,1.782638212702793e-4,4
15189,4.621154664369133e-4,0.00023409194315903779,1.3537037025642226e-5,6.272398998172432e-7,0,0,1.7759292163035265e-4,4
15191,0,6.233122790519896e-4,3.630387202331324e-5,4.1815993321149545e-7,0,1.9917493773791448e-7,1.6505837148656307e-4,4
15193,3.5625641685665125e-4,3.2664921872063853e-4,2.1125982024865897e-5,4.1815993321149545e-7,2.1877735400604307e-7,1.9917493773791448e-7,1.1747795497118519e-4,6
15194,4.551034353749729e-4,2.456865910695623e-4,1.681874297125246e-5,2.0907996660574772e-7,0,0,1.7945446234559834e-4,4
15197,4.8654447787851226e-4,2.3029369642972803e-4,1.3947250268843505e-5,2.0907996660574772e-7,0,0,1.8274862613592237e-4,4
15198,5.23640384141681e-4,2.0290633843417878e-4,1.1896184052837106e-5,6.272398998172432e-7,0,0,1.8476753663212853e-4,4
15205,5.469384228313541e-4,1.8591418201358253e-4,1.3742143647242865e-5,2.0907996660574772e-7,0,0,1.8670095711469632e-4,4
15207,4.3610309314261815e-4,2.7987081163335004e-4,1.80493827008563e-5,2.0907996660574772e-7,0,0,1.8355809186085755e-4,4
15209,7.649899694026632e-4,6.7968625682385014e-6,2.0510662160063976e-7,0,0,1.9917493773791448e-7,1.9304777838256005e-4,4
15215,4.116740817010192e-4,3.0945715457744705e-4,1.9074915808859497e-5,2.0907996660574772e-7,0,0,1.8510380801348288e-4,4
15220,5.489741737848207e-4,1.9650929131113077e-4,1.3331930404041584e-5,1.0453998330287387e-6,0,0,1.8996519883325544e-4,4
15221,4.7817527951426076e-4,2.608795779868013e-4,1.4972783376846703e-5,2.0907996660574772e-7,0,0,1.8855918021112863e-4,4
15225,7.344537051006645e-4,5.217591559736026e-5,3.0765993240095965e-6,2.0907996660574772e-7,0,0,1.9747882499716003e-4,4
15235,5.111996838704964e-4,2.460864065147528e-4,1.620342310645054e-5,2.0907996660574772e-7,0,0,1.9342464836457637e-4,4
15236,0,6.746885637589689e-4,4.1841750806530515e-5,2.0907996660574772e-7,0,1.9917493773791448e-7,1.7923464236746075e-4,4
15237,4.944612871419934e-4,2.6347837838053956e-4,1.640852972805118e-5,2.0907996660574772e-7,0,0,1.9363931880429748e-4,4
15238,7.559421873872561e-4,4.857757659064576e-5,2.4612794592076774e-6,4.1815993321149545e-7,0,0,2.0184980084258025e-4,4
15239,5.111996838704964e-4,2.516838227474198e-4,1.681874297125246e-5,0,2.1877735400604307e-7,0,1.9498025673579368e-4,4
15240,4.664131628942317e-4,2.888666591501363e-4,1.989534229526206e-5,2.0907996660574772e-7,0,0,1.9384606107655894e-4,4
15246,5.148187966766592e-4,2.5748114670268206e-4,1.4972783376846703e-5,2.0907996660574772e-7,0,0,1.9687045168069844e-4,4
15247,4.293172566310629e-4,3.276487573336148e-4,2.1125982024865897e-5,4.1815993321149545e-7,0,3.9834987547582895e-7,1.5578170115964618e-4,5
15248,5.05544820110867e-4,2.6507764016130153e-4,1.743406283605438e-5,2.0907996660574772e-7,0,0,1.9706640076870717e-4,4
15249,4.953660653435341e-4,2.7347376451030206e-4,1.80493827008563e-5,4.1815993321149545e-7,0,0,1.9682684312197598e-4,4
15251,3.775187045928577e-4,3.736275335305223e-4,2.3587261484073573e-5,2.0907996660574772e-7,0,0,1.9373564489351484e-4,4
15260,4.569129917780543e-4,3.168537403134713e-4,1.5998316484849902e-5,6.272398998172432e-7,0,1.9917493773791448e-7,1.5811829268278614e-4,5
15263,6.419401339931277e-4,1.6432414797329552e-4,7.999158242424951e-6,2.0907996660574772e-7,0,0,2.0361813004386348e-4,4
15265,3.732210081355394e-4,3.914193208414996e-4,2.2766834997671014e-5,2.0907996660574772e-7,0,0,1.9690406098532893e-4,4
15270,7.783354478753885e-4,6.077194766895601e-5,4.102132432012795e-6,2.0907996660574772e-7,0,0,2.1085465198574074e-4,4
15272,4.5713918632843946e-4,3.3224663495330555e-4,2.1125982024865897e-5,8.363198664229909e-7,0,0,2.0283703079325847e-4,4
15275,4.784014740646459e-4,3.208518947653763e-4,1.784427607925566e-5,2.0907996660574772e-7,0,0,2.0432668121897092e-4,4
15276,6.371900484350391e-4,1.8651390518136828e-4,1.1896184052837106e-5,2.0907996660574772e-7,0,0,2.0895230440896257e-4,4
15284,4.566867972276691e-4,3.464400832575683e-4,2.01004489168627e-5,6.272398998172432e-7,0,0,2.0596364232547935e-4,4
15289,8.258363034562753e-4,4.497923758393126e-5,2.0510662160063976e-6,2.0907996660574772e-7,0,0,2.182689218057047e-4,4
15291,5.179855203820517e-4,2.990619530024941e-4,2.1741301889667816e-5,2.0907996660574772e-7,0,0,2.0974946381020483e-4,4
15301,7.873832298907955e-4,9.095801378083877e-5,5.948092026418553e-6,2.0907996660574772e-7,0,0,2.2112460391616464e-4,4
15304,7.489301563253157e-4,1.2874057335134103e-4,9.434904593629429e-6,2.0907996660574772e-7,0,1.9917493773791448e-7,1.7750277783492598e-4,5
15311,5.073543765139484e-4,3.416422979152823e-4,2.030555553846334e-5,0,0,1.9917493773791448e-7,0.00021737535122635799,4
15317,4.924255361885268e-4,3.552360230517593e-4,2.6868967429683808e-5,6.272398998172432e-7,0,0,2.187894416424468e-4,4
15320,4.603059100338319e-4,3.846224582732611e-4,2.789450053768701e-5,2.0907996660574772e-7,2.1877735400604307e-7,1.9917493773791448e-7,1.4557498351718828e-4,6
15322,8.029906538673726e-4,1.0974933970479227e-4,7.178731756022392e-6,0,0,1.9917493773791448e-7,2.300294750664813e-4,4
15323,4.885802288319788e-4,3.744271644209033e-4,2.3382154862472934e-5,2.0907996660574772e-7,0,0,2.216496570204902e-4,4
15324,0,7.804397490118561e-4,5.00460156705561e-5,8.363198664229909e-7,0,1.9917493773791448e-7,2.0788031487164327e-4,4
15327,5.050924310100966e-4,3.652314091815218e-4,2.3587261484073573e-5,4.1815993321149545e-7,0,0,2.2358231540222588e-4,4
15330,4.7568713946002385e-4,3.920190440092853e-4,2.748428729448573e-5,8.363198664229909e-7,0,0,2.2400669765755449e-4,4
15335,8.290030271616678e-4,1.0994924742738751e-4,8.61447810722687e-6,2.0907996660574772e-7,0,0,2.36943958165722e-4,4
15336,3.786496773447836e-4,4.897739203583625e-4,2.809960715928765e-5,2.0907996660574772e-7,0,0,2.2418307120725987e-4,4
15337,6.213564299080768e-4,2.8986619776311253e-4,1.3742143647242865e-5,4.1815993321149545e-7,0,0,2.3134573281291093e-4,4
15340,9.00254310532998e-4,5.517453143628901e-5,2.8714927024089568e-6,2.0907996660574772e-7,0,0,2.3962735365957544e-4,4
15344,1.1535922069643944e-5,5.197600787476501e-5,3.897025810412156e-6,0,6.436429754857787e-4,1.9917493773791448e-7,1.4225022123566755e-4,5
15346,6.785836511555262e-7,7.996308903810002e-7,4.102132432012795e-7,0,1.0851356758699736e-4,0,2.760049884293379e-5,4
15351,4.6799652474692786e-4,4.2560354140528734e-4,2.768939391608637e-5,4.1815993321149545e-7,0,3.9834987547582895e-7,1.8442119397539777e-4,5
15353,8.093241012781576e-4,1.4453328343636576e-4,9.434904593629429e-6,0,0,1.9917493773791448e-7,2.4087286606147267e-4,4
15355,3.3589890732198545e-4,5.415500205105323e-4,3.445791242890748e-5,2.0907996660574772e-7,0,0,2.2802898005700774e-4,4
15357,1.1196630244066182e-4,2.1230200139615553e-4,1.4562570133645424e-5,4.1815993321149545e-7,6.053569385347212e-4,0,1.889211944876791e-4,5
15359,7.778830587746181e-4,1.8591418201358253e-4,1.1896184052837106e-5,2.0907996660574772e-7,0,0,2.439756262019109e-4,4
15360,5.892368037533819e-4,3.428417442508538e-4,2.1741301889667816e-5,4.1815993321149545e-7,0,0,2.3855950245677874e-4,4
15364,4.609844936849874e-4,4.5159154534266983e-4,3.568855215851132e-5,6.272398998172432e-7,0,0,2.3722295777149646e-4,4
15365,8.308125835647493e-4,1.505305151142233e-4,9.84511783683071e-6,2.0907996660574772e-7,0,0,2.4784932412060223e-4,4
15367,8.692656571302291e-4,1.2494232662203127e-4,5.7429854048179135e-6,2.0907996660574772e-7,0,1.9917493773791448e-7,2.0007184481228438e-4,5
15368,9.558981699277512e-4,5.077656153919351e-5,3.897025810412156e-6,0,0,1.9917493773791448e-7,2.526927330537737e-4,4
15369,6.188682898538399e-4,3.358449739600201e-4,1.722895621445374e-5,2.0907996660574772e-7,0,0,2.4303782499872985e-4,4
15370,7.991453465108246e-4,1.8411501251022527e-4,1.2716610539239665e-5,2.0907996660574772e-7,0,0,2.490465123817238e-4,4
15371,9.215165982692045e-4,8.236198170924301e-5,7.178731756022392e-6,0,0,1.9917493773791448e-7,2.5281412166805196e-4,4
15377,9.255881001761377e-4,9.975395357502976e-5,4.717452296814714e-6,2.0907996660574772e-7,0,0,2.57567146503647e-4,4
15382,7.907761481465731e-4,2.165000635706558e-4,1.2921717160840305e-5,2.0907996660574772e-7,0,0,2.551017522111687e-4,4
15383,8.848730811068062e-4,1.3613715908736528e-4,1.0255331080031989e-5,2.0907996660574772e-7,0,0,2.578686628102023e-4,4
15384,9.323739366876929e-4,9.975395357502976e-5,5.332772161616634e-6,2.0907996660574772e-7,0,0,2.594174355977363e-4,4
15385,9.043258124399312e-4,1.2194371078310252e-4,8.61447810722687e-6,2.0907996660574772e-7,0,0,2.587732703242166e-4,4
15386,5.001161509016228e-4,4.581885001883131e-4,3.056088661849532e-5,2.0907996660574772e-7,0,0,2.4726865441875923e-4,4
15387,2.97898222857276e-4,6.257111717231326e-4,4.245707067133243e-5,2.0907996660574772e-7,0,0,2.415688863045867e-4,4
15388,9.271714620288339e-4,1.0515146208510152e-4,7.383838377623032e-6,2.0907996660574772e-7,0,0,2.5997896061454105e-4,4
15393,3.349941291204448e-4,6.039212299602504e-4,3.794472499611836e-5,2.0907996660574772e-7,0,3.9834987547582895e-7,1.9549350278377903e-4,5
15394,5.756651307302714e-4,4.062124923135481e-4,2.481790121367741e-5,6.272398998172432e-7,0,0,2.5183069103932855e-4,4
15397,8.24026747053194e-4,2.1490080178989378e-4,1.5998316484849902e-5,2.0907996660574772e-7,0,0,2.6378373632363587e-4,4
15399,8.100026849293131e-4,2.304936041523233e-4,1.640852972805118e-5,6.272398998172432e-7,0,1.9917493773791448e-7,2.1154624672944854e-4,5
15400,8.839683029052654e-4,1.6972165648336727e-4,1.2306397296038386e-5,2.0907996660574772e-7,0,1.9917493773791448e-7,2.1328092231780293e-4,5
15403,9.088497034476348e-4,1.5292940778536626e-4,9.640011215230068e-6,2.0907996660574772e-7,0,1.9917493773791448e-7,2.1436547547051495e-4,5
15405,4.6844891384769825e-4,5.255574027029123e-4,3.240684621290108e-5,8.363198664229909e-7,0,1.9917493773791448e-7,2.054897315135345e-4,5
15408,4.184599182125745e-4,5.711363634546293e-4,3.671408526651452e-5,6.272398998172432e-7,2.1877735400604307e-7,0,2.0543127683750833e-4,5
15409,0.0010384591808183402,6.5569733011242e-5,4.307239053613435e-6,2.0907996660574772e-7,0,0,2.7713630821245034e-4,4
15410,8.810277737502581e-4,1.9830846081448803e-4,1.2716610539239665e-5,2.0907996660574772e-7,0,0,2.730654812676479e-4,4
15415,9.013852832849239e-4,1.8431492023282054e-4,1.1075757566434548e-5,2.0907996660574772e-7,0,0,2.742462602626962e-4,4
15416,4.431151242045586e-4,5.643395008863908e-4,3.9995791212124754e-5,0,0,1.9917493773791448e-7,2.61912397810203e-4,4
15417,9.380288004473224e-4,1.5812700857284278e-4,1.1485970809635827e-5,2.0907996660574772e-7,2.1877735400604307e-7,0,2.2161392743008255e-4,5
15418,9.758032903616466e-4,1.3013992740950776e-4,7.178731756022392e-6,2.0907996660574772e-7,0,1.9917493773791448e-7,2.2270604088630409e-4,5
15419,9.230999601219007e-4,1.7312008776748653e-4,1.0870650944833908e-5,6.272398998172432e-7,0,0,2.769294846835096e-4,4
15423,8.60217875114822e-4,2.3669074355277603e-4,1.5177889998447343e-5,2.0907996660574772e-7,0,0,2.780738971581628e-4,4
15424,0.0010135777802759709,1.3133937374507928e-4,7.5889449992236715e-6,0,0,1.9917493773791448e-7,2.8817631848950296e-4,4
15425,5.292952479013104e-4,5.429493745686991e-4,3.7739618374517714e-5,1.0453998330287387e-6,0,0,2.77757410169389e-4,4
15426,4.2411478197220385e-4,6.305089570654186e-4,4.368771040093627e-5,8.363198664229909e-7,0,1.9917493773791448e-7,2.1986938884854392e-4,5
15427,0.0010135777802759709,1.5153005372719954e-4,9.02469135042815e-6,4.1815993321149545e-7,0,0,2.936376713217025e-4,4
15428,4.2479336562335936e-4,6.461017594278481e-4,3.6508978644913876e-5,4.1815993321149545e-7,0,1.9917493773791448e-7,2.2160428771341416e-4,5
15430,8.416699219832377e-4,3.032600151769943e-4,2.1741301889667816e-5,2.0907996660574772e-7,0,0,2.917200797541264e-4,4
15431,6.855956822174667e-4,4.399968974321453e-4,2.4407687970476132e-5,2.0907996660574772e-7,2.1877735400604307e-7,0,2.3008562498813998e-4,5
15432,9.678864810981655e-4,2.0590495427310753e-4,1.3742143647242865e-5,2.0907996660574772e-7,0,0,2.969356647462804e-4,4
15433,0.0012094622609095328,1.7791787310977253e-5,1.640852972805118e-6,2.0907996660574772e-7,0,0,3.0727599528998024e-4,4
15435,8.993495323314574e-4,2.876672128145648e-4,1.620342310645054e-5,2.0907996660574772e-7,0,0,3.0085731205476963e-4,4
15436,0.0010479593519345176,1.7232045687710551e-4,1.0460437701632629e-5,2.0907996660574772e-7,0,1.9917493773791448e-7,2.4622970028351986e-4,5
15439,9.323739366876929e-4,2.840688738078503e-4,1.4767676755246064e-5,2.0907996660574772e-7,0,1.9917493773791448e-7,2.463237484310266e-4,5
15441,8.466462020917115e-4,3.712286408593793e-4,2.1946408511268456e-5,0,0,1.9917493773791448e-7,3.100051066000243e-4,4
15442,4.971756217466155e-4,6.668921625777541e-4,3.835493823931964e-5,8.363198664229909e-7,0,0,3.008147606075281e-4,4
15443,0.001123282137212781,1.4613254521712778e-4,7.794051620824311e-6,0,0,1.9917493773791448e-7,3.1935197724711775e-4,4
15446,9.018376723856943e-4,3.488389759287113e-4,2.1125982024865897e-5,2.0907996660574772e-7,0,3.9834987547582895e-7,2.5448201203627063e-4,5
15447,6.928339078297923e-4,5.263570335932934e-4,2.9945566753693407e-5,1.0453998330287387e-6,2.1877735400604307e-7,0,2.5008013707276277e-4,5
15449,9.391597731992482e-4,3.276487573336148e-4,1.948512905206078e-5,2.0907996660574772e-7,0,0,3.216256848878824e-4,4
15450,0.0011291631955227955,1.8691372062655878e-4,1.0665544323233268e-5,2.0907996660574772e-7,0,1.9917493773791448e-7,2.6543014307538627e-4,5
15451,0.0010540666047949173,2.5288326908299127e-4,1.5177889998447343e-5,2.0907996660574772e-7,0,0,3.305842109607404e-4,4
15452,9.402907459511741e-4,3.544363921613783e-4,2.2766834997671014e-5,6.272398998172432e-7,0,0,3.2953030325251015e-4,4
15453,9.088497034476348e-4,3.836229196602848e-4,2.481790121367741e-5,4.1815993321149545e-7,0,0,3.2942717106370213e-4,4
15454,4.424365405534031e-4,7.776410408955227e-4,4.7174522968147146e-5,6.272398998172432e-7,0,0,3.169698360792225e-4,4
15456,9.007066996337684e-4,4.1680760161109633e-4,2.2561728376070375e-5,8.363198664229909e-7,0,0,3.352280873718395e-4,4
15457,0.0012617132020485084,1.1414730960188776e-4,8.61447810722687e-6,2.0907996660574772e-7,0,1.9917493773791448e-7,2.7697664893239335e-4,5
15458,9.873392124312905e-4,3.4783943731573507e-4,2.502300783527805e-5,4.1815993321149545e-7,0,1.9917493773791448e-7,2.721637984906506e-4,5
15460,5.073543765139484e-4,7.538520219066879e-4,4.430303026573819e-5,4.1815993321149545e-7,0,1.9917493773791448e-7,2.6122535271146476e-4,5
15462,4.686751083980834e-4,8.050283988910719e-4,4.902048256255291e-5,1.6726397328459818e-6,0,1.9917493773791448e-7,2.6491916090445845e-4,5
15463,9.651721464935434e-4,4.1360907804957234e-4,2.4202581348875492e-5,4.1815993321149545e-7,0,1.9917493773791448e-7,2.807202281525881e-4,5
15464,0.0013110236140324765,1.3333845097103177e-4,6.768518512821113e-6,2.0907996660574772e-7,0,0,3.628349158707338e-4,4
15465,4.329363694372257e-4,8.604028380499562e-4,5.5994107696974656e-5,1.8817196994517296e-6,0,1.9917493773791448e-7,0.00027028284196426924,5
15466,8.624798206186738e-4,5.117637698438401e-4,3.466301905050812e-5,4.1815993321149545e-7,0,0,3.523311923615584e-4,4
15468,5.039614582581708e-4,8.514069905331699e-4,5.332772161616634e-5,1.2544797996344864e-6,0,0,3.5248766255178537e-4,4
15469,3.1305325773308275e-4,0.0010043363983185361,6.932603810101625e-5,1.0453998330287387e-6,0,3.9834987547582895e-7,2.7763188877222793e-4,5
15470,0.0013705127807837776,1.6792248698001004e-4,9.434904593629429e-6,2.0907996660574772e-7,0,0,3.8701981308100574e-4,4
15471,0.001380012951899955,1.7391971865786754e-4,1.1280864188035187e-5,2.0907996660574772e-7,0,0,3.913556536781159e-4,4
15472,9.242309328738266e-4,5.609410696022716e-4,3.240684621290108e-5,4.1815993321149545e-7,0,0,3.7949925215555267e-4,4
15474,9.482075552146552e-4,5.941257515530831e-4,3.856004486092027e-5,2.0907996660574772e-7,0,0,3.952756078988161e-4,4
15475,0.001071483585174576,5.147623856827688e-4,2.727918067288509e-5,2.0907996660574772e-7,2.1877735400604307e-7,0,3.227906017701683e-4,5
15476,7.55715992836871e-4,7.716438092176651e-4,5.455836134577018e-5,1.0453998330287387e-6,0,0,3.957408908083338e-4,4
15477,3.974238250267532e-4,0.0011022911823902087,7.035157120901945e-5,6.272398998172432e-7,0,0,3.9267345463144963e-4,4
15478,9.341834930907744e-4,6.550976069446344e-4,4.348260377933563e-5,6.272398998172432e-7,0,0,4.0834773592864044e-4,4
15479,0.001207200315405681,4.5858831563350355e-4,3.1996632969699803e-5,0,0,1.9917493773791448e-7,4.244961097366556e-4,4
15480,9.129212053545679e-4,7.384591272668536e-4,4.9430695805754186e-5,4.1815993321149545e-7,2.1877735400604307e-7,0,3.4028959314287864e-4,5
15481,7.821807552319365e-4,8.677994237859804e-4,5.7224747426578494e-5,8.363198664229909e-7,0,5.975248132137434e-7,3.417277542248264e-4,5
15483,7.959786228054321e-4,0.0010932953348734224,7.158221093862328e-5,4.1815993321149545e-7,0,5.975248132137434e-7,3.9237437067278063e-4,5
15484,0.0014591810445347664,5.507457757499138e-4,3.40476991857062e-5,8.363198664229909e-7,0,0,5.112027098342024e-4,4
15485,0.0016442081867498399,4.104105544880483e-4,2.461279459207677e-5,2.0907996660574772e-7,0,0,5.198601539491426e-4,4
15487,0.0015148249039295197,6.191142168774893e-4,4.061111107692668e-5,6.272398998172432e-7,0,0,5.437943679459383e-4,4
15488,0.001685375594919942,5.039673686626253e-4,3.3022166077703005e-5,2.0907996660574772e-7,0,0,5.55643552406719e-4,4
15489,0.001474336079410573,6.948792437410891e-4,4.430303026573819e-5,2.0907996660574772e-7,0,0,5.534318583460015e-4,4
15490,0.0013666674734272297,7.932338432579521e-4,5.435325472416954e-5,6.272398998172432e-7,0,0,5.537204528272922e-4,4
15491,8.47324785742867e-4,0.0013587727904799144,9.229797972028789e-5,1.0453998330287387e-6,0,3.9834987547582895e-7,4.5996786113031477e-4,5
15492,0.002018560167637305,6.077194766895601e-4,3.9175364725722196e-5,8.363198664229909e-7,0,0,6.665728322297526e-4,4
15493,0.001958844806335619,7.986313517680238e-4,5.1071548778559304e-5,4.1815993321149545e-7,0,0,7.022414667038533e-4,4
15494,0.0015082652619683495,0.001202444951410429,7.383838377623031e-5,6.272398998172432e-7,0,0,6.962939592637065e-4,4
15495,0.0013121545867844024,0.0014341380018983237,9.106733999068406e-5,8.363198664229909e-7,0,3.9834987547582895e-7,5.677189196830617e-4,5
15496,0.0020803112798924582,8.767952713027667e-4,6.112177323699064e-5,8.363198664229909e-7,0,0,7.547661610746596e-4,4
15500,0.002550795944693623,6.281100643942756e-4,4.1431537563329235e-5,6.272398998172432e-7,0,1.9917493773791448e-7,6.442327922977566e-4,5
15501,0.0010063395546636453,0.0022059817188385842,1.3885718282363312e-4,3.763439398903459e-6,0,7.966997509516579e-7,6.711477190951435e-4,5
15502,0.002023536447745779,0.0013835613480817255,9.516947242269685e-5,1.6726397328459818e-6,0,0,8.759849769957619e-4,4
15503,0.0016865065676718678,0.0017290018927263175,1.1280864188035187e-4,2.0907996660574772e-7,0,3.9834987547582895e-7,7.057849064241238e-4,5
15504,0.0026754291419558546,0.0012484237276073364,8.983670026108021e-5,1.2544797996344864e-6,0,1.9917493773791448e-7,8.030286449123287e-4,5
15505,3.8453073565479815e-6,4.198062174500251e-6,2.0510662160063976e-7,0,6.427678660697546e-4,0,1.6275408555560086e-4,4
15506,7.44180070767227e-5,2.8386896608525505e-5,2.0510662160063976e-6,2.0907996660574772e-7,0.0011002313132963907,3.9834987547582895e-7,2.0094911883995447e-4,6
15507,0.0026044040531349095,0.0014989081040191847,1.0193799093551796e-4,1.4635597662402342e-6,0,1.9917493773791448e-7,8.413825765587181e-4,5
15508,0.0027489423708310363,0.0014937105032317083,9.455415255789494e-5,1.4635597662402342e-6,0,9.958746886895722e-7,8.679332922151139e-4,5
15509,0.002697822402443987,0.0017751805766458202,1.160903478259621e-4,1.4635597662402342e-6,0,0,0.0011476392216705023,4
15510,2.4881400542369294e-4,1.9950790715005952e-4,1.4562570133645424e-5,0,0.0045085637113565355,0,0.0012428620485159833,4
15511,0.00293396951304611,0.0019491002953036878,1.2285886633878323e-4,2.0907996660574773e-6,0,1.9917493773791448e-7,0.0010016437298584753,5
15513,0.003056566959354875,0.0023844993151161424,1.5895763174049582e-4,2.7180395658747207e-6,0,1.9917493773791448e-7,0.0011205882241430252,5
15514,1.422763721922753e-4,7.79640118121475e-5,7.5889449992236715e-6,2.0907996660574772e-7,0.006847731180389148,3.9834987547582895e-7,0.0011793613232058127,6
15518,0,5.529447606984616e-4,0.009645343987391686,7.3177988312011705e-6,0,1.9917493773791448e-7,0.0025514514304647716,4
15520,2.261945503851754e-7,4.757803797766951e-5,0.012010018227825462,8.990438564047153e-6,0,0,0.0030167032247293913,4
15521,0,7.396585736024251e-6,0.012211843143480491,1.0872158263498883e-5,0,1.9917493773791448e-7,0.003057577765604438,4
15522,0,6.137167083674177e-5,0.01257098483790321,1.0663078296893135e-5,0,1.9917493773791448e-7,0.003160804690493646,4
15525,2.261945503851754e-7,6.796862568238501e-5,0.015909095104453624,1.3381117862767854e-5,0,0,0.003997667760637291,4
15526,4.10090719848323e-4,9.395662961976751e-6,0.015773314520954,1.4844677629008089e-5,0,0,0.004051911395348327,4
15527,1.5833618526962277e-6,1.2594186523500751e-5,0.01636648287062305,1.2335718029739117e-5,0,0,0.004098249034257247,4
15530,2.3637330515250828e-4,3.2465014149468603e-4,0.016258801894282714,1.5890077462036828e-5,0,1.9917493773791448e-7,0.0033671829186659365,5
15531,2.261945503851754e-7,1.4793171472048502e-5,0.016796591456119593,1.6308237395248323e-5,0,1.9917493773791448e-7,0.0033656236468950027,5
15535,0,1.6012608579879528e-4,0.01707102411582125,1.9026276961123043e-5,0,1.9917493773791448e-7,0.004312593913379726,4
15536,0,2.0530523110532178e-4,0.0172484413435058,1.5890077462036828e-5,0,1.9917493773791448e-7,0.004367458956752724,4
15538,4.523891007703508e-7,7.07673337987185e-5,0.017655783094004673,1.756271719488281e-5,0,0,0.004436141383524762,4
15540,2.261945503851754e-7,1.55928023624295e-4,0.017808587527097148,1.6517317361854073e-5,0,0,0.004495314765658421,4
15541,2.261945503851754e-7,1.2994001968691252e-5,0.01799174774018652,1.5262837562219586e-5,0,0,0.004505057693566954,4
15546,0,1.5732737768246177e-4,0.0185301526218882,1.8608117027911547e-5,2.1877735400604307e-7,0,0.004676576723488144,4
15547,0.0023454112929438835,3.028601997318038e-4,0.016320744094006107,1.5262837562219586e-5,0,1.9917493773791448e-7,0.0037968955198363504,5
15549,3.4607766208931835e-4,1.4593263749453253e-5,0.018573019905802735,1.2962957929556359e-5,0,0,0.0047366634473927655,4
15551,4.141622217552561e-4,1.9111178280105902e-4,0.018397243531090984,2.5507755925901222e-5,2.1877735400604307e-7,1.9917493773791448e-7,0.003171407207310824,6
15552,4.50127155266499e-4,1.6192525530215252e-5,0.018923752228739828,1.5890077462036828e-5,0,0,0.004851490496749645,4
15554,2.261945503851754e-7,1.3793632859072252e-5,0.020296325740491308,2.216247646020926e-5,0,0,0.005083127011090244,4
15561,2.261945503851754e-7,1.3673688225515103e-4,0.02401962624240772,2.0907996660574774e-5,0,1.9917493773791448e-7,0.004835539298162314,5
15562,0,1.981085530918928e-4,0.023955632976468324,2.7180395658747204e-5,2.1877735400604307e-7,1.9917493773791448e-7,0.004836267975502142,5
15564,5.329143607074732e-4,2.4988465324406254e-5,0.02940818740509973,3.24073948238909e-5,0,0,0.007499624406488875,4
15566,4.770443067623349e-4,8.675995160633852e-5,0.03720839222457206,3.2825554757102396e-5,0,0,0.00945125550942446,4
15567,0,9.895432268464876e-5,0.03846795198782159,3.9097953755274826e-5,2.1877735400604307e-7,0,0.00965155576040388,4
15568,0.002117407186155627,0.0014701213919654688,1.1096268228594611e-4,3.5543594322977114e-6,0.04384845117666118,4.9793734434478615e-6,0.007925912694990662,6
15569,0,2.8386896608525505e-5,0.042466915789169266,3.8261633888851835e-5,0,1.9917493773791448e-7,0.010633440873651095,4
15571,3.996857705306049e-4,1.1834537177638802e-4,7.999158242424951e-6,2.0907996660574772e-7,0.09030910396015451,3.7843238170203748e-6,0.015139854610747926,6
15572,0,5.617407004926526e-5,4.307239053613435e-6,0,0.0914419330991978,7.767822571778665e-6,0.022877545557718117,4
15574,3.5874455691088815e-4,3.4504072919940156e-4,2.1331088646466537e-5,0.10549715138999498,0,0,0.026555566941187932,4
15575,2.261945503851754e-7,1.9990772259525004e-7,1.845959594405758e-6,0.1085936256954261,0,0,0.027148974439323372,4
15576,0,3.998154451905001e-5,3.281705945610236e-6,2.0907996660574772e-7,1.3126641240362583e-6,0.10485903194606662,0.020980763388124383,5
15577,0,1.9990772259525004e-7,2.0510662160063976e-7,2.0907996660574772e-7,1.9689961860543876e-6,0.11109440254688976,0.022219397127477326,5
15578,4.523891007703508e-7,0,0,2.0907996660574772e-7,0.13702025681398478,6.771947883089091e-6,0.03425692255773381,4
15579,0,1.0834998564662552e-4,5.332772161616634e-6,2.0907996660574772e-7,0.1369274952158862,7.1702977585649205e-6,0.027409711470283923,5
15580,2.261945503851754e-7,0,2.0510662160063976e-7,4.1815993321149545e-7,1.5314414780423014e-6,0.12625320870824697,0.02525111792216604,5
15581,2.261945503851754e-7,5.997231677857501e-7,4.102132432012795e-7,0,1.0938867700302152e-6,0.12954079023054899,0.025908624049656076,5
15583,0,1.8191602756167753e-4,9.229797972028789e-6,0,0.16656438825366884,7.1702977585649205e-6,0.04169067609424028,4
15584,0,5.557434688147951e-5,3.897025810412156e-6,1.2544797996344864e-6,3.281660310090646e-6,0.24245664758305197,0.04850413101917072,5
15585,9.047782015407016e-7,6.836844112757551e-5,5.332772161616634e-6,0,5.906988558163163e-6,0.28331559348554547,0.05667922129311887,5
15587,2.261945503851754e-7,2.0650467744089327e-4,1.948512905206078e-5,0.4434282925756331,2.1877735400604307e-7,0,0.0887309454708061,5
